-- phpMyAdmin SQL Dump
-- version 5.2.0
-- https://www.phpmyadmin.net/
--
-- Servidor: 127.0.0.1
-- Tiempo de generación: 15-10-2022 a las 17:12:47
-- Versión del servidor: 10.4.24-MariaDB
-- Versión de PHP: 8.1.6

SET SQL_MODE = "NO_AUTO_VALUE_ON_ZERO";
START TRANSACTION;
SET time_zone = "+00:00";


/*!40101 SET @OLD_CHARACTER_SET_CLIENT=@@CHARACTER_SET_CLIENT */;
/*!40101 SET @OLD_CHARACTER_SET_RESULTS=@@CHARACTER_SET_RESULTS */;
/*!40101 SET @OLD_COLLATION_CONNECTION=@@COLLATION_CONNECTION */;
/*!40101 SET NAMES utf8mb4 */;

--
-- Base de datos: `gecco`
--

-- --------------------------------------------------------

--
-- Estructura de tabla para la tabla `accesos`
--

CREATE TABLE `accesos` (
  `id` bigint(20) NOT NULL,
  `id_modulo` bigint(20) NOT NULL,
  `id_rol` bigint(20) NOT NULL
) ENGINE=InnoDB DEFAULT CHARSET=utf8mb4;

--
-- Volcado de datos para la tabla `accesos`
--

INSERT INTO `accesos` (`id`, `id_modulo`, `id_rol`) VALUES
(44, 1, 1),
(45, 12, 1),
(46, 4, 1),
(47, 3, 1),
(49, 7, 1),
(51, 13, 1),
(52, 6, 1),
(53, 10, 1),
(54, 11, 1),
(55, 14, 1),
(59, 20, 1),
(61, 19, 1),
(64, 15, 1),
(68, 18, 1),
(69, 16, 1),
(70, 17, 1),
(74, 2, 1),
(104, 28, 1),
(127, 23, 6),
(129, 5, 1),
(133, 32, 8),
(134, 30, 9),
(135, 29, 9),
(136, 23, 10),
(137, 24, 11),
(138, 32, 12),
(140, 39, 7),
(141, 38, 1),
(142, 40, 1),
(143, 41, 1),
(145, 39, 14),
(146, 41, 9),
(149, 33, 1),
(157, 22, 10),
(158, 31, 10),
(159, 38, 13),
(160, 42, 13),
(161, 43, 13),
(162, 44, 13),
(163, 45, 13),
(164, 46, 13),
(165, 47, 13),
(166, 49, 1),
(167, 50, 1),
(168, 51, 1),
(169, 52, 1),
(170, 53, 1),
(171, 54, 1),
(172, 55, 1),
(173, 56, 1),
(174, 57, 1),
(175, 22, 1),
(176, 59, 1),
(179, 23, 1);

-- --------------------------------------------------------

--
-- Estructura de tabla para la tabla `archivo_solicitud`
--

CREATE TABLE `archivo_solicitud` (
  `id` bigint(20) NOT NULL,
  `nombre_archivo` varchar(250) NOT NULL,
  `id_solicitudsc` bigint(20) NOT NULL
) ENGINE=InnoDB DEFAULT CHARSET=utf8mb4;

--
-- Volcado de datos para la tabla `archivo_solicitud`
--

INSERT INTO `archivo_solicitud` (`id`, `nombre_archivo`, `id_solicitudsc`) VALUES
(170, 'solicitudesPQRS (31).xlsx', 128),
(171, 'Captura de pantalla 2022-09-09 132250.png', 129),
(172, 'DELINEADOR-EN-PINCEL-TRENDY-ELEPHANT-REF-ELE1-3 - copia - copia.jpg', 129),
(173, 'Rosa Pastelería Unicornio Catálogo Delicado Simple Flyer.pdf', 130);

-- --------------------------------------------------------

--
-- Estructura de tabla para la tabla `area`
--

CREATE TABLE `area` (
  `id` bigint(20) NOT NULL,
  `descripcion` varchar(250) NOT NULL
) ENGINE=InnoDB DEFAULT CHARSET=utf8mb4;

--
-- Volcado de datos para la tabla `area`
--

INSERT INTO `area` (`id`, `descripcion`) VALUES
(1, 'Juridica'),
(2, 'Auxiliar de Cumplimiento'),
(3, 'Servicio al Cliente'),
(8, 'sasas');

-- --------------------------------------------------------

--
-- Estructura de tabla para la tabla `articulos`
--

CREATE TABLE `articulos` (
  `id` bigint(20) NOT NULL,
  `descripcion` varchar(250) NOT NULL,
  `id_estado` bigint(20) NOT NULL,
  `id_categoria` bigint(20) NOT NULL
) ENGINE=InnoDB DEFAULT CHARSET=utf8mb4;

--
-- Volcado de datos para la tabla `articulos`
--

INSERT INTO `articulos` (`id`, `descripcion`, `id_estado`, `id_categoria`) VALUES
(1, 'Lapiceros', 27, 1),
(2, 'Borrador', 26, 1),
(3, 'Lapices', 26, 1),
(4, 'Sacapuntas', 26, 1),
(5, 'Corrector ', 26, 1),
(6, 'Regla', 26, 1),
(7, 'Resaltado', 26, 1),
(9, 'Alcohol', 26, 1),
(19, 'Auricular', 26, 5),
(22, 'alcohol', 27, 1),
(23, 'dsfds', 27, 1),
(27, 'AlcoHol', 27, 5),
(28, 'dsfgsd', 27, 1),
(29, 'reGlA', 27, 1),
(31, 'Tijeras', 26, 1),
(33, 'Pelotas', 26, 1),
(46, 'Camara', 26, 5),
(47, 'Teclado', 26, 5),
(48, 'Carpeta', 27, 1),
(49, 'Cucharas', 27, 1),
(50, 'Ganchos', 26, 1),
(51, 'Cinta', 26, 1),
(52, 'Caneca de Basura', 26, 1),
(53, 'Tapa de Lapicero', 26, 1),
(54, 'Taja Lapiz', 26, 1);

-- --------------------------------------------------------

--
-- Estructura de tabla para la tabla `articulos_baja`
--

CREATE TABLE `articulos_baja` (
  `id` bigint(20) NOT NULL,
  `observacion` varchar(550) NOT NULL,
  `id_detalle_articulo` bigint(20) NOT NULL,
  `id_opcion_baja` bigint(20) NOT NULL,
  `id_solicitud_baja` bigint(20) NOT NULL,
  `id_estado` bigint(20) NOT NULL
) ENGINE=InnoDB DEFAULT CHARSET=utf8mb4;

--
-- Volcado de datos para la tabla `articulos_baja`
--

INSERT INTO `articulos_baja` (`id`, `observacion`, `id_detalle_articulo`, `id_opcion_baja`, `id_solicitud_baja`, `id_estado`) VALUES
(5, 'Se solicita dar de baja porque se daño alñ momento de reinicar', 42, 1, 4, 83),
(6, 'porque se dalño con mi mami', 45, 2, 4, 82),
(7, 'con mi hermanis', 44, 1, 4, 84),
(8, 'SOlicito para mi mama', 47, 2, 5, 84),
(9, 'Solicitio por previos casoso', 46, 1, 5, 82);

-- --------------------------------------------------------

--
-- Estructura de tabla para la tabla `asignaciones_articulos`
--

CREATE TABLE `asignaciones_articulos` (
  `id` bigint(20) NOT NULL,
  `id_asignaciones_procesos` bigint(20) NOT NULL,
  `id_detalle_articulo` bigint(20) NOT NULL,
  `id_estado` bigint(20) NOT NULL
) ENGINE=InnoDB DEFAULT CHARSET=utf8mb4;

--
-- Volcado de datos para la tabla `asignaciones_articulos`
--

INSERT INTO `asignaciones_articulos` (`id`, `id_asignaciones_procesos`, `id_detalle_articulo`, `id_estado`) VALUES
(1, 1, 41, 79),
(2, 1, 42, 76),
(3, 2, 41, 76),
(4, 2, 42, 77),
(5, 1, 43, 76),
(6, 1, 44, 76),
(7, 1, 45, 76),
(8, 2, 44, 77),
(9, 4, 43, 79),
(10, 1, 46, 76),
(11, 1, 47, 76);

-- --------------------------------------------------------

--
-- Estructura de tabla para la tabla `asignaciones_procesos`
--

CREATE TABLE `asignaciones_procesos` (
  `id` bigint(20) NOT NULL,
  `id_tipos_procesos` bigint(20) NOT NULL,
  `id_usuario` bigint(20) NOT NULL
) ENGINE=InnoDB DEFAULT CHARSET=utf8mb4;

--
-- Volcado de datos para la tabla `asignaciones_procesos`
--

INSERT INTO `asignaciones_procesos` (`id`, `id_tipos_procesos`, `id_usuario`) VALUES
(1, 2, 35),
(2, 1, 32),
(3, 2, 27),
(4, 1, 33),
(5, 2, 9);

-- --------------------------------------------------------

--
-- Estructura de tabla para la tabla `asignacion_punto_venta_articulo`
--

CREATE TABLE `asignacion_punto_venta_articulo` (
  `id` bigint(20) NOT NULL,
  `id_oficina` int(11) NOT NULL,
  `id_sitio_venta` int(11) NOT NULL,
  `id_asignaciones_articulos` bigint(20) NOT NULL,
  `cantidad` int(11) NOT NULL,
  `nombre_oficina` varchar(60) NOT NULL,
  `nombre_sitio_venta` varchar(60) NOT NULL
) ENGINE=InnoDB DEFAULT CHARSET=utf8mb4;

--
-- Volcado de datos para la tabla `asignacion_punto_venta_articulo`
--

INSERT INTO `asignacion_punto_venta_articulo` (`id`, `id_oficina`, `id_sitio_venta`, `id_asignaciones_articulos`, `cantidad`, `nombre_oficina`, `nombre_sitio_venta`) VALUES
(8, 1, 1001, 3, 0, 'OFICINA PPAL NEIVA CENTRO SUR', 'OFICINA PPAL NEIVA'),
(9, 10, 10001, 2, 0, 'AIPE OFICINA PRINCIPAL', 'AIPE OFICINA PRINCIPAL'),
(11, 11, 11001, 5, 0, 'RIVERA OFICINA PRINCIPAL', 'RIVERA OFICINA PRINCIPAL');

-- --------------------------------------------------------

--
-- Estructura de tabla para la tabla `asignacion_usuarios_pqrs`
--

CREATE TABLE `asignacion_usuarios_pqrs` (
  `id` bigint(20) NOT NULL,
  `id_usuario` bigint(20) NOT NULL,
  `id_area` bigint(20) NOT NULL
) ENGINE=InnoDB DEFAULT CHARSET=utf8mb4;

--
-- Volcado de datos para la tabla `asignacion_usuarios_pqrs`
--

INSERT INTO `asignacion_usuarios_pqrs` (`id`, `id_usuario`, `id_area`) VALUES
(5, 32, 2),
(6, 28, 3);

-- --------------------------------------------------------

--
-- Estructura de tabla para la tabla `asignar_turno`
--

CREATE TABLE `asignar_turno` (
  `id` bigint(20) NOT NULL,
  `id_estado` bigint(20) NOT NULL,
  `id_turnos` bigint(20) NOT NULL,
  `id_oficina` int(11) NOT NULL,
  `id_sitio_venta` int(11) NOT NULL,
  `nombre_oficina` varchar(60) NOT NULL,
  `nombre_sitio_venta` varchar(60) NOT NULL,
  `porcentaje` int(11) NOT NULL
) ENGINE=InnoDB DEFAULT CHARSET=utf8mb4;

--
-- Volcado de datos para la tabla `asignar_turno`
--

INSERT INTO `asignar_turno` (`id`, `id_estado`, `id_turnos`, `id_oficina`, `id_sitio_venta`, `nombre_oficina`, `nombre_sitio_venta`, `porcentaje`) VALUES
(2, 13, 2, 25, 25002, 'OFICINA PPAL CAMPOALEGRE', 'SAN ISIDRO', 0),
(3, 13, 3, 32, 32001, 'OFICINA PRINCIPAL GARZON', 'GARZON OFICINA PRINCIPAL', 0),
(4, 13, 4, 32, 32001, 'OFICINA PRINCIPAL GARZON', 'GARZON OFICINA PRINCIPAL', 0),
(5, 13, 5, 32, 32001, 'OFICINA PRINCIPAL GARZON', 'GARZON OFICINA PRINCIPAL', 0),
(6, 13, 6, 32, 32004, 'OFICINA PRINCIPAL GARZON', 'COLACHO', 0),
(7, 13, 6, 32, 32002, 'OFICINA PRINCIPAL GARZON', 'BINGO LA NOVENA', 0),
(8, 13, 7, 32, 32005, 'OFICINA PRINCIPAL GARZON', 'COMCEL', 0),
(9, 13, 8, 32, 32035, 'OFICINA PRINCIPAL GARZON', 'GUADUALES', 0),
(10, 13, 8, 32, 32017, 'OFICINA PRINCIPAL GARZON', 'LIMONAR', 0),
(11, 13, 9, 32, 32001, 'OFICINA PRINCIPAL GARZON', 'GARZON OFICINA PRINCIPAL', 0),
(12, 13, 7, 32, 32001, 'OFICINA PRINCIPAL GARZON', 'GARZON OFICINA PRINCIPAL', 0),
(13, 13, 10, 32, 32004, 'OFICINA PRINCIPAL GARZON', 'COLACHO', 0),
(14, 13, 10, 32, 32002, 'OFICINA PRINCIPAL GARZON', 'BINGO LA NOVENA', 0),
(15, 13, 11, 32, 32002, 'OFICINA PRINCIPAL GARZON', 'BINGO LA NOVENA', 0),
(16, 13, 12, 32, 32035, 'OFICINA PRINCIPAL GARZON', 'GUADUALES', 0),
(17, 13, 13, 32, 32005, 'OFICINA PRINCIPAL GARZON', 'COMCEL', 0),
(18, 13, 14, 32, 32007, 'OFICINA PRINCIPAL GARZON', 'HOSPITAL', 10),
(19, 13, 15, 32, 32007, 'OFICINA PRINCIPAL GARZON', 'HOSPITAL', 10),
(20, 13, 16, 32, 32007, 'OFICINA PRINCIPAL GARZON', 'HOSPITAL', 40),
(23, 13, 13, 32, 32019, 'OFICINA PRINCIPAL GARZON', 'LA JAGUA', 0),
(24, 13, 8, 32, 32019, 'OFICINA PRINCIPAL GARZON', 'LA JAGUA', 0),
(25, 13, 17, 32, 32020, 'OFICINA PRINCIPAL GARZON', 'MINUTO DE DIOS', 0),
(26, 13, 12, 32, 32020, 'OFICINA PRINCIPAL GARZON', 'MINUTO DE DIOS', 0),
(27, 13, 8, 32, 32025, 'OFICINA PRINCIPAL GARZON', 'SEMINARIO MAYOR', 0),
(28, 13, 2, 32, 32025, 'OFICINA PRINCIPAL GARZON', 'SEMINARIO MAYOR', 0),
(29, 13, 12, 32, 32023, 'OFICINA PRINCIPAL GARZON', 'SENA', 0),
(30, 13, 8, 32, 32023, 'OFICINA PRINCIPAL GARZON', 'SENA', 0),
(31, 13, 12, 32, 32008, 'OFICINA PRINCIPAL GARZON', 'LAS MERCEDES', 0),
(32, 13, 8, 32, 32008, 'OFICINA PRINCIPAL GARZON', 'LAS MERCEDES', 0),
(33, 13, 7, 32, 32006, 'OFICINA PRINCIPAL GARZON', 'GALERIA', 0),
(34, 13, 5, 32, 32006, 'OFICINA PRINCIPAL GARZON', 'GALERIA', 0),
(35, 13, 18, 32, 32001, 'OFICINA PRINCIPAL GARZON', 'GARZON OFICINA PRINCIPAL', 0),
(36, 13, 20, 35, 35001, 'OFICINA GIGANTE', 'PRINCIPAL COAGROHUILA', 0),
(37, 13, 19, 35, 35001, 'OFICINA GIGANTE', 'PRINCIPAL COAGROHUILA', 0),
(38, 13, 18, 35, 35001, 'OFICINA GIGANTE', 'PRINCIPAL COAGROHUILA', 0),
(39, 13, 10, 35, 35001, 'OFICINA GIGANTE', 'PRINCIPAL COAGROHUILA', 0),
(40, 13, 21, 35, 35001, 'OFICINA GIGANTE', 'PRINCIPAL COAGROHUILA', 0),
(41, 13, 12, 32, 32017, 'OFICINA PRINCIPAL GARZON', 'LIMONAR', 0),
(42, 13, 22, 32, 32020, 'OFICINA PRINCIPAL GARZON', 'MINUTO DE DIOS', 0),
(43, 13, 10, 32, 32001, 'OFICINA PRINCIPAL GARZON', 'GARZON OFICINA PRINCIPAL', 0),
(44, 13, 7, 35, 35002, 'OFICINA GIGANTE', 'OFICINA PRINCIPAL-GALERIA', 0),
(45, 13, 13, 35, 35002, 'OFICINA GIGANTE', 'OFICINA PRINCIPAL-GALERIA', 0),
(46, 13, 8, 35, 35003, 'OFICINA GIGANTE', '8 DE MAYO', 0),
(47, 13, 13, 35, 35003, 'OFICINA GIGANTE', '8 DE MAYO', 0),
(48, 13, 2, 35, 35004, 'OFICINA GIGANTE', 'PUENTE PEATONAL', 0),
(49, 13, 8, 35, 35004, 'OFICINA GIGANTE', 'PUENTE PEATONAL', 0),
(50, 13, 8, 35, 35005, 'OFICINA GIGANTE', 'TRES ESQUINAS', 0),
(51, 13, 23, 35, 35005, 'OFICINA GIGANTE', 'TRES ESQUINAS', 0),
(52, 13, 7, 40, 40001, 'OFICINA PRINCIPAL LA PLATA', 'LA PLATA OFICINA PRINCIPAL', 0),
(53, 13, 24, 40, 40001, 'OFICINA PRINCIPAL LA PLATA', 'LA PLATA OFICINA PRINCIPAL', 0),
(54, 13, 8, 40, 40023, 'OFICINA PRINCIPAL LA PLATA', 'LA PLATA OFICINA  PARQUE', 0),
(55, 13, 24, 40, 40023, 'OFICINA PRINCIPAL LA PLATA', 'LA PLATA OFICINA  PARQUE', 0),
(56, 13, 7, 40, 40023, 'OFICINA PRINCIPAL LA PLATA', 'LA PLATA OFICINA  PARQUE', 0),
(57, 13, 1, 40, 40023, 'OFICINA PRINCIPAL LA PLATA', 'LA PLATA OFICINA  PARQUE', 0),
(58, 13, 25, 40, 40001, 'OFICINA PRINCIPAL LA PLATA', 'LA PLATA OFICINA PRINCIPAL', 0),
(59, 13, 13, 40, 40003, 'OFICINA PRINCIPAL LA PLATA', 'LA POLA', 0),
(60, 13, 7, 40, 40003, 'OFICINA PRINCIPAL LA PLATA', 'LA POLA', 0),
(61, 13, 8, 40, 40004, 'OFICINA PRINCIPAL LA PLATA', 'EL OBRERO', 0),
(62, 13, 12, 40, 40004, 'OFICINA PRINCIPAL LA PLATA', 'EL OBRERO', 0),
(63, 13, 8, 40, 40005, 'OFICINA PRINCIPAL LA PLATA', 'SAN RAFAEL', 0),
(64, 13, 2, 40, 40005, 'OFICINA PRINCIPAL LA PLATA', 'SAN RAFAEL', 0),
(65, 13, 13, 40, 40005, 'OFICINA PRINCIPAL LA PLATA', 'SAN RAFAEL', 0),
(66, 13, 8, 40, 40006, 'OFICINA PRINCIPAL LA PLATA', 'LA  AVENIDA-SAN ANTONIO', 0),
(67, 13, 24, 40, 40006, 'OFICINA PRINCIPAL LA PLATA', 'LA  AVENIDA-SAN ANTONIO', 0),
(68, 13, 8, 40, 40009, 'OFICINA PRINCIPAL LA PLATA', 'SAN SEBASTIAN', 0),
(69, 13, 23, 40, 40009, 'OFICINA PRINCIPAL LA PLATA', 'SAN SEBASTIAN', 0),
(70, 13, 17, 40, 40002, 'OFICINA PRINCIPAL LA PLATA', 'GALERIA', 0),
(71, 13, 12, 40, 40002, 'OFICINA PRINCIPAL LA PLATA', 'GALERIA', 0),
(72, 13, 26, 25, 25001, 'OFICINA PPAL CAMPOALEGRE', 'CAMPOALEGRE OFICINA PRINCIPAL', 0),
(73, 13, 27, 25, 25001, 'OFICINA PPAL CAMPOALEGRE', 'CAMPOALEGRE OFICINA PRINCIPAL', 0),
(74, 13, 28, 25, 25001, 'OFICINA PPAL CAMPOALEGRE', 'CAMPOALEGRE OFICINA PRINCIPAL', 0),
(75, 13, 29, 25, 25001, 'OFICINA PPAL CAMPOALEGRE', 'CAMPOALEGRE OFICINA PRINCIPAL', 0),
(76, 13, 6, 25, 25001, 'OFICINA PPAL CAMPOALEGRE', 'CAMPOALEGRE OFICINA PRINCIPAL', 0),
(77, 13, 30, 25, 25001, 'OFICINA PPAL CAMPOALEGRE', 'CAMPOALEGRE OFICINA PRINCIPAL', 0),
(78, 13, 17, 25, 25001, 'OFICINA PPAL CAMPOALEGRE', 'CAMPOALEGRE OFICINA PRINCIPAL', 0),
(79, 13, 8, 25, 25002, 'OFICINA PPAL CAMPOALEGRE', 'SAN ISIDRO', 0),
(80, 13, 8, 25, 25003, 'OFICINA PPAL CAMPOALEGRE', 'PAPATOS', 0),
(81, 13, 12, 25, 25003, 'OFICINA PPAL CAMPOALEGRE', 'PAPATOS', 0),
(82, 13, 17, 25, 25003, 'OFICINA PPAL CAMPOALEGRE', 'PAPATOS', 0),
(83, 13, 8, 25, 25004, 'OFICINA PPAL CAMPOALEGRE', 'ALFONSO LOPEZ', 0),
(84, 13, 12, 25, 25004, 'OFICINA PPAL CAMPOALEGRE', 'ALFONSO LOPEZ', 0),
(85, 13, 7, 25, 25010, 'OFICINA PPAL CAMPOALEGRE', 'AVENIDA PRINCIPAL', 0),
(86, 13, 13, 25, 25010, 'OFICINA PPAL CAMPOALEGRE', 'AVENIDA PRINCIPAL', 0),
(87, 13, 25, 65, 65001, 'OFICINA PITAL', 'PITAL OFICINA PRINCIPAL', 0),
(88, 13, 16, 65, 65001, 'OFICINA PITAL', 'PITAL OFICINA PRINCIPAL', 0),
(89, 13, 17, 65, 65001, 'OFICINA PITAL', 'PITAL OFICINA PRINCIPAL', 0),
(90, 13, 25, 65, 65002, 'OFICINA PITAL', 'ECUADOR', 0),
(91, 13, 13, 65, 65002, 'OFICINA PITAL', 'ECUADOR', 0),
(92, 13, 31, 66, 66001, 'OFICINA AGRADO', 'AGRADO OFICINA PRINCIPAL', 0),
(93, 13, 16, 66, 66001, 'OFICINA AGRADO', 'AGRADO OFICINA PRINCIPAL', 0),
(94, 13, 17, 66, 66001, 'OFICINA AGRADO', 'AGRADO OFICINA PRINCIPAL', 0),
(95, 13, 17, 56, 56001, 'OFICINA LA ARGENTINA', 'LA ARGENTINA OFICINA PRINCIPAL', 0),
(96, 13, 10, 56, 56001, 'OFICINA LA ARGENTINA', 'LA ARGENTINA OFICINA PRINCIPAL', 0),
(97, 13, 13, 56, 56001, 'OFICINA LA ARGENTINA', 'LA ARGENTINA OFICINA PRINCIPAL', 0),
(98, 13, 8, 27, 27001, 'OFICINA ALGECIRAS', 'ALGECIRAS OFICINA PRINCIPAL', 0),
(99, 13, 12, 27, 27001, 'OFICINA ALGECIRAS', 'ALGECIRAS OFICINA PRINCIPAL', 0),
(100, 13, 23, 27, 27001, 'OFICINA ALGECIRAS', 'ALGECIRAS OFICINA PRINCIPAL', 0),
(101, 13, 2, 27, 27001, 'OFICINA ALGECIRAS', 'ALGECIRAS OFICINA PRINCIPAL', 0),
(102, 13, 8, 27, 27003, 'OFICINA ALGECIRAS', 'HOTEL TOLIMA', 0),
(103, 13, 13, 27, 27003, 'OFICINA ALGECIRAS', 'HOTEL TOLIMA', 0),
(104, 13, 8, 64, 64001, 'OFICINA BELEN', 'BELEN OFICINA PRINCIPAL', 0),
(105, 13, 23, 64, 64001, 'OFICINA BELEN', 'BELEN OFICINA PRINCIPAL', 0),
(106, 13, 14, 37, 37001, 'OFICINA HOBO', 'HOBO OFICINA PRINCIPAL', 0),
(107, 13, 27, 37, 37001, 'OFICINA HOBO', 'HOBO OFICINA PRINCIPAL', 0),
(108, 13, 17, 37, 37001, 'OFICINA HOBO', 'HOBO OFICINA PRINCIPAL', 0),
(109, 13, 8, 37, 37002, 'OFICINA HOBO', 'PLAZAS ALCID', 0),
(110, 13, 12, 37, 37002, 'OFICINA HOBO', 'PLAZAS ALCID', 0),
(111, 13, 8, 57, 57001, 'OFICINA NATAGA', 'NATAGA OFICINA PRINCIPAL', 0),
(112, 13, 13, 57, 57001, 'OFICINA NATAGA', 'NATAGA OFICINA PRINCIPAL', 0),
(113, 13, 17, 57, 57001, 'OFICINA NATAGA', 'NATAGA OFICINA PRINCIPAL', 0),
(114, 13, 8, 55, 55001, 'OFICINA PAICOL', 'PAICOL OFICINA PRINCIPAL', 0),
(115, 13, 12, 55, 55001, 'OFICINA PAICOL', 'PAICOL OFICINA PRINCIPAL', 0),
(116, 13, 32, 55, 55001, 'OFICINA PAICOL', 'PAICOL OFICINA PRINCIPAL', 0),
(117, 13, 1, 42, 42001, 'OFICINA TESALIA', 'TESALIA OFICINA PRINCIPAL', 0),
(118, 13, 8, 42, 42001, 'OFICINA TESALIA', 'TESALIA OFICINA PRINCIPAL', 0),
(119, 13, 12, 42, 42001, 'OFICINA TESALIA', 'TESALIA OFICINA PRINCIPAL', 0),
(120, 13, 8, 42, 42000, 'OFICINA TESALIA', 'MAQUINAS TESALIA INDIRECTOS', 0),
(121, 13, 12, 42, 42000, 'OFICINA TESALIA', 'MAQUINAS TESALIA INDIRECTOS', 0),
(122, 13, 8, 10, 10002, 'AIPE OFICINA PRINCIPAL', 'GALERIAS', 0),
(123, 13, 12, 10, 10002, 'AIPE OFICINA PRINCIPAL', 'GALERIAS', 0),
(124, 13, 33, 10, 10001, 'AIPE OFICINA PRINCIPAL', 'AIPE OFICINA PRINCIPAL', 0),
(125, 13, 35, 10, 10001, 'AIPE OFICINA PRINCIPAL', 'AIPE OFICINA PRINCIPAL', 0),
(126, 13, 8, 10, 10001, 'AIPE OFICINA PRINCIPAL', 'AIPE OFICINA PRINCIPAL', 0),
(127, 13, 37, 10, 10001, 'AIPE OFICINA PRINCIPAL', 'AIPE OFICINA PRINCIPAL', 0),
(128, 13, 8, 13, 13001, 'JUNCAL OFICINA PRINCIPAL', 'JUNCAL OFICINA PRINCIPAL', 0),
(129, 13, 13, 13, 13001, 'JUNCAL OFICINA PRINCIPAL', 'JUNCAL OFICINA PRINCIPAL', 0),
(130, 13, 8, 17, 17001, 'LA VICTORIA OFICINA PRINCIPAL', 'LA VICTORIA OFICINA PRINCIPAL', 0),
(131, 13, 13, 17, 17001, 'LA VICTORIA OFICINA PRINCIPAL', 'LA VICTORIA OFICINA PRINCIPAL', 0),
(132, 13, 8, 51, 51001, 'OFICINA BARAYA', 'BARAYA OFICINA PRINCIPAL', 0),
(133, 13, 38, 51, 51001, 'OFICINA BARAYA', 'BARAYA OFICINA PRINCIPAL', 0),
(134, 13, 39, 51, 51001, 'OFICINA BARAYA', 'BARAYA OFICINA PRINCIPAL', 0),
(135, 13, 1, 80, 80001, 'OFICINA CAGUAN', 'CAGUAN OFICINA PRINCIPAL', 0),
(136, 13, 3, 80, 80001, 'OFICINA CAGUAN', 'CAGUAN OFICINA PRINCIPAL', 0),
(137, 13, 12, 80, 80001, 'OFICINA CAGUAN', 'CAGUAN OFICINA PRINCIPAL', 0),
(138, 13, 8, 72, 72001, 'OFICINA COLOMBIA', 'COLOMBIA OFICINA PRINCIPAL', 0),
(139, 13, 13, 72, 72001, 'OFICINA COLOMBIA', 'COLOMBIA OFICINA PRINCIPAL', 0),
(140, 13, 8, 52, 52001, 'OFICINA IQUIRA', 'IQUIRA OFICINA PRINCIPAL', 0),
(141, 13, 12, 52, 52001, 'OFICINA IQUIRA', 'IQUIRA OFICINA PRINCIPAL', 0),
(142, 13, 17, 52, 52001, 'OFICINA IQUIRA', 'IQUIRA OFICINA PRINCIPAL', 0),
(143, 13, 41, 50, 50001, 'OFICINA SANTAMARIA', 'SANTA MARIA OFICINA PRINCIPAL', 0),
(144, 13, 28, 49, 49001, 'OFICINA TELLO', 'TELLO OFICINA PRINCIPAL', 0),
(145, 13, 42, 49, 49001, 'OFICINA TELLO', 'TELLO OFICINA PRINCIPAL', 0),
(146, 13, 8, 49, 49001, 'OFICINA TELLO', 'TELLO OFICINA PRINCIPAL', 0),
(147, 13, 8, 68, 68001, 'OFICINA TERUEL', 'TERUEL OFICINA PRINCIPAL', 0),
(148, 13, 23, 68, 68001, 'OFICINA TERUEL', 'TERUEL OFICINA PRINCIPAL', 0),
(149, 13, 40, 78, 78001, 'OFICINA FORTALECILLAS', 'FORTALECILLAS OFICINA PRINCIPAL', 0),
(150, 13, 43, 68, 68001, 'OFICINA TERUEL', 'TERUEL OFICINA PRINCIPAL', 0),
(151, 13, 22, 68, 68001, 'OFICINA TERUEL', 'TERUEL OFICINA PRINCIPAL', 0),
(152, 13, 8, 54, 54001, 'OFICINA VEGALARGA', 'VEGALARGA OFICINA PRINCIPAL', 0),
(153, 13, 23, 54, 54001, 'OFICINA VEGALARGA', 'VEGALARGA OFICINA PRINCIPAL', 0),
(154, 13, 8, 12, 12003, 'PALERMO OFICINA PRINCIPAL', 'GALERIA', 0),
(155, 13, 13, 12, 12003, 'PALERMO OFICINA PRINCIPAL', 'GALERIA', 0),
(156, 13, 8, 12, 12001, 'PALERMO OFICINA PRINCIPAL', 'PALERMO OFICINA PRINCIPAL', 0),
(157, 13, 9, 12, 12001, 'PALERMO OFICINA PRINCIPAL', 'PALERMO OFICINA PRINCIPAL', 0),
(158, 13, 3, 12, 12001, 'PALERMO OFICINA PRINCIPAL', 'PALERMO OFICINA PRINCIPAL', 0),
(159, 13, 6, 12, 12001, 'PALERMO OFICINA PRINCIPAL', 'PALERMO OFICINA PRINCIPAL', 0),
(160, 13, 44, 12, 12001, 'PALERMO OFICINA PRINCIPAL', 'PALERMO OFICINA PRINCIPAL', 0),
(161, 13, 17, 11, 11006, 'RIVERA OFICINA PRINCIPAL', 'ALCALDIA RIVERA', 0),
(162, 13, 8, 11, 11003, 'RIVERA OFICINA PRINCIPAL', 'HOSPITAL RIVERA', 0),
(163, 13, 13, 11, 11003, 'RIVERA OFICINA PRINCIPAL', 'HOSPITAL RIVERA', 0),
(164, 13, 6, 10, 10001, 'AIPE OFICINA PRINCIPAL', 'AIPE OFICINA PRINCIPAL', 0),
(165, 13, 12, 11, 11001, 'RIVERA OFICINA PRINCIPAL', 'RIVERA OFICINA PRINCIPAL', 0),
(166, 13, 17, 11, 11001, 'RIVERA OFICINA PRINCIPAL', 'RIVERA OFICINA PRINCIPAL', 0),
(167, 13, 8, 11, 11001, 'RIVERA OFICINA PRINCIPAL', 'RIVERA OFICINA PRINCIPAL', 0),
(168, 13, 8, 11, 11002, 'RIVERA OFICINA PRINCIPAL', 'LA ULLOA', 0),
(169, 13, 13, 11, 11002, 'RIVERA OFICINA PRINCIPAL', 'LA ULLOA', 0),
(170, 13, 6, 11, 11001, 'RIVERA OFICINA PRINCIPAL', 'RIVERA OFICINA PRINCIPAL', 0),
(171, 13, 8, 14, 14001, 'VILLAVIEJA OFICINA PRINCIPAL', 'VILLAVIEJA OFICINA PRINCIPAL', 0),
(172, 13, 12, 14, 14001, 'VILLAVIEJA OFICINA PRINCIPAL', 'VILLAVIEJA OFICINA PRINCIPAL', 0),
(173, 13, 2, 14, 14001, 'VILLAVIEJA OFICINA PRINCIPAL', 'VILLAVIEJA OFICINA PRINCIPAL', 0),
(174, 13, 8, 18, 18001, 'YAGUARA OFICINA PRINCIPAL', 'YAGUARA OFICINA PRINCIPAL', 0),
(175, 13, 13, 18, 18003, 'YAGUARA OFICINA PRINCIPAL', 'AVENIDA PRINCIPAL', 0),
(176, 13, 8, 18, 18003, 'YAGUARA OFICINA PRINCIPAL', 'AVENIDA PRINCIPAL', 0),
(177, 13, 17, 18, 18001, 'YAGUARA OFICINA PRINCIPAL', 'YAGUARA OFICINA PRINCIPAL', 0),
(178, 13, 6, 78, 78001, 'OFICINA FORTALECILLAS', 'FORTALECILLAS OFICINA PRINCIPAL', 0),
(179, 13, 8, 20, 20037, 'OFICINA PRINCIPAL PITALITO', 'ESTACION BIOMAX', 0),
(180, 13, 13, 20, 20037, 'OFICINA PRINCIPAL PITALITO', 'ESTACION BIOMAX', 0),
(181, 13, 45, 20, 20050, 'OFICINA PRINCIPAL PITALITO', 'ESTANCO', 0),
(182, 13, 16, 20, 20050, 'OFICINA PRINCIPAL PITALITO', 'ESTANCO', 0),
(183, 13, 17, 20, 20004, 'OFICINA PRINCIPAL PITALITO', 'BINGO LA CUARTA', 0),
(184, 13, 8, 20, 20036, 'OFICINA PRINCIPAL PITALITO', 'OLIMPICA JARDIN', 0),
(185, 13, 12, 20, 20036, 'OFICINA PRINCIPAL PITALITO', 'OLIMPICA JARDIN', 0),
(186, 13, 8, 20, 20026, 'OFICINA PRINCIPAL PITALITO', 'SUPERMERCADO SAN ANTONIO', 0),
(187, 13, 46, 20, 20026, 'OFICINA PRINCIPAL PITALITO', 'SUPERMERCADO SAN ANTONIO', 0),
(188, 13, 47, 20, 20006, 'OFICINA PRINCIPAL PITALITO', 'GALERIA', 0),
(189, 13, 2, 20, 20008, 'OFICINA PRINCIPAL PITALITO', 'SUPERMERCADO DE SIERRA', 0),
(190, 13, 8, 20, 20010, 'OFICINA PRINCIPAL PITALITO', 'QUINCHE', 0),
(191, 13, 13, 20, 20010, 'OFICINA PRINCIPAL PITALITO', 'QUINCHE', 0),
(192, 13, 19, 20, 20017, 'OFICINA PRINCIPAL PITALITO', 'PANORAMA', 0),
(193, 13, 48, 20, 20017, 'OFICINA PRINCIPAL PITALITO', 'PANORAMA', 0),
(194, 13, 2, 20, 20011, 'OFICINA PRINCIPAL PITALITO', 'SALIDA PALESTINA', 0),
(195, 13, 8, 20, 20002, 'OFICINA PRINCIPAL PITALITO', 'CSC', 0),
(196, 13, 12, 20, 20002, 'OFICINA PRINCIPAL PITALITO', 'CSC', 0),
(197, 13, 8, 20, 20016, 'OFICINA PRINCIPAL PITALITO', ' LOS NOGALES', 0),
(198, 13, 12, 20, 20016, 'OFICINA PRINCIPAL PITALITO', ' LOS NOGALES', 0),
(199, 13, 6, 20, 20001, 'OFICINA PRINCIPAL PITALITO', 'PITALITO OFICINA PRINCIPAL', 0),
(200, 13, 25, 20, 20001, 'OFICINA PRINCIPAL PITALITO', 'PITALITO OFICINA PRINCIPAL', 0),
(201, 13, 49, 20, 20001, 'OFICINA PRINCIPAL PITALITO', 'PITALITO OFICINA PRINCIPAL', 0),
(202, 13, 17, 20, 20002, 'OFICINA PRINCIPAL PITALITO', 'CSC', 0),
(203, 13, 8, 20, 20020, 'OFICINA PRINCIPAL PITALITO', 'SAN ANTONIO', 0),
(204, 13, 13, 20, 20020, 'OFICINA PRINCIPAL PITALITO', 'SAN ANTONIO', 0),
(205, 13, 17, 20, 20019, 'OFICINA PRINCIPAL PITALITO', 'LOS PINOS', 0),
(206, 13, 50, 20, 20040, 'OFICINA PRINCIPAL PITALITO', 'LA PRESENTACION', 0),
(207, 13, 13, 20, 20040, 'OFICINA PRINCIPAL PITALITO', 'LA PRESENTACION', 0),
(208, 13, 51, 20, 20001, 'OFICINA PRINCIPAL PITALITO', 'PITALITO OFICINA PRINCIPAL', 0),
(209, 13, 52, 20, 20001, 'OFICINA PRINCIPAL PITALITO', 'PITALITO OFICINA PRINCIPAL', 0),
(210, 13, 8, 20, 20011, 'OFICINA PRINCIPAL PITALITO', 'SALIDA PALESTINA', 0),
(211, 13, 22, 20, 20017, 'OFICINA PRINCIPAL PITALITO', 'PANORAMA', 0),
(212, 13, 2, 20, 20038, 'OFICINA PRINCIPAL PITALITO', 'CASA DEL HIERRO', 0),
(213, 13, 17, 20, 20009, 'OFICINA PRINCIPAL PITALITO', 'PARQUE', 0),
(214, 13, 8, 20, 20038, 'OFICINA PRINCIPAL PITALITO', 'CASA DEL HIERRO', 0),
(215, 13, 12, 20, 20004, 'OFICINA PRINCIPAL PITALITO', 'BINGO LA CUARTA', 0),
(216, 13, 24, 20, 20016, 'OFICINA PRINCIPAL PITALITO', ' LOS NOGALES', 0),
(217, 13, 6, 20, 20002, 'OFICINA PRINCIPAL PITALITO', 'CSC', 0),
(218, 13, 8, 20, 20030, 'OFICINA PRINCIPAL PITALITO', 'SURGAS', 0),
(219, 13, 23, 20, 20030, 'OFICINA PRINCIPAL PITALITO', 'SURGAS', 0),
(220, 13, 43, 20, 20019, 'OFICINA PRINCIPAL PITALITO', 'LOS PINOS', 0),
(221, 13, 8, 20, 20015, 'OFICINA PRINCIPAL PITALITO', 'ELECTRIFICADORA', 0),
(222, 13, 46, 20, 20015, 'OFICINA PRINCIPAL PITALITO', 'ELECTRIFICADORA', 0),
(223, 13, 28, 20, 20001, 'OFICINA PRINCIPAL PITALITO', 'PITALITO OFICINA PRINCIPAL', 0),
(224, 13, 42, 20, 20001, 'OFICINA PRINCIPAL PITALITO', 'PITALITO OFICINA PRINCIPAL', 0),
(225, 13, 8, 20, 20008, 'OFICINA PRINCIPAL PITALITO', 'SUPERMERCADO DE SIERRA', 0),
(226, 13, 12, 20, 20009, 'OFICINA PRINCIPAL PITALITO', 'PARQUE', 0),
(227, 13, 8, 20, 20028, 'OFICINA PRINCIPAL PITALITO', 'LOS GUADUALES', 0),
(228, 13, 46, 20, 20028, 'OFICINA PRINCIPAL PITALITO', 'LOS GUADUALES', 0),
(229, 13, 8, 20, 20042, 'OFICINA PRINCIPAL PITALITO', 'SAN MATEO', 0),
(230, 13, 23, 20, 20042, 'OFICINA PRINCIPAL PITALITO', 'SAN MATEO', 0),
(231, 13, 8, 20, 20013, 'OFICINA PRINCIPAL PITALITO', 'TERMINAL DE TRANSPORTE', 0),
(232, 13, 13, 20, 20013, 'OFICINA PRINCIPAL PITALITO', 'TERMINAL DE TRANSPORTE', 0),
(233, 13, 8, 20, 20018, 'OFICINA PRINCIPAL PITALITO', 'GUACACALLO', 0),
(234, 13, 13, 20, 20018, 'OFICINA PRINCIPAL PITALITO', 'GUACACALLO', 0),
(235, 13, 8, 20, 20007, 'OFICINA PRINCIPAL PITALITO', 'MONTALLANTAS', 0),
(236, 13, 23, 20, 20007, 'OFICINA PRINCIPAL PITALITO', 'MONTALLANTAS', 0),
(237, 13, 8, 20, 20043, 'OFICINA PRINCIPAL PITALITO', 'LOS CEDROS', 0),
(238, 13, 13, 20, 20043, 'OFICINA PRINCIPAL PITALITO', 'LOS CEDROS', 0),
(239, 13, 8, 20, 20012, 'OFICINA PRINCIPAL PITALITO', 'SERVIMAS ', 0),
(240, 13, 13, 20, 20012, 'OFICINA PRINCIPAL PITALITO', 'SERVIMAS ', 0),
(241, 13, 28, 34, 34001, 'OFICINA ALTAMIRA', 'ALTAMIRA OFICINA PRINCIPAL', 0),
(242, 13, 42, 34, 34001, 'OFICINA ALTAMIRA', 'ALTAMIRA OFICINA PRINCIPAL', 0),
(243, 13, 54, 34, 34001, 'OFICINA ALTAMIRA', 'ALTAMIRA OFICINA PRINCIPAL', 0),
(244, 13, 8, 75, 75001, 'OFICINA SUAZA', 'SUAZA OFICINA PRINCIPAL', 0),
(245, 13, 22, 75, 75001, 'OFICINA SUAZA', 'SUAZA OFICINA PRINCIPAL', 0),
(246, 13, 2, 75, 75001, 'OFICINA SUAZA', 'SUAZA OFICINA PRINCIPAL', 0),
(247, 13, 17, 75, 75001, 'OFICINA SUAZA', 'SUAZA OFICINA PRINCIPAL', 0),
(248, 13, 8, 75, 75003, 'OFICINA SUAZA', 'SUPERMERCADO LA VEGUITA', 0),
(249, 13, 12, 75, 75003, 'OFICINA SUAZA', 'SUPERMERCADO LA VEGUITA', 0),
(250, 13, 8, 75, 75002, 'OFICINA SUAZA', 'GALLARDO', 0),
(251, 13, 13, 75, 75002, 'OFICINA SUAZA', 'GALLARDO', 0),
(252, 13, 8, 76, 76001, 'OFICINA TARQUI', 'TARQUI OFICINA PRINCIPAL', 0),
(253, 13, 12, 76, 76001, 'OFICINA TARQUI', 'TARQUI OFICINA PRINCIPAL', 0),
(254, 13, 2, 76, 76001, 'OFICINA TARQUI', 'TARQUI OFICINA PRINCIPAL', 0),
(255, 13, 17, 76, 76001, 'OFICINA TARQUI', 'TARQUI OFICINA PRINCIPAL', 0),
(256, 13, 17, 23, 23001, 'OFICINA ISNOS', 'ISNOS OFICINA PRINCIPAL', 0),
(257, 13, 2, 23, 23001, 'OFICINA ISNOS', 'ISNOS OFICINA PRINCIPAL', 0),
(258, 13, 8, 23, 23001, 'OFICINA ISNOS', 'ISNOS OFICINA PRINCIPAL', 0),
(259, 13, 12, 23, 23001, 'OFICINA ISNOS', 'ISNOS OFICINA PRINCIPAL', 0),
(260, 13, 8, 23, 23006, 'OFICINA ISNOS', 'Tres Esquinas Isnos', 0),
(261, 13, 46, 23, 23006, 'OFICINA ISNOS', 'Tres Esquinas Isnos', 0),
(262, 13, 28, 22, 22001, 'OFICINA TIMANA', 'TIMANA OFICINA PRINCIPAL', 0),
(263, 13, 49, 22, 22001, 'OFICINA TIMANA', 'TIMANA OFICINA PRINCIPAL', 0),
(264, 13, 24, 22, 22001, 'OFICINA TIMANA', 'TIMANA OFICINA PRINCIPAL', 0),
(265, 13, 8, 22, 22001, 'OFICINA TIMANA', 'TIMANA OFICINA PRINCIPAL', 0),
(266, 13, 22, 22, 22001, 'OFICINA TIMANA', 'TIMANA OFICINA PRINCIPAL', 0),
(267, 13, 2, 22, 22002, 'OFICINA TIMANA', 'LA CUARTA', 0),
(268, 13, 8, 22, 22002, 'OFICINA TIMANA', 'LA CUARTA', 0),
(269, 13, 12, 22, 22002, 'OFICINA TIMANA', 'LA CUARTA', 0),
(270, 13, 12, 22, 22007, 'OFICINA TIMANA', 'LA TERCERA', 0),
(271, 13, 17, 22, 22007, 'OFICINA TIMANA', 'LA TERCERA', 0),
(272, 13, 26, 26, 26001, 'OFICINA OPORAPA', 'OPORAPA OFICINA PRINCIPAL', 0),
(273, 13, 38, 26, 26001, 'OFICINA OPORAPA', 'OPORAPA OFICINA PRINCIPAL', 0),
(274, 13, 28, 26, 26001, 'OFICINA OPORAPA', 'OPORAPA OFICINA PRINCIPAL', 0),
(275, 13, 42, 26, 26001, 'OFICINA OPORAPA', 'OPORAPA OFICINA PRINCIPAL', 0),
(276, 13, 8, 19, 19001, 'OFICINA BRUSELAS', 'BRUSELAS OFICINA PRINCIPAL', 0),
(277, 13, 12, 19, 19001, 'OFICINA BRUSELAS', 'BRUSELAS OFICINA PRINCIPAL', 0),
(278, 13, 2, 19, 19001, 'OFICINA BRUSELAS', 'BRUSELAS OFICINA PRINCIPAL', 0),
(279, 13, 8, 19, 19004, 'OFICINA BRUSELAS', 'TIENDA VARGAS', 0),
(280, 13, 13, 19, 19004, 'OFICINA BRUSELAS', 'TIENDA VARGAS', 0),
(281, 13, 8, 28, 28001, 'OFICINA SAN ADOLFO', 'SAN ADOLFO OFICINA PRINCIPAL', 0),
(282, 13, 13, 28, 28001, 'OFICINA SAN ADOLFO', 'SAN ADOLFO OFICINA PRINCIPAL', 0),
(283, 13, 55, 24, 24001, 'OFICINA ACEVEDO', 'ACEVEDO OFICINA PRINCIPAL', 0),
(284, 13, 56, 24, 24001, 'OFICINA ACEVEDO', 'ACEVEDO OFICINA PRINCIPAL', 0),
(285, 13, 24, 24, 24001, 'OFICINA ACEVEDO', 'ACEVEDO OFICINA PRINCIPAL', 0),
(286, 13, 8, 24, 24001, 'OFICINA ACEVEDO', 'ACEVEDO OFICINA PRINCIPAL', 0),
(287, 13, 22, 24, 24001, 'OFICINA ACEVEDO', 'ACEVEDO OFICINA PRINCIPAL', 0),
(288, 13, 57, 24, 24005, 'OFICINA ACEVEDO', 'DROGUERIA LA ECONOMIA', 0),
(289, 13, 58, 24, 24005, 'OFICINA ACEVEDO', 'DROGUERIA LA ECONOMIA', 0),
(290, 13, 59, 24, 24005, 'OFICINA ACEVEDO', 'DROGUERIA LA ECONOMIA', 0),
(291, 13, 26, 24, 24002, 'OFICINA ACEVEDO', 'GALERIA ACEVEDO', 0),
(292, 13, 60, 24, 24005, 'OFICINA ACEVEDO', 'DROGUERIA LA ECONOMIA', 0),
(293, 13, 60, 24, 24002, 'OFICINA ACEVEDO', 'GALERIA ACEVEDO', 0),
(294, 13, 2, 29, 29001, 'OFICINA PALESTINA', 'PALESTINA OFICINA PRINCIPAL', 0),
(295, 13, 8, 29, 29001, 'OFICINA PALESTINA', 'PALESTINA OFICINA PRINCIPAL', 0),
(296, 13, 12, 29, 29001, 'OFICINA PALESTINA', 'PALESTINA OFICINA PRINCIPAL', 0),
(297, 13, 8, 33, 33001, 'OFICINA GUADALUPE', 'GUADALUPE OFICINA PRINCIPAL', 0),
(298, 13, 12, 33, 33001, 'OFICINA GUADALUPE', 'GUADALUPE OFICINA PRINCIPAL', 0),
(299, 13, 2, 33, 33001, 'OFICINA GUADALUPE', 'GUADALUPE OFICINA PRINCIPAL', 0),
(300, 13, 17, 33, 33001, 'OFICINA GUADALUPE', 'GUADALUPE OFICINA PRINCIPAL', 0),
(301, 13, 17, 33, 33002, 'OFICINA GUADALUPE', 'BANCO AGRARIO', 0),
(302, 13, 29, 33, 33002, 'OFICINA GUADALUPE', 'BANCO AGRARIO', 0),
(303, 13, 28, 33, 33000, 'OFICINA GUADALUPE', 'MAQUINAS GUADALUPE INDIRETOS', 0),
(304, 13, 8, 36, 36001, 'OFICINA MAITO', 'MAITO OFICINA PRINCIPAL', 0),
(305, 13, 13, 36, 36001, 'OFICINA MAITO', 'MAITO OFICINA PRINCIPAL', 0),
(306, 13, 8, 36, 22004, 'OFICINA MAITO', 'QUITURO', 0),
(307, 13, 13, 36, 22004, 'OFICINA MAITO', 'QUITURO', 0),
(308, 13, 8, 31, 31001, 'OFICINA SALADO BLANCO', 'SALADO BLANCO OFICINA PRINCIPAL', 0),
(309, 13, 12, 31, 31001, 'OFICINA SALADO BLANCO', 'SALADO BLANCO OFICINA PRINCIPAL', 0),
(310, 13, 54, 31, 31001, 'OFICINA SALADO BLANCO', 'SALADO BLANCO OFICINA PRINCIPAL', 0),
(311, 13, 61, 21, 21001, 'OFICINA SAN AGUSTIN', 'SAN AGUSTIN OFICINA PRINCIPAL', 0),
(312, 13, 24, 21, 21001, 'OFICINA SAN AGUSTIN', 'SAN AGUSTIN OFICINA PRINCIPAL', 0),
(313, 13, 3, 21, 21001, 'OFICINA SAN AGUSTIN', 'SAN AGUSTIN OFICINA PRINCIPAL', 0),
(314, 13, 22, 21, 21001, 'OFICINA SAN AGUSTIN', 'SAN AGUSTIN OFICINA PRINCIPAL', 0),
(315, 13, 62, 21, 21001, 'OFICINA SAN AGUSTIN', 'SAN AGUSTIN OFICINA PRINCIPAL', 0),
(316, 13, 12, 21, 21004, 'OFICINA SAN AGUSTIN', 'SAN JOSE', 0),
(317, 13, 17, 21, 21004, 'OFICINA SAN AGUSTIN', 'SAN JOSE', 0),
(318, 13, 45, 21, 21002, 'OFICINA SAN AGUSTIN', 'HOSPITAL SAN AGUSTIN', 0),
(319, 13, 59, 21, 21002, 'OFICINA SAN AGUSTIN', 'HOSPITAL SAN AGUSTIN', 0),
(320, 13, 4, 67, 67001, 'OFICINA ELIAS', 'ELIAS OFICINA PRINCIPAL', 0),
(321, 13, 8, 67, 67001, 'OFICINA ELIAS', 'ELIAS OFICINA PRINCIPAL', 0),
(322, 13, 12, 67, 67001, 'OFICINA ELIAS', 'ELIAS OFICINA PRINCIPAL', 0),
(323, 13, 40, 1, 1001, 'OFICINA PPAL NEIVA CENTRO SUR', 'OFICINA PPAL NEIVA', 0),
(324, 13, 17, 1, 1001, 'OFICINA PPAL NEIVA CENTRO SUR', 'OFICINA PPAL NEIVA', 0),
(325, 13, 63, 1, 1001, 'OFICINA PPAL NEIVA CENTRO SUR', 'OFICINA PPAL NEIVA', 0),
(326, 13, 40, 1, 1018, 'OFICINA PPAL NEIVA CENTRO SUR', 'CLUB SOCIAL', 0),
(327, 13, 8, 1, 1018, 'OFICINA PPAL NEIVA CENTRO SUR', 'CLUB SOCIAL', 0),
(328, 13, 13, 1, 1001, 'OFICINA PPAL NEIVA CENTRO SUR', 'OFICINA PPAL NEIVA', 0),
(329, 13, 13, 1, 1018, 'OFICINA PPAL NEIVA CENTRO SUR', 'CLUB SOCIAL', 0),
(330, 13, 2, 1, 1018, 'OFICINA PPAL NEIVA CENTRO SUR', 'CLUB SOCIAL', 0),
(331, 13, 7, 1, 2035, 'OFICINA PPAL NEIVA CENTRO SUR', 'SAIRE ELECTRIFICADORA', 0),
(332, 13, 8, 1, 2035, 'OFICINA PPAL NEIVA CENTRO SUR', 'SAIRE ELECTRIFICADORA', 0),
(333, 13, 12, 1, 2035, 'OFICINA PPAL NEIVA CENTRO SUR', 'SAIRE ELECTRIFICADORA', 0),
(334, 13, 2, 1, 2035, 'OFICINA PPAL NEIVA CENTRO SUR', 'SAIRE ELECTRIFICADORA', 0),
(335, 13, 7, 1, 2070, 'OFICINA PPAL NEIVA CENTRO SUR', 'IGLESIA PALMAS ', 0),
(336, 13, 8, 1, 2070, 'OFICINA PPAL NEIVA CENTRO SUR', 'IGLESIA PALMAS ', 0),
(337, 13, 64, 1, 2070, 'OFICINA PPAL NEIVA CENTRO SUR', 'IGLESIA PALMAS ', 0),
(338, 13, 63, 1, 2070, 'OFICINA PPAL NEIVA CENTRO SUR', 'IGLESIA PALMAS ', 0),
(339, 13, 65, 1, 2018, 'OFICINA PPAL NEIVA CENTRO SUR', 'JARDIN 1', 0),
(340, 13, 8, 1, 2018, 'OFICINA PPAL NEIVA CENTRO SUR', 'JARDIN 1', 0),
(341, 13, 64, 1, 2018, 'OFICINA PPAL NEIVA CENTRO SUR', 'JARDIN 1', 0),
(342, 13, 63, 1, 2018, 'OFICINA PPAL NEIVA CENTRO SUR', 'JARDIN 1', 0),
(343, 13, 7, 1, 1106, 'OFICINA PPAL NEIVA CENTRO SUR', 'CANAIMA', 0),
(344, 13, 8, 1, 1106, 'OFICINA PPAL NEIVA CENTRO SUR', 'CANAIMA', 0),
(345, 13, 64, 1, 1106, 'OFICINA PPAL NEIVA CENTRO SUR', 'CANAIMA', 0),
(346, 13, 63, 1, 1106, 'OFICINA PPAL NEIVA CENTRO SUR', 'CANAIMA', 0),
(347, 13, 7, 1, 1054, 'OFICINA PPAL NEIVA CENTRO SUR', 'LIMONAR', 0),
(348, 13, 8, 1, 1054, 'OFICINA PPAL NEIVA CENTRO SUR', 'LIMONAR', 0),
(349, 13, 64, 1, 1054, 'OFICINA PPAL NEIVA CENTRO SUR', 'LIMONAR', 0),
(350, 13, 63, 1, 1054, 'OFICINA PPAL NEIVA CENTRO SUR', 'LIMONAR', 0),
(351, 13, 7, 1, 1074, 'OFICINA PPAL NEIVA CENTRO SUR', 'SANTA ISABEL', 0),
(352, 13, 8, 1, 1074, 'OFICINA PPAL NEIVA CENTRO SUR', 'SANTA ISABEL', 0),
(353, 13, 64, 1, 1074, 'OFICINA PPAL NEIVA CENTRO SUR', 'SANTA ISABEL', 0),
(354, 13, 6, 1, 1074, 'OFICINA PPAL NEIVA CENTRO SUR', 'SANTA ISABEL', 0),
(355, 13, 7, 1, 1081, 'OFICINA PPAL NEIVA CENTRO SUR', 'TIMANCO', 0),
(356, 13, 8, 1, 1081, 'OFICINA PPAL NEIVA CENTRO SUR', 'TIMANCO', 0),
(357, 13, 64, 1, 1081, 'OFICINA PPAL NEIVA CENTRO SUR', 'TIMANCO', 0),
(358, 13, 63, 1, 1081, 'OFICINA PPAL NEIVA CENTRO SUR', 'TIMANCO', 0),
(359, 13, 11, 32, 32004, 'OFICINA PRINCIPAL GARZON', 'COLACHO', 0),
(360, 13, 23, 42, 42000, 'OFICINA TESALIA', 'MAQUINAS TESALIA INDIRECTOS', 0),
(361, 13, 34, 10, 10001, 'AIPE OFICINA PRINCIPAL', 'AIPE OFICINA PRINCIPAL', 0),
(362, 13, 29, 51, 51001, 'OFICINA BARAYA', 'BARAYA OFICINA PRINCIPAL', 0),
(363, 13, 37, 49, 49001, 'OFICINA TELLO', 'TELLO OFICINA PRINCIPAL', 0),
(364, 13, 66, 68, 68001, 'OFICINA TERUEL', 'TERUEL OFICINA PRINCIPAL', 0),
(365, 13, 12, 18, 18001, 'YAGUARA OFICINA PRINCIPAL', 'YAGUARA OFICINA PRINCIPAL', 0),
(366, 13, 53, 20, 20006, 'OFICINA PRINCIPAL PITALITO', 'GALERIA', 0),
(367, 13, 8, 20, 20045, 'OFICINA PRINCIPAL PITALITO', 'DISTRIASEO', 0),
(369, 13, 56, 21, 21001, 'OFICINA SAN AGUSTIN', 'SAN AGUSTIN OFICINA PRINCIPAL', 0),
(370, 13, 8, 20, 20000, 'OFICINA PRINCIPAL PITALITO', 'MAQUINAS PITALITO INDIRECTOS', 0),
(371, 13, 46, 20, 20000, 'OFICINA PRINCIPAL PITALITO', 'MAQUINAS PITALITO INDIRECTOS', 0),
(372, 13, 7, 1, 2004, 'OFICINA PPAL NEIVA CENTRO SUR', 'CANDIDO', 0),
(373, 13, 64, 1, 2004, 'OFICINA PPAL NEIVA CENTRO SUR', 'CANDIDO', 0),
(374, 13, 63, 1, 2004, 'OFICINA PPAL NEIVA CENTRO SUR', 'CANDIDO', 0),
(375, 13, 7, 1, 2023, 'OFICINA PPAL NEIVA CENTRO SUR', 'LUIS CARLOS GALAN 2', 0),
(376, 13, 8, 1, 2023, 'OFICINA PPAL NEIVA CENTRO SUR', 'LUIS CARLOS GALAN 2', 0),
(377, 13, 64, 1, 2023, 'OFICINA PPAL NEIVA CENTRO SUR', 'LUIS CARLOS GALAN 2', 0),
(378, 13, 63, 1, 2023, 'OFICINA PPAL NEIVA CENTRO SUR', 'LUIS CARLOS GALAN 2', 0),
(379, 13, 7, 1, 2024, 'OFICINA PPAL NEIVA CENTRO SUR', 'MIRA RIO', 0),
(380, 13, 8, 1, 2024, 'OFICINA PPAL NEIVA CENTRO SUR', 'MIRA RIO', 0),
(381, 13, 64, 1, 2024, 'OFICINA PPAL NEIVA CENTRO SUR', 'MIRA RIO', 0),
(382, 13, 63, 1, 2024, 'OFICINA PPAL NEIVA CENTRO SUR', 'MIRA RIO', 0),
(384, 13, 8, 1, 2045, 'OFICINA PPAL NEIVA CENTRO SUR', 'PINOS ALTO', 0),
(385, 13, 64, 1, 2045, 'OFICINA PPAL NEIVA CENTRO SUR', 'PINOS ALTO', 0),
(386, 13, 63, 1, 2045, 'OFICINA PPAL NEIVA CENTRO SUR', 'PINOS ALTO', 0),
(387, 13, 7, 1, 2045, 'OFICINA PPAL NEIVA CENTRO SUR', 'PINOS ALTO', 0),
(388, 13, 65, 1, 2030, 'OFICINA PPAL NEIVA CENTRO SUR', 'TENERIFE', 0),
(389, 13, 8, 1, 2030, 'OFICINA PPAL NEIVA CENTRO SUR', 'TENERIFE', 0),
(390, 13, 64, 1, 2030, 'OFICINA PPAL NEIVA CENTRO SUR', 'TENERIFE', 0),
(391, 13, 63, 1, 2030, 'OFICINA PPAL NEIVA CENTRO SUR', 'TENERIFE', 0),
(392, 13, 7, 1, 1080, 'OFICINA PPAL NEIVA CENTRO SUR', 'TERMINAL', 0),
(393, 13, 3, 1, 1080, 'OFICINA PPAL NEIVA CENTRO SUR', 'TERMINAL', 0),
(394, 13, 12, 1, 1080, 'OFICINA PPAL NEIVA CENTRO SUR', 'TERMINAL', 0),
(395, 13, 63, 1, 1080, 'OFICINA PPAL NEIVA CENTRO SUR', 'TERMINAL', 0),
(396, 13, 7, 1, 1012, 'OFICINA PPAL NEIVA CENTRO SUR', 'CAMELLON DE LA 14', 0),
(397, 13, 5, 1, 1012, 'OFICINA PPAL NEIVA CENTRO SUR', 'CAMELLON DE LA 14', 0),
(398, 13, 2, 1, 1012, 'OFICINA PPAL NEIVA CENTRO SUR', 'CAMELLON DE LA 14', 0),
(399, 13, 67, 1, 1012, 'OFICINA PPAL NEIVA CENTRO SUR', 'CAMELLON DE LA 14', 0),
(400, 13, 17, 1, 2027, 'OFICINA PPAL NEIVA CENTRO SUR', 'PAPELERIA  ALFA', 0),
(401, 13, 27, 1, 2027, 'OFICINA PPAL NEIVA CENTRO SUR', 'PAPELERIA  ALFA', 0),
(402, 13, 10, 1, 2039, 'OFICINA PPAL NEIVA CENTRO SUR', 'LA RIOJA', 0),
(403, 13, 6, 1, 2039, 'OFICINA PPAL NEIVA CENTRO SUR', 'LA RIOJA', 0),
(404, 13, 8, 1, 1126, 'OFICINA PPAL NEIVA CENTRO SUR', 'BELLAVISTA', 0),
(405, 13, 6, 1, 1126, 'OFICINA PPAL NEIVA CENTRO SUR', 'BELLAVISTA', 0),
(406, 13, 1, 1, 2010, 'OFICINA PPAL NEIVA CENTRO SUR', 'LA ESTACION', 0),
(407, 13, 9, 1, 2010, 'OFICINA PPAL NEIVA CENTRO SUR', 'LA ESTACION', 0),
(408, 13, 8, 20, 20019, 'OFICINA PRINCIPAL PITALITO', 'LOS PINOS', 0),
(409, 13, 13, 20, 20019, 'OFICINA PRINCIPAL PITALITO', 'LOS PINOS', 0),
(410, 13, 10, 20, 20009, 'OFICINA PRINCIPAL PITALITO', 'PARQUE', 0),
(411, 13, 13, 20, 20009, 'OFICINA PRINCIPAL PITALITO', 'PARQUE', 0),
(412, 13, 23, 20, 20045, 'OFICINA PRINCIPAL PITALITO', 'DISTRIASEO', 0),
(413, 13, 2, 20, 20019, 'OFICINA PRINCIPAL PITALITO', 'LOS PINOS', 0),
(414, 13, 13, 35, 35004, 'OFICINA GIGANTE', 'PUENTE PEATONAL', 0),
(415, 13, 6, 35, 35001, 'OFICINA GIGANTE', 'PRINCIPAL COAGROHUILA', 0),
(416, 13, 68, 35, 35002, 'OFICINA GIGANTE', 'OFICINA PRINCIPAL-GALERIA', 0),
(417, 13, 8, 20, 200200, 'OFICINA PRINCIPAL PITALITO', 'MAQUINAS PITALITO DIRECTOS', 0),
(418, 13, 46, 20, 200200, 'OFICINA PRINCIPAL PITALITO', 'MAQUINAS PITALITO DIRECTOS', 0),
(419, 13, 2, 40, 40006, 'OFICINA PRINCIPAL LA PLATA', 'LA  AVENIDA-SAN ANTONIO', 0),
(420, 13, 69, 32, 32018, 'OFICINA PRINCIPAL GARZON', 'NUEVO HORIZONTE', 0),
(421, 13, 8, 1, 2046, 'OFICINA PPAL NEIVA CENTRO SUR', 'LUIS EDUARDO VANEGAS', 0),
(422, 13, 2, 1, 2046, 'OFICINA PPAL NEIVA CENTRO SUR', 'LUIS EDUARDO VANEGAS', 0),
(423, 13, 17, 1, 2050, 'OFICINA PPAL NEIVA CENTRO SUR', 'EDUARDO SANTOS', 0),
(424, 13, 12, 1, 2050, 'OFICINA PPAL NEIVA CENTRO SUR', 'EDUARDO SANTOS', 0),
(425, 13, 45, 1, 2041, 'OFICINA PPAL NEIVA CENTRO SUR', 'TERMINAL GALINDO', 0),
(426, 13, 2, 1, 2041, 'OFICINA PPAL NEIVA CENTRO SUR', 'TERMINAL GALINDO', 0),
(427, 13, 17, 1, 2014, 'OFICINA PPAL NEIVA CENTRO SUR', 'GALINDO', 0),
(428, 13, 9, 1, 2014, 'OFICINA PPAL NEIVA CENTRO SUR', 'GALINDO', 0),
(429, 13, 10, 1, 1172, 'OFICINA PPAL NEIVA CENTRO SUR', 'SAN PEDRO PLAZA', 0),
(430, 13, 6, 1, 1172, 'OFICINA PPAL NEIVA CENTRO SUR', 'SAN PEDRO PLAZA', 0),
(431, 13, 24, 20, 20019, 'OFICINA PRINCIPAL PITALITO', 'LOS PINOS', 0),
(432, 13, 8, 20, 20017, 'OFICINA PRINCIPAL PITALITO', 'PANORAMA', 0),
(433, 13, 41, 20, 20017, 'OFICINA PRINCIPAL PITALITO', 'PANORAMA', 0),
(434, 13, 9, 20, 20001, 'OFICINA PRINCIPAL PITALITO', 'PITALITO OFICINA PRINCIPAL', 0),
(435, 13, 23, 20, 20018, 'OFICINA PRINCIPAL PITALITO', 'GUACACALLO', 0),
(436, 13, 46, 20, 20007, 'OFICINA PRINCIPAL PITALITO', 'MONTALLANTAS', 0),
(437, 13, 54, 20, 20010, 'OFICINA PRINCIPAL PITALITO', 'QUINCHE', 0),
(438, 13, 46, 20, 20042, 'OFICINA PRINCIPAL PITALITO', 'SAN MATEO', 0),
(439, 13, 8, 20, 20006, 'OFICINA PRINCIPAL PITALITO', 'GALERIA', 0),
(440, 13, 8, 20, 20040, 'OFICINA PRINCIPAL PITALITO', 'LA PRESENTACION', 0),
(441, 13, 37, 20, 20006, 'OFICINA PRINCIPAL PITALITO', 'GALERIA', 0),
(442, 13, 17, 24, 24001, 'OFICINA ACEVEDO', 'ACEVEDO OFICINA PRINCIPAL', 0),
(443, 13, 8, 24, 24005, 'OFICINA ACEVEDO', 'DROGUERIA LA ECONOMIA', 0),
(444, 13, 13, 24, 24005, 'OFICINA ACEVEDO', 'DROGUERIA LA ECONOMIA', 0),
(445, 13, 17, 24, 24005, 'OFICINA ACEVEDO', 'DROGUERIA LA ECONOMIA', 0),
(446, 13, 8, 24, 24002, 'OFICINA ACEVEDO', 'GALERIA ACEVEDO', 0),
(447, 13, 37, 24, 24002, 'OFICINA ACEVEDO', 'GALERIA ACEVEDO', 0),
(448, 13, 28, 33, 33002, 'OFICINA GUADALUPE', 'BANCO AGRARIO', 0),
(449, 13, 8, 21, 21002, 'OFICINA SAN AGUSTIN', 'HOSPITAL SAN AGUSTIN', 0),
(450, 13, 23, 21, 21002, 'OFICINA SAN AGUSTIN', 'HOSPITAL SAN AGUSTIN', 0),
(451, 13, 24, 75, 75001, 'OFICINA SUAZA', 'SUAZA OFICINA PRINCIPAL', 0),
(452, 13, 9, 75, 75001, 'OFICINA SUAZA', 'SUAZA OFICINA PRINCIPAL', 0),
(453, 13, 2, 10, 10001, 'AIPE OFICINA PRINCIPAL', 'AIPE OFICINA PRINCIPAL', 0),
(454, 13, 17, 10, 10001, 'AIPE OFICINA PRINCIPAL', 'AIPE OFICINA PRINCIPAL', 0),
(455, 13, 39, 10, 10001, 'AIPE OFICINA PRINCIPAL', 'AIPE OFICINA PRINCIPAL', 0),
(456, 13, 70, 10, 10001, 'AIPE OFICINA PRINCIPAL', 'AIPE OFICINA PRINCIPAL', 0),
(457, 13, 25, 10, 10002, 'AIPE OFICINA PRINCIPAL', 'GALERIAS', 0),
(458, 13, 49, 10, 10002, 'AIPE OFICINA PRINCIPAL', 'GALERIAS', 0),
(459, 13, 3, 11, 11001, 'RIVERA OFICINA PRINCIPAL', 'RIVERA OFICINA PRINCIPAL', 0),
(460, 13, 9, 11, 11001, 'RIVERA OFICINA PRINCIPAL', 'RIVERA OFICINA PRINCIPAL', 0),
(461, 13, 1, 11, 11001, 'RIVERA OFICINA PRINCIPAL', 'RIVERA OFICINA PRINCIPAL', 0),
(462, 13, 60, 11, 11001, 'RIVERA OFICINA PRINCIPAL', 'RIVERA OFICINA PRINCIPAL', 0),
(463, 13, 8, 11, 11006, 'RIVERA OFICINA PRINCIPAL', 'ALCALDIA RIVERA', 0),
(464, 13, 23, 11, 11006, 'RIVERA OFICINA PRINCIPAL', 'ALCALDIA RIVERA', 0),
(465, 13, 25, 12, 12001, 'PALERMO OFICINA PRINCIPAL', 'PALERMO OFICINA PRINCIPAL', 0),
(466, 13, 2, 12, 12001, 'PALERMO OFICINA PRINCIPAL', 'PALERMO OFICINA PRINCIPAL', 0),
(467, 13, 17, 12, 12001, 'PALERMO OFICINA PRINCIPAL', 'PALERMO OFICINA PRINCIPAL', 0),
(468, 13, 42, 12, 12001, 'PALERMO OFICINA PRINCIPAL', 'PALERMO OFICINA PRINCIPAL', 0),
(469, 13, 72, 12, 12001, 'PALERMO OFICINA PRINCIPAL', 'PALERMO OFICINA PRINCIPAL', 0),
(470, 13, 72, 12, 12003, 'PALERMO OFICINA PRINCIPAL', 'GALERIA', 0),
(471, 13, 7, 12, 12003, 'PALERMO OFICINA PRINCIPAL', 'GALERIA', 0),
(472, 13, 45, 17, 14002, 'LA VICTORIA OFICINA PRINCIPAL', 'SAN ALFONSO', 0),
(473, 13, 27, 17, 14002, 'LA VICTORIA OFICINA PRINCIPAL', 'SAN ALFONSO', 0),
(474, 13, 13, 18, 18001, 'YAGUARA OFICINA PRINCIPAL', 'YAGUARA OFICINA PRINCIPAL', 0),
(475, 13, 17, 18, 18003, 'YAGUARA OFICINA PRINCIPAL', 'AVENIDA PRINCIPAL', 0),
(476, 13, 26, 49, 49001, 'OFICINA TELLO', 'TELLO OFICINA PRINCIPAL', 0),
(477, 13, 43, 50, 50001, 'OFICINA SANTAMARIA', 'SANTA MARIA OFICINA PRINCIPAL', 0),
(478, 13, 73, 50, 50001, 'OFICINA SANTAMARIA', 'SANTA MARIA OFICINA PRINCIPAL', 0),
(479, 13, 45, 51, 51001, 'OFICINA BARAYA', 'BARAYA OFICINA PRINCIPAL', 0),
(480, 13, 3, 52, 52001, 'OFICINA IQUIRA', 'IQUIRA OFICINA PRINCIPAL', 0),
(481, 13, 25, 68, 68001, 'OFICINA TERUEL', 'TERUEL OFICINA PRINCIPAL', 0),
(482, 13, 49, 68, 68001, 'OFICINA TERUEL', 'TERUEL OFICINA PRINCIPAL', 0),
(483, 13, 8, 68, 68003, 'OFICINA TERUEL', 'BRISAS DE TERUEL', 0),
(484, 13, 23, 68, 68003, 'OFICINA TERUEL', 'BRISAS DE TERUEL', 0),
(485, 13, 14, 72, 72001, 'OFICINA COLOMBIA', 'COLOMBIA OFICINA PRINCIPAL', 0),
(486, 13, 38, 72, 72001, 'OFICINA COLOMBIA', 'COLOMBIA OFICINA PRINCIPAL', 0),
(487, 13, 37, 72, 72001, 'OFICINA COLOMBIA', 'COLOMBIA OFICINA PRINCIPAL', 0),
(488, 13, 39, 72, 72001, 'OFICINA COLOMBIA', 'COLOMBIA OFICINA PRINCIPAL', 0),
(489, 13, 29, 72, 72001, 'OFICINA COLOMBIA', 'COLOMBIA OFICINA PRINCIPAL', 0),
(490, 13, 9, 72, 72001, 'OFICINA COLOMBIA', 'COLOMBIA OFICINA PRINCIPAL', 0),
(491, 13, 42, 72, 72001, 'OFICINA COLOMBIA', 'COLOMBIA OFICINA PRINCIPAL', 0),
(492, 13, 58, 72, 72001, 'OFICINA COLOMBIA', 'COLOMBIA OFICINA PRINCIPAL', 0),
(493, 13, 75, 78, 78001, 'OFICINA FORTALECILLAS', 'FORTALECILLAS OFICINA PRINCIPAL', 0),
(494, 13, 10, 1, 1227, 'OFICINA PPAL NEIVA CENTRO SUR', 'CENTRO COMERCIAL UNICO', 0),
(495, 13, 6, 1, 1227, 'OFICINA PPAL NEIVA CENTRO SUR', 'CENTRO COMERCIAL UNICO', 0),
(496, 13, 17, 1, 2042, 'OFICINA PPAL NEIVA CENTRO SUR', 'HOME CENTER', 0),
(497, 13, 12, 1, 2042, 'OFICINA PPAL NEIVA CENTRO SUR', 'HOME CENTER', 0),
(498, 13, 8, 1, 1072, 'OFICINA PPAL NEIVA CENTRO SUR', 'SAN FRANCISCO', 0),
(499, 13, 2, 1, 1072, 'OFICINA PPAL NEIVA CENTRO SUR', 'SAN FRANCISCO', 0),
(500, 13, 17, 1, 1043, 'OFICINA PPAL NEIVA CENTRO SUR', 'IPC', 0),
(501, 13, 12, 1, 1043, 'OFICINA PPAL NEIVA CENTRO SUR', 'IPC', 0),
(502, 13, 8, 1, 1055, 'OFICINA PPAL NEIVA CENTRO SUR', 'LOS ALPES', 0),
(503, 13, 2, 1, 1055, 'OFICINA PPAL NEIVA CENTRO SUR', 'LOS ALPES', 0),
(504, 13, 1, 1, 2008, 'OFICINA PPAL NEIVA CENTRO SUR', 'BISCOCHERIA MARTICA', 60),
(505, 13, 9, 1, 2008, 'OFICINA PPAL NEIVA CENTRO SUR', 'BISCOCHERIA MARTICA', 40),
(506, 13, 10, 1, 1066, 'OFICINA PPAL NEIVA CENTRO SUR', 'OLIMPICA', 0),
(507, 13, 6, 1, 1066, 'OFICINA PPAL NEIVA CENTRO SUR', 'OLIMPICA', 0),
(508, 13, 3, 1, 1066, 'OFICINA PPAL NEIVA CENTRO SUR', 'OLIMPICA', 0),
(509, 13, 3, 1, 1101, 'OFICINA PPAL NEIVA CENTRO SUR', 'VELOTAX', 0),
(510, 13, 4, 1, 1101, 'OFICINA PPAL NEIVA CENTRO SUR', 'VELOTAX', 0),
(511, 13, 20, 1, 1004, 'OFICINA PPAL NEIVA CENTRO SUR', 'ALFONSO LOPEZ', 0),
(512, 13, 13, 64, 64000, 'OFICINA BELEN', 'MAQUINAS BELEN INDIRECTOS', 0),
(513, 13, 8, 1, 1083, 'OFICINA PPAL NEIVA CENTRO SUR', 'URDANETA', 0),
(514, 13, 2, 1, 1083, 'OFICINA PPAL NEIVA CENTRO SUR', 'URDANETA', 0),
(515, 13, 9, 1, 1024, 'OFICINA PPAL NEIVA CENTRO SUR', 'DIEGO DE OSPINA', 0),
(516, 13, 1, 1, 1024, 'OFICINA PPAL NEIVA CENTRO SUR', 'DIEGO DE OSPINA', 0),
(517, 13, 1, 1, 1125, 'OFICINA PPAL NEIVA CENTRO SUR', 'BOSQUES DE SAN LUIS', 0),
(518, 13, 6, 1, 1125, 'OFICINA PPAL NEIVA CENTRO SUR', 'BOSQUES DE SAN LUIS', 0),
(519, 13, 10, 1, 1125, 'OFICINA PPAL NEIVA CENTRO SUR', 'BOSQUES DE SAN LUIS', 0),
(520, 13, 10, 1, 1040, 'OFICINA PPAL NEIVA CENTRO SUR', 'GLORIETA SANTA ISABEL', 0),
(521, 13, 6, 1, 1040, 'OFICINA PPAL NEIVA CENTRO SUR', 'GLORIETA SANTA ISABEL', 0),
(522, 13, 17, 1, 1128, 'OFICINA PPAL NEIVA CENTRO SUR', 'ACACIAS 2', 0),
(523, 13, 12, 1, 1128, 'OFICINA PPAL NEIVA CENTRO SUR', 'ACACIAS 2', 0),
(524, 13, 8, 1, 1057, 'OFICINA PPAL NEIVA CENTRO SUR', 'LOS PARQUES', 0),
(525, 13, 2, 1, 1057, 'OFICINA PPAL NEIVA CENTRO SUR', 'LOS PARQUES', 0),
(526, 13, 8, 1, 1084, 'OFICINA PPAL NEIVA CENTRO SUR', 'VENTILADOR', 0),
(527, 13, 37, 1, 1084, 'OFICINA PPAL NEIVA CENTRO SUR', 'VENTILADOR', 0),
(528, 13, 1, 1, 2012, 'OFICINA PPAL NEIVA CENTRO SUR', 'EXITO', 0),
(529, 13, 9, 1, 2012, 'OFICINA PPAL NEIVA CENTRO SUR', 'EXITO', 0),
(530, 13, 10, 1, 2016, 'OFICINA PPAL NEIVA CENTRO SUR', 'GUALANDAY', 0),
(531, 13, 6, 1, 2016, 'OFICINA PPAL NEIVA CENTRO SUR', 'GUALANDAY', 0),
(532, 13, 17, 1, 2009, 'OFICINA PPAL NEIVA CENTRO SUR', 'EL VERGEL', 0),
(533, 13, 27, 1, 2009, 'OFICINA PPAL NEIVA CENTRO SUR', 'EL VERGEL', 0),
(534, 13, 45, 1, 2036, 'OFICINA PPAL NEIVA CENTRO SUR', 'OLAYA HERRERA', 0),
(535, 13, 2, 1, 2036, 'OFICINA PPAL NEIVA CENTRO SUR', 'OLAYA HERRERA', 0),
(536, 13, 1, 1, 2007, 'OFICINA PPAL NEIVA CENTRO SUR', 'COCA-COLA', 0),
(537, 13, 9, 1, 2007, 'OFICINA PPAL NEIVA CENTRO SUR', 'COCA-COLA', 0),
(538, 13, 10, 1, 2002, 'OFICINA PPAL NEIVA CENTRO SUR', 'CAMILO TORRES', 0),
(539, 13, 6, 1, 2002, 'OFICINA PPAL NEIVA CENTRO SUR', 'CAMILO TORRES', 0),
(540, 13, 1, 1, 2020, 'OFICINA PPAL NEIVA CENTRO SUR', 'LAS BRISAS', 0),
(541, 13, 9, 1, 2020, 'OFICINA PPAL NEIVA CENTRO SUR', 'LAS BRISAS', 0),
(542, 13, 8, 1, 2025, 'OFICINA PPAL NEIVA CENTRO SUR', 'MONSERRATE', 0),
(543, 13, 9, 1, 2025, 'OFICINA PPAL NEIVA CENTRO SUR', 'MONSERRATE', 0),
(544, 13, 8, 1, 2031, 'OFICINA PPAL NEIVA CENTRO SUR', 'VERDURAS', 0),
(545, 13, 12, 1, 2031, 'OFICINA PPAL NEIVA CENTRO SUR', 'VERDURAS', 0),
(546, 13, 8, 1, 2015, 'OFICINA PPAL NEIVA CENTRO SUR', 'GOMELANDIA', 0),
(547, 13, 2, 1, 2015, 'OFICINA PPAL NEIVA CENTRO SUR', 'GOMELANDIA', 0),
(548, 13, 17, 1, 2052, 'OFICINA PPAL NEIVA CENTRO SUR', 'SIGLO XXI', 0),
(549, 13, 12, 1, 2052, 'OFICINA PPAL NEIVA CENTRO SUR', 'SIGLO XXI', 0),
(550, 13, 1, 1, 2003, 'OFICINA PPAL NEIVA CENTRO SUR', 'CANCHA GRANJAS', 0),
(551, 13, 9, 1, 2003, 'OFICINA PPAL NEIVA CENTRO SUR', 'CANCHA GRANJAS', 0),
(552, 13, 17, 1, 2053, 'OFICINA PPAL NEIVA CENTRO SUR', 'CORHUILA', 0),
(553, 13, 12, 1, 2053, 'OFICINA PPAL NEIVA CENTRO SUR', 'CORHUILA', 0),
(554, 13, 3, 1, 1027, 'OFICINA PPAL NEIVA CENTRO SUR', 'DROGUERIA COPIFAM LA TERCERA', 0),
(555, 13, 4, 1, 1027, 'OFICINA PPAL NEIVA CENTRO SUR', 'DROGUERIA COPIFAM LA TERCERA', 0),
(556, 13, 17, 1, 1068, 'OFICINA PPAL NEIVA CENTRO SUR', 'PARQUEADERO', 0),
(557, 13, 12, 1, 1068, 'OFICINA PPAL NEIVA CENTRO SUR', 'PARQUEADERO', 0),
(558, 13, 76, 1, 1130, 'OFICINA PPAL NEIVA CENTRO SUR', 'COMUNEROS', 0),
(559, 13, 77, 1, 1130, 'OFICINA PPAL NEIVA CENTRO SUR', 'COMUNEROS', 0),
(560, 13, 7, 1, 1069, 'OFICINA PPAL NEIVA CENTRO SUR', 'PLAZA SAN PEDRO', 0),
(561, 13, 13, 1, 1069, 'OFICINA PPAL NEIVA CENTRO SUR', 'PLAZA SAN PEDRO', 0),
(562, 13, 8, 1, 2044, 'OFICINA PPAL NEIVA CENTRO SUR', 'CAMBULOS', 0),
(563, 13, 2, 1, 2044, 'OFICINA PPAL NEIVA CENTRO SUR', 'CAMBULOS', 0),
(564, 13, 17, 1, 2006, 'OFICINA PPAL NEIVA CENTRO SUR', 'CHAPINERO', 0),
(565, 13, 12, 1, 2006, 'OFICINA PPAL NEIVA CENTRO SUR', 'CHAPINERO', 0),
(566, 13, 8, 1, 2021, 'OFICINA PPAL NEIVA CENTRO SUR', 'LAS VEGAS', 0),
(567, 13, 2, 1, 2021, 'OFICINA PPAL NEIVA CENTRO SUR', 'LAS VEGAS', 0),
(568, 13, 78, 1, 1098, 'OFICINA PPAL NEIVA CENTRO SUR', 'MERCANEIVA', 0),
(569, 13, 17, 1, 2013, 'OFICINA PPAL NEIVA CENTRO SUR', 'GAITAN', 0),
(570, 13, 12, 1, 2013, 'OFICINA PPAL NEIVA CENTRO SUR', 'GAITAN', 0),
(571, 13, 59, 32, 32001, 'OFICINA PRINCIPAL GARZON', 'GARZON OFICINA PRINCIPAL', 0),
(572, 13, 10, 1, 1082, 'OFICINA PPAL NEIVA CENTRO SUR', 'TRES ESQUINAS', 0),
(573, 13, 6, 1, 1082, 'OFICINA PPAL NEIVA CENTRO SUR', 'TRES ESQUINAS', 0),
(574, 13, 49, 32, 32001, 'OFICINA PRINCIPAL GARZON', 'GARZON OFICINA PRINCIPAL', 0),
(575, 13, 8, 1, 2057, 'OFICINA PPAL NEIVA CENTRO SUR', 'PLAZAS ALCID', 0),
(576, 13, 12, 1, 2057, 'OFICINA PPAL NEIVA CENTRO SUR', 'PLAZAS ALCID', 0),
(577, 13, 8, 1, 2001, 'OFICINA PPAL NEIVA CENTRO SUR', 'CAM', 0),
(578, 13, 2, 1, 2001, 'OFICINA PPAL NEIVA CENTRO SUR', 'CAM', 0),
(579, 13, 76, 1, 1110, 'OFICINA PPAL NEIVA CENTRO SUR', 'LA ROSA', 0),
(580, 13, 77, 1, 1110, 'OFICINA PPAL NEIVA CENTRO SUR', 'LA ROSA', 0),
(581, 13, 7, 1, 1010, 'OFICINA PPAL NEIVA CENTRO SUR', 'DROGUERIA MAS BARATA', 0),
(582, 13, 13, 1, 1010, 'OFICINA PPAL NEIVA CENTRO SUR', 'DROGUERIA MAS BARATA', 0),
(583, 13, 7, 1, 1155, 'OFICINA PPAL NEIVA CENTRO SUR', 'CAFETERIA LA 5', 0),
(584, 13, 9, 1, 1155, 'OFICINA PPAL NEIVA CENTRO SUR', 'CAFETERIA LA 5', 0),
(585, 13, 8, 1, 1220, 'OFICINA PPAL NEIVA CENTRO SUR', 'ACACIAS CARABINEROS', 0),
(586, 13, 46, 1, 1220, 'OFICINA PPAL NEIVA CENTRO SUR', 'ACACIAS CARABINEROS', 0),
(587, 13, 8, 1, 1222, 'OFICINA PPAL NEIVA CENTRO SUR', '11 DE NOVIEMBRE', 0),
(588, 13, 12, 1, 1222, 'OFICINA PPAL NEIVA CENTRO SUR', '11 DE NOVIEMBRE', 0),
(589, 13, 17, 1, 1141, 'OFICINA PPAL NEIVA CENTRO SUR', 'SAN JORGE DOS', 0),
(590, 13, 12, 1, 1141, 'OFICINA PPAL NEIVA CENTRO SUR', 'SAN JORGE DOS', 0),
(591, 13, 79, 27, 27001, 'OFICINA ALGECIRAS', 'ALGECIRAS OFICINA PRINCIPAL', 0),
(592, 13, 17, 1, 1061, 'OFICINA PPAL NEIVA CENTRO SUR', 'MANZANARES', 0),
(593, 13, 12, 1, 1061, 'OFICINA PPAL NEIVA CENTRO SUR', 'MANZANARES', 0),
(594, 13, 8, 1, 2062, 'OFICINA PPAL NEIVA CENTRO SUR', 'ALEJANDRIA', 0),
(595, 13, 13, 1, 2062, 'OFICINA PPAL NEIVA CENTRO SUR', 'ALEJANDRIA', 0),
(596, 13, 8, 1, 1056, 'OFICINA PPAL NEIVA CENTRO SUR', 'LOS LUJOS', 0),
(597, 13, 23, 1, 1056, 'OFICINA PPAL NEIVA CENTRO SUR', 'LOS LUJOS', 0),
(598, 13, 8, 1, 1038, 'OFICINA PPAL NEIVA CENTRO SUR', 'GALAN SUR', 0),
(599, 13, 12, 1, 1038, 'OFICINA PPAL NEIVA CENTRO SUR', 'GALAN SUR', 0),
(600, 13, 8, 1, 1240, 'OFICINA PPAL NEIVA CENTRO SUR', 'TERCER MILENIO PLUS', 0),
(601, 13, 12, 1, 1240, 'OFICINA PPAL NEIVA CENTRO SUR', 'TERCER MILENIO PLUS', 0),
(602, 13, 17, 1, 2005, 'OFICINA PPAL NEIVA CENTRO SUR', 'CARACOLI', 0),
(603, 13, 12, 1, 2005, 'OFICINA PPAL NEIVA CENTRO SUR', 'CARACOLI', 0),
(604, 13, 8, 1, 1071, 'OFICINA PPAL NEIVA CENTRO SUR', 'RADIADORES', 0),
(605, 13, 23, 1, 1071, 'OFICINA PPAL NEIVA CENTRO SUR', 'RADIADORES', 0),
(606, 13, 8, 1, 2029, 'OFICINA PPAL NEIVA CENTRO SUR', 'TELEFONICA', 0),
(607, 13, 13, 1, 2029, 'OFICINA PPAL NEIVA CENTRO SUR', 'TELEFONICA', 0),
(608, 13, 17, 1, 2032, 'OFICINA PPAL NEIVA CENTRO SUR', 'SANTA INES', 0),
(609, 13, 12, 1, 2032, 'OFICINA PPAL NEIVA CENTRO SUR', 'SANTA INES', 0),
(610, 13, 8, 1, 2038, 'OFICINA PPAL NEIVA CENTRO SUR', 'DARIO ECHANDIA', 0),
(611, 13, 12, 1, 2038, 'OFICINA PPAL NEIVA CENTRO SUR', 'DARIO ECHANDIA', 0),
(612, 13, 8, 1, 2055, 'OFICINA PPAL NEIVA CENTRO SUR', 'VILLA CECILIA', 0),
(613, 13, 12, 1, 2055, 'OFICINA PPAL NEIVA CENTRO SUR', 'VILLA CECILIA', 0),
(614, 13, 8, 1, 1004, 'OFICINA PPAL NEIVA CENTRO SUR', 'ALFONSO LOPEZ', 0),
(615, 13, 23, 1, 1004, 'OFICINA PPAL NEIVA CENTRO SUR', 'ALFONSO LOPEZ', 0),
(616, 13, 8, 1, 12005, 'OFICINA PPAL NEIVA CENTRO SUR', 'SANTA BARBARA', 0),
(617, 13, 31, 65, 65001, 'OFICINA PITAL', 'PITAL OFICINA PRINCIPAL', 0),
(618, 13, 17, 1, 12005, 'OFICINA PPAL NEIVA CENTRO SUR', 'SANTA BARBARA', 0),
(619, 13, 23, 1, 12005, 'OFICINA PPAL NEIVA CENTRO SUR', 'SANTA BARBARA', 0),
(620, 13, 8, 1, 1206, 'OFICINA PPAL NEIVA CENTRO SUR', 'UNICENTRO', 0),
(621, 13, 13, 1, 1206, 'OFICINA PPAL NEIVA CENTRO SUR', 'UNICENTRO', 0),
(622, 13, 8, 1, 12004, 'OFICINA PPAL NEIVA CENTRO SUR', 'FRONTERA NORTE', 0),
(623, 13, 12, 1, 12004, 'OFICINA PPAL NEIVA CENTRO SUR', 'FRONTERA NORTE', 0),
(624, 13, 10, 1, 12006, 'OFICINA PPAL NEIVA CENTRO SUR', 'HOSPEDAJE BAHIA', 0),
(625, 13, 13, 1, 12006, 'OFICINA PPAL NEIVA CENTRO SUR', 'HOSPEDAJE BAHIA', 0),
(626, 13, 8, 1, 1254, 'OFICINA PPAL NEIVA CENTRO SUR', 'LA INMACULADA', 0),
(627, 13, 12, 1, 1254, 'OFICINA PPAL NEIVA CENTRO SUR', 'LA INMACULADA', 0),
(628, 13, 13, 1, 1255, 'OFICINA PPAL NEIVA CENTRO SUR', 'VILLA REGINA', 0),
(629, 13, 8, 1, 1255, 'OFICINA PPAL NEIVA CENTRO SUR', 'VILLA REGINA', 0),
(630, 13, 10, 1, 1207, 'OFICINA PPAL NEIVA CENTRO SUR', 'SAN JUAN PLAZA', 0),
(631, 13, 12, 1, 1207, 'OFICINA PPAL NEIVA CENTRO SUR', 'SAN JUAN PLAZA', 0),
(632, 13, 8, 1, 1271, 'OFICINA PPAL NEIVA CENTRO SUR', 'SEDE CALLE 15', 0),
(633, 13, 23, 1, 1271, 'OFICINA PPAL NEIVA CENTRO SUR', 'SEDE CALLE 15', 0),
(634, 13, 8, 1, 1225, 'OFICINA PPAL NEIVA CENTRO SUR', 'CUARTO CENTENARIO BAJO', 0),
(635, 13, 12, 1, 1225, 'OFICINA PPAL NEIVA CENTRO SUR', 'CUARTO CENTENARIO BAJO', 0),
(636, 13, 8, 1, 1278, 'OFICINA PPAL NEIVA CENTRO SUR', 'MAX DUQUE', 0),
(637, 13, 9, 1, 1278, 'OFICINA PPAL NEIVA CENTRO SUR', 'MAX DUQUE', 0),
(638, 13, 8, 1, 1279, 'OFICINA PPAL NEIVA CENTRO SUR', 'MINUTO DE DIOS', 0),
(639, 13, 12, 1, 1279, 'OFICINA PPAL NEIVA CENTRO SUR', 'MINUTO DE DIOS', 0),
(640, 13, 10, 1, 1280, 'OFICINA PPAL NEIVA CENTRO SUR', 'SURTIPLAZA', 0),
(641, 13, 6, 1, 1280, 'OFICINA PPAL NEIVA CENTRO SUR', 'SURTIPLAZA', 0),
(642, 13, 19, 35, 35002, 'OFICINA GIGANTE', 'OFICINA PRINCIPAL-GALERIA', 0),
(643, 13, 12, 1, 1001, 'OFICINA PPAL NEIVA CENTRO SUR', 'OFICINA PPAL NEIVA', 0),
(644, 13, 46, 40, 40023, 'OFICINA PRINCIPAL LA PLATA', 'LA PLATA OFICINA  PARQUE', 0),
(645, 13, 8, 1, 2034, 'OFICINA PPAL NEIVA CENTRO SUR', 'ALTICO', 0),
(646, 13, 2, 1, 2034, 'OFICINA PPAL NEIVA CENTRO SUR', 'ALTICO', 0),
(647, 13, 17, 27, 27003, 'OFICINA ALGECIRAS', 'HOTEL TOLIMA', 0),
(648, 13, 12, 27, 27003, 'OFICINA ALGECIRAS', 'HOTEL TOLIMA', 0),
(649, 13, 23, 37, 37001, 'OFICINA HOBO', 'HOBO OFICINA PRINCIPAL', 0),
(650, 13, 18, 40, 40001, 'OFICINA PRINCIPAL LA PLATA', 'LA PLATA OFICINA PRINCIPAL', 0),
(651, 13, 80, 40, 40001, 'OFICINA PRINCIPAL LA PLATA', 'LA PLATA OFICINA PRINCIPAL', 0),
(652, 13, 81, 35, 35001, 'OFICINA GIGANTE', 'OFICNA PRINCIPAL ', 0),
(653, 13, 82, 20, 20001, 'OFICINA PRINCIPAL PITALITO', 'PITALITO OFICINA PRINCIPAL', 0),
(654, 13, 28, 32, 32002, 'OFICINA PRINCIPAL GARZON', 'BINGO LA NOVENA', 0),
(655, 13, 83, 32, 32001, 'OFICINA PRINCIPAL GARZON', 'GARZON OFICINA PRINCIPAL', 0),
(656, 13, 16, 32, 32001, 'OFICINA PRINCIPAL GARZON', 'GARZON OFICINA PRINCIPAL', 0),
(657, 13, 72, 65, 65002, 'OFICINA PITAL', 'ECUADOR', 0),
(658, 13, 8, 32, 32007, 'OFICINA PRINCIPAL GARZON', 'HOSPITAL', 10),
(659, 13, 12, 32, 32007, 'OFICINA PRINCIPAL GARZON', 'HOSPITAL', 30),
(660, 13, 86, 32, 32018, 'OFICINA PRINCIPAL GARZON', 'NUEVO HORIZONTE', 0),
(661, 13, 13, 32, 32025, 'OFICINA PRINCIPAL GARZON', 'SEMINARIO MAYOR', 0),
(662, 13, 87, 32, 32023, 'OFICINA PRINCIPAL GARZON', 'SENA', 0),
(663, 13, 8, 32, 32020, 'OFICINA PRINCIPAL GARZON', 'MINUTO DE DIOS', 0),
(664, 13, 17, 20, 20006, 'OFICINA PRINCIPAL PITALITO', 'GALERIA', 0),
(665, 13, 75, 20, 20001, 'OFICINA PRINCIPAL PITALITO', 'PITALITO OFICINA PRINCIPAL', 0),
(666, 13, 29, 10, 10002, 'AIPE OFICINA PRINCIPAL', 'GALERIAS', 0),
(667, 13, 13, 1, 1084, 'OFICINA PPAL NEIVA CENTRO SUR', 'VENTILADOR', 0),
(668, 13, 24, 20, 20004, 'OFICINA PRINCIPAL PITALITO', 'BINGO LA CUARTA', 0),
(669, 13, 17, 21, 21001, 'OFICINA SAN AGUSTIN', 'SAN AGUSTIN OFICINA PRINCIPAL', 0),
(670, 13, 8, 21, 21001, 'OFICINA SAN AGUSTIN', 'SAN AGUSTIN OFICINA PRINCIPAL', 0),
(671, 13, 12, 21, 21001, 'OFICINA SAN AGUSTIN', 'SAN AGUSTIN OFICINA PRINCIPAL', 0),
(672, 13, 2, 21, 21001, 'OFICINA SAN AGUSTIN', 'SAN AGUSTIN OFICINA PRINCIPAL', 0),
(673, 13, 13, 21, 21001, 'OFICINA SAN AGUSTIN', 'SAN AGUSTIN OFICINA PRINCIPAL', 0),
(674, 13, 45, 21, 21001, 'OFICINA SAN AGUSTIN', 'SAN AGUSTIN OFICINA PRINCIPAL', 0),
(675, 13, 49, 21, 21001, 'OFICINA SAN AGUSTIN', 'SAN AGUSTIN OFICINA PRINCIPAL', 0),
(676, 13, 46, 20, 20030, 'OFICINA PRINCIPAL PITALITO', 'SURGAS', 0),
(677, 13, 13, 51, 51001, 'OFICINA BARAYA', 'BARAYA OFICINA PRINCIPAL', 0),
(678, 13, 25, 78, 78001, 'OFICINA FORTALECILLAS', 'FORTALECILLAS OFICINA PRINCIPAL', 0),
(679, 13, 16, 78, 78001, 'OFICINA FORTALECILLAS', 'FORTALECILLAS OFICINA PRINCIPAL', 0),
(680, 13, 42, 78, 78001, 'OFICINA FORTALECILLAS', 'FORTALECILLAS OFICINA PRINCIPAL', 0),
(681, 13, 2, 78, 78001, 'OFICINA FORTALECILLAS', 'FORTALECILLAS OFICINA PRINCIPAL', 0);
INSERT INTO `asignar_turno` (`id`, `id_estado`, `id_turnos`, `id_oficina`, `id_sitio_venta`, `nombre_oficina`, `nombre_sitio_venta`, `porcentaje`) VALUES
(682, 13, 2, 34, 34001, 'OFICINA ALTAMIRA', 'ALTAMIRA OFICINA PRINCIPAL', 0),
(683, 13, 1, 75, 75001, 'OFICINA SUAZA', 'SUAZA OFICINA PRINCIPAL', 0),
(684, 13, 13, 24, 24002, 'OFICINA ACEVEDO', 'GALERIA ACEVEDO', 0),
(685, 13, 12, 11, 11006, 'RIVERA OFICINA PRINCIPAL', 'ALCALDIA RIVERA', 0),
(686, 13, 25, 35, 35001, 'OFICINA GIGANTE', 'OFICNA PRINCIPAL ', 0),
(687, 13, 8, 37, 37001, 'OFICINA HOBO', 'HOBO OFICINA PRINCIPAL', 0),
(688, 13, 12, 37, 37001, 'OFICINA HOBO', 'HOBO OFICINA PRINCIPAL', 0),
(689, 13, 8, 83, 83001, 'OFICINA ZULUAGA', 'PRINCIPAL ZULUAGA', 0),
(690, 13, 23, 83, 83001, 'OFICINA ZULUAGA', 'PRINCIPAL ZULUAGA', 0),
(691, 13, 25, 10, 10001, 'AIPE OFICINA PRINCIPAL', 'AIPE OFICINA PRINCIPAL', 5),
(692, 13, 42, 10, 10001, 'AIPE OFICINA PRINCIPAL', 'AIPE OFICINA PRINCIPAL', 5),
(693, 13, 28, 24, 24001, 'OFICINA ACEVEDO', 'ACEVEDO OFICINA PRINCIPAL', 1),
(694, 13, 88, 24, 24001, 'OFICINA ACEVEDO', 'ACEVEDO OFICINA PRINCIPAL', 1),
(695, 13, 87, 20, 20037, 'OFICINA PRINCIPAL PITALITO', 'ESTACION BIOMAX', 1),
(696, 13, 28, 24, 24005, 'OFICINA ACEVEDO', 'DROGUERIA LA ECONOMIA', 1),
(697, 13, 29, 24, 24005, 'OFICINA ACEVEDO', 'DROGUERIA LA ECONOMIA', 1),
(698, 13, 37, 24, 24005, 'OFICINA ACEVEDO', 'DROGUERIA LA ECONOMIA', 1),
(699, 13, 3, 33, 33001, 'OFICINA GUADALUPE', 'GUADALUPE OFICINA PRINCIPAL', 1),
(700, 13, 89, 21, 21001, 'OFICINA SAN AGUSTIN', 'SAN AGUSTIN OFICINA PRINCIPAL', 1),
(701, 13, 8, 20, 20009, 'OFICINA PRINCIPAL PITALITO', 'PARQUE', 1),
(702, 13, 10, 20, 20010, 'OFICINA PRINCIPAL PITALITO', 'QUINCHE', 1),
(703, 13, 12, 75, 75001, 'OFICINA SUAZA', 'SUAZA OFICINA PRINCIPAL', 1),
(704, 13, 90, 37, 37001, 'OFICINA HOBO', 'HOBO OFICINA PRINCIPAL', 1),
(705, 13, 13, 35, 35005, 'OFICINA GIGANTE', 'TRES ESQUINAS', 1),
(706, 13, 45, 17, 17001, 'LA VICTORIA OFICINA PRINCIPAL', 'LA VICTORIA OFICINA PRINCIPAL', 1),
(707, 13, 58, 51, 51001, 'OFICINA BARAYA', 'BARAYA OFICINA PRINCIPAL', 1),
(708, 13, 3, 13, 13000, 'JUNCAL OFICINA PRINCIPAL', 'MAQUINAS JUNCAL INDIRECTOS', 50);

-- --------------------------------------------------------

--
-- Estructura de tabla para la tabla `asignar_turno_vendedor`
--

CREATE TABLE `asignar_turno_vendedor` (
  `id` bigint(20) NOT NULL,
  `id_oficina` int(11) NOT NULL,
  `id_sitio_venta` int(11) NOT NULL,
  `id_vendedor` int(11) NOT NULL,
  `nombre_oficina` varchar(60) NOT NULL,
  `nombre_sitio_venta` varchar(60) NOT NULL,
  `nombre_vendedor` varchar(60) NOT NULL,
  `fecha_final` date NOT NULL,
  `fecha_inicio` date NOT NULL,
  `id_turno` bigint(20) NOT NULL,
  `ide_subzona` int(11) NOT NULL,
  `estado` varchar(50) NOT NULL
) ENGINE=InnoDB DEFAULT CHARSET=utf8mb4;

--
-- Volcado de datos para la tabla `asignar_turno_vendedor`
--

INSERT INTO `asignar_turno_vendedor` (`id`, `id_oficina`, `id_sitio_venta`, `id_vendedor`, `nombre_oficina`, `nombre_sitio_venta`, `nombre_vendedor`, `fecha_final`, `fecha_inicio`, `id_turno`, `ide_subzona`, `estado`) VALUES
(1, 25, 25002, 368, 'OFICINA PPAL CAMPOALEGRE', 'SAN ISIDRO', 'SAIDA MAGNOLIA RODRIGUEZ', '2022-07-31', '2022-07-01', 2, 3, 'Disponible'),
(2, 32, 32001, 3301, 'OFICINA PRINCIPAL GARZON', 'GARZON OFICINA PRINCIPAL', 'MARIA DEL PILAR MARTINEZ', '2022-07-30', '2022-06-30', 3, 3, 'Eliminado'),
(3, 32, 32001, 3367, 'OFICINA PRINCIPAL GARZON', 'GARZON OFICINA PRINCIPAL', 'YISEL ALEXANDRA CEDIEL', '2022-07-31', '2022-07-01', 4, 3, 'Disponible'),
(4, 32, 32001, 1466, 'OFICINA PRINCIPAL GARZON', 'GARZON OFICINA PRINCIPAL', ' ZULY BARAHONA', '2022-07-30', '2022-06-30', 5, 3, 'Eliminado'),
(5, 32, 32004, 1626, 'OFICINA PRINCIPAL GARZON', 'COLACHO', ' ANDREA    RAMIREZ  ', '2022-07-30', '2022-06-30', 6, 3, 'Eliminado'),
(6, 32, 32002, 148, 'OFICINA PRINCIPAL GARZON', 'BINGO LA NOVENA', 'MARISOL AVILA', '2022-07-30', '2022-06-30', 6, 3, 'Eliminado'),
(7, 32, 32005, 26, 'OFICINA PRINCIPAL GARZON', 'COMCEL', 'BEATRIZ CONTRERAS', '2022-07-30', '2022-06-30', 7, 3, 'Eliminado'),
(8, 32, 32035, 9, 'OFICINA PRINCIPAL GARZON', 'GUADUALES', 'OSCAR IVAN VARGAS', '2022-07-31', '2022-07-01', 8, 3, 'Disponible'),
(9, 32, 32017, 21, 'OFICINA PRINCIPAL GARZON', 'LIMONAR', 'RUTH MIRYAM CARDENAS', '2022-07-30', '2022-06-30', 8, 3, 'Eliminado'),
(10, 32, 32001, 2818, 'OFICINA PRINCIPAL GARZON', 'GARZON OFICINA PRINCIPAL', 'LINA MARCELA CAMACHO', '2022-07-30', '2022-06-30', 9, 3, 'Eliminado'),
(11, 32, 32001, 22, 'OFICINA PRINCIPAL GARZON', 'GARZON OFICINA PRINCIPAL', 'YANETH CONSTANZA RIVERA', '2022-07-31', '2022-07-01', 7, 3, 'Disponible'),
(12, 32, 32001, 23, 'OFICINA PRINCIPAL GARZON', 'GARZON OFICINA PRINCIPAL', 'EDILMA GOMEZ', '2022-07-30', '2022-06-30', 7, 3, 'Eliminado'),
(13, 32, 32004, 18, 'OFICINA PRINCIPAL GARZON', 'COLACHO', 'MARISOL ARTUNDUAGA', '2022-07-31', '2022-07-01', 10, 3, 'Disponible'),
(14, 32, 32007, 24, 'OFICINA PRINCIPAL GARZON', 'HOSPITAL', 'ANGELINA PINEDA', '2022-07-30', '2022-06-30', 15, 3, 'Eliminado'),
(16, 32, 32019, 1362, 'OFICINA PRINCIPAL GARZON', 'LA JAGUA', 'DIANA BELEN FERNANDEZ', '2022-07-30', '2022-06-30', 13, 3, 'Eliminado'),
(17, 32, 32020, 11, 'OFICINA PRINCIPAL GARZON', 'MINUTO DE DIOS', 'LEIDY LORENA LLANOS', '2022-07-30', '2022-06-30', 17, 3, 'Eliminado'),
(18, 32, 32020, 1506, 'OFICINA PRINCIPAL GARZON', 'MINUTO DE DIOS', 'DELIA  MILENA CHICA  ', '2022-07-31', '2022-07-01', 12, 3, 'Disponible'),
(19, 32, 32025, 28, 'OFICINA PRINCIPAL GARZON', 'SEMINARIO MAYOR', 'MARTHA LUCIA BARRERA', '2022-07-30', '2022-06-30', 2, 3, 'Eliminado'),
(20, 32, 32023, 6, 'OFICINA PRINCIPAL GARZON', 'SENA', 'NORFI MUÑOZ', '2022-07-31', '2022-07-01', 12, 3, 'Disponible'),
(21, 32, 32008, 649, 'OFICINA PRINCIPAL GARZON', 'LAS MERCEDES', 'LIDA VERONICA FIERRO', '2022-07-30', '2022-06-30', 12, 3, 'Eliminado'),
(22, 32, 32006, 13, 'OFICINA PRINCIPAL GARZON', 'GALERIA', 'YULY TATIANA CHICA', '2022-07-31', '2022-07-01', 7, 3, 'Disponible'),
(23, 32, 32006, 2464, 'OFICINA PRINCIPAL GARZON', 'GALERIA', 'JHON ALEXANDER  SERRANO', '2022-07-30', '2022-06-30', 5, 3, 'Eliminado'),
(24, 32, 32001, 30, 'OFICINA PRINCIPAL GARZON', 'GARZON OFICINA PRINCIPAL', 'ROSA MARIA YANDE', '2022-07-31', '2022-07-01', 9, 3, 'Disponible'),
(25, 32, 32001, 20, 'OFICINA PRINCIPAL GARZON', 'GARZON OFICINA PRINCIPAL', 'ALEYDA MONTES', '2022-07-31', '2022-07-01', 18, 3, 'Disponible'),
(26, 35, 35001, 60, 'OFICINA GIGANTE', 'PRINCIPAL COAGROHUILA', 'SANDRA MAGALY MANRIQUE', '2022-07-30', '2022-06-30', 20, 3, 'Eliminado'),
(27, 35, 35001, 3729, 'OFICINA GIGANTE', 'PRINCIPAL COAGROHUILA', 'MAIRA  ALEJANDRA HOME', '2022-07-31', '2022-07-01', 18, 3, 'Disponible'),
(28, 35, 35001, 971, 'OFICINA GIGANTE', 'PRINCIPAL COAGROHUILA', 'VIVIANA MARCELA POLANCO', '2022-07-30', '2022-06-30', 10, 3, 'Eliminado'),
(29, 32, 32002, 1466, 'OFICINA PRINCIPAL GARZON', 'BINGO LA NOVENA', ' ZULY BARAHONA', '2022-07-29', '2022-06-29', 11, 0, 'Eliminado'),
(30, 32, 32002, 2818, 'OFICINA PRINCIPAL GARZON', 'BINGO LA NOVENA', 'LINA MARCELA CAMACHO', '2022-07-29', '2022-06-29', 10, 0, 'Eliminado'),
(31, 32, 32005, 18, 'OFICINA PRINCIPAL GARZON', 'COMCEL', 'MARISOL ARTUNDUAGA', '2022-07-30', '2022-06-30', 13, 0, 'Disponible'),
(32, 32, 32007, 24, 'OFICINA PRINCIPAL GARZON', 'HOSPITAL', 'ANGELINA PINEDA', '2022-07-29', '2022-06-29', 16, 3, 'Eliminado'),
(33, 32, 32017, 21, 'OFICINA PRINCIPAL GARZON', 'LIMONAR', 'RUTH MIRYAM CARDENAS', '2022-07-29', '2022-06-29', 12, 3, 'Eliminado'),
(34, 32, 32018, 8, 'OFICINA PRINCIPAL GARZON', 'NUEVO HORIZONTE', 'LILIANA CUELLAR', '2022-07-29', '2022-06-29', 8, 0, 'Eliminado'),
(35, 32, 32019, 1362, 'OFICINA PRINCIPAL GARZON', 'LA JAGUA', 'DIANA BELEN FERNANDEZ', '2022-07-29', '2022-06-29', 8, 0, 'Eliminado'),
(36, 32, 32020, 11, 'OFICINA PRINCIPAL GARZON', 'MINUTO DE DIOS', 'LEIDY LORENA LLANOS', '2022-07-29', '2022-06-29', 22, 0, 'Eliminado'),
(37, 32, 32025, 1506, 'OFICINA PRINCIPAL GARZON', 'SEMINARIO MAYOR', 'DELIA  MILENA CHICA  ', '2022-07-30', '2022-06-30', 8, 0, 'Disponible'),
(38, 32, 32023, 6, 'OFICINA PRINCIPAL GARZON', 'SENA', 'NORFI MUÑOZ', '2022-07-30', '2022-06-30', 8, 0, 'Disponible'),
(39, 32, 32008, 649, 'OFICINA PRINCIPAL GARZON', 'LAS MERCEDES', 'LIDA VERONICA FIERRO', '2022-07-29', '2022-06-29', 8, 0, 'Eliminado'),
(40, 32, 32001, 30, 'OFICINA PRINCIPAL GARZON', 'GARZON OFICINA PRINCIPAL', 'ROSA MARIA YANDE', '2022-07-30', '2022-06-30', 10, 0, 'Disponible'),
(41, 32, 32001, 20, 'OFICINA PRINCIPAL GARZON', 'GARZON OFICINA PRINCIPAL', 'ALEYDA MONTES', '2022-07-30', '2022-06-30', 3, 0, 'Disponible'),
(42, 35, 35001, 60, 'OFICINA GIGANTE', 'PRINCIPAL COAGROHUILA', 'SANDRA MAGALY MANRIQUE', '2022-07-30', '2022-06-30', 19, 0, 'Disponible'),
(43, 35, 35001, 3729, 'OFICINA GIGANTE', 'PRINCIPAL COAGROHUILA', 'MAIRA  ALEJANDRA HOME', '2022-07-30', '2022-06-30', 10, 0, 'Disponible'),
(44, 35, 35001, 61, 'OFICINA GIGANTE', 'PRINCIPAL COAGROHUILA', 'DIANA MARCELA CABRERA', '2022-07-29', '2022-06-29', 19, 0, 'Eliminado'),
(45, 35, 35002, 388, 'OFICINA GIGANTE', 'OFICINA PRINCIPAL-GALERIA', 'YANITH ZULEIMA POLANCO', '2022-07-29', '2022-06-29', 7, 0, 'Eliminado'),
(46, 35, 35002, 3387, 'OFICINA GIGANTE', 'OFICINA PRINCIPAL-GALERIA', 'JORDYS CAMILO RUBIO', '2022-07-29', '2022-06-29', 13, 0, 'Eliminado'),
(47, 35, 35003, 3179, 'OFICINA GIGANTE', '8 DE MAYO', 'MAYRA ESTEFFANY ROJAS', '2022-07-29', '2022-06-29', 8, 0, 'Eliminado'),
(49, 35, 35004, 3138, 'OFICINA GIGANTE', 'PUENTE PEATONAL', 'MARIA ALEJANDRA PEREZ', '2022-07-30', '2022-06-30', 2, 0, 'Disponible'),
(51, 35, 35004, 3387, 'OFICINA GIGANTE', 'PUENTE PEATONAL', 'JORDYS CAMILO RUBIO', '2022-07-30', '2022-06-30', 8, 0, 'Disponible'),
(52, 35, 35005, 2852, 'OFICINA GIGANTE', 'TRES ESQUINAS', 'INGRID CATHERINE PEDROZA', '2022-07-30', '2022-06-30', 8, 0, 'Disponible'),
(54, 32, 32035, 9, 'OFICINA PRINCIPAL GARZON', 'GUADUALES', 'OSCAR IVAN VARGAS', '2022-07-30', '2022-06-30', 12, 0, 'Disponible'),
(55, 32, 32001, 3301, 'OFICINA PRINCIPAL GARZON', 'GARZON OFICINA PRINCIPAL', 'MARIA DEL PILAR MARTINEZ', '2022-07-29', '2022-06-29', 9, 0, 'Eliminado'),
(56, 40, 40001, 398, 'OFICINA PRINCIPAL LA PLATA', 'LA PLATA OFICINA PRINCIPAL', 'DORA LILIANA VARGAS', '2022-07-30', '2022-06-30', 7, 0, 'Disponible'),
(58, 40, 40023, 2244, 'OFICINA PRINCIPAL LA PLATA', 'LA PLATA OFICINA  PARQUE', 'LIDA YASMIN BERMUDES', '2022-07-30', '2022-06-30', 8, 0, 'Disponible'),
(60, 40, 40023, 76, 'OFICINA PRINCIPAL LA PLATA', 'LA PLATA OFICINA  PARQUE', 'SANDRA MILENA CABRERA', '2022-07-30', '2022-06-30', 7, 0, 'Disponible'),
(61, 40, 40023, 4664, 'OFICINA PRINCIPAL LA PLATA', 'LA PLATA OFICINA  PARQUE', 'BLANCA YAMILETH CARDENAS', '2022-07-30', '2022-06-30', 1, 0, 'Disponible'),
(62, 40, 40001, 72, 'OFICINA PRINCIPAL LA PLATA', 'LA PLATA OFICINA PRINCIPAL', 'DERLY SOFIA ARAUJO', '2022-07-29', '2022-06-29', 25, 0, 'Eliminado'),
(63, 40, 40003, 2244, 'OFICINA PRINCIPAL LA PLATA', 'LA POLA', 'LIDA YASMIN BERMUDES', '2022-07-30', '2022-06-30', 13, 0, 'Disponible'),
(64, 40, 40003, 79, 'OFICINA PRINCIPAL LA PLATA', 'LA POLA', 'YASMIN QUINTERO', '2022-07-30', '2022-06-30', 7, 0, 'Disponible'),
(65, 40, 40004, 82, 'OFICINA PRINCIPAL LA PLATA', 'EL OBRERO', 'MARIA FERNANDA URREA', '2022-07-30', '2022-06-30', 8, 0, 'Disponible'),
(66, 40, 40004, 82, 'OFICINA PRINCIPAL LA PLATA', 'EL OBRERO', 'MARIA FERNANDA URREA', '2022-07-30', '2022-06-30', 12, 0, 'Disponible'),
(67, 40, 40005, 3879, 'OFICINA PRINCIPAL LA PLATA', 'SAN RAFAEL', 'MARINELA HERRERA', '2022-07-30', '2022-06-30', 8, 0, 'Disponible'),
(68, 40, 40005, 1660, 'OFICINA PRINCIPAL LA PLATA', 'SAN RAFAEL', 'SANDRA MILENA    GUTIERREZ', '2022-07-30', '2022-06-30', 2, 0, 'Disponible'),
(69, 40, 40006, 3946, 'OFICINA PRINCIPAL LA PLATA', 'LA  AVENIDA-SAN ANTONIO', 'YEIMMY LIZETH BARRIGA', '2022-07-30', '2022-06-30', 8, 0, 'Disponible'),
(71, 40, 40009, 2760, 'OFICINA PRINCIPAL LA PLATA', 'SAN SEBASTIAN', 'MARIA ISABEL BUITRON', '2022-07-30', '2022-06-30', 8, 0, 'Disponible'),
(72, 40, 40009, 2760, 'OFICINA PRINCIPAL LA PLATA', 'SAN SEBASTIAN', 'MARIA ISABEL BUITRON', '2022-07-30', '2022-06-30', 23, 0, 'Disponible'),
(73, 40, 40002, 3879, 'OFICINA PRINCIPAL LA PLATA', 'GALERIA', 'MARINELA HERRERA', '2022-07-30', '2022-06-30', 12, 0, 'Disponible'),
(74, 40, 40002, 78, 'OFICINA PRINCIPAL LA PLATA', 'GALERIA', 'LIBIA INES RAMIREZ', '2022-07-30', '2022-06-30', 17, 0, 'Disponible'),
(75, 25, 25001, 1914, 'OFICINA PPAL CAMPOALEGRE', 'CAMPOALEGRE OFICINA PRINCIPAL', 'CINDY CAROLINA GARZON', '2022-07-29', '2022-06-29', 26, 0, 'Eliminado'),
(76, 25, 25001, 1914, 'OFICINA PPAL CAMPOALEGRE', 'CAMPOALEGRE OFICINA PRINCIPAL', 'CINDY CAROLINA GARZON', '2022-07-29', '2022-06-29', 27, 0, 'Eliminado'),
(77, 25, 25001, 3114, 'OFICINA PPAL CAMPOALEGRE', 'CAMPOALEGRE OFICINA PRINCIPAL', 'SULAY ANDREA RUIZ', '2022-07-30', '2022-06-30', 28, 0, 'Disponible'),
(78, 25, 25001, 3114, 'OFICINA PPAL CAMPOALEGRE', 'CAMPOALEGRE OFICINA PRINCIPAL', 'SULAY ANDREA RUIZ', '2022-07-30', '2022-06-30', 29, 0, 'Disponible'),
(79, 25, 25001, 54, 'OFICINA PPAL CAMPOALEGRE', 'CAMPOALEGRE OFICINA PRINCIPAL', 'GIRLEZA MARTINEZ', '2022-07-30', '2022-06-30', 6, 0, 'Disponible'),
(80, 25, 25001, 51, 'OFICINA PPAL CAMPOALEGRE', 'CAMPOALEGRE OFICINA PRINCIPAL', 'LORENA ESCOVAR', '2022-07-30', '2022-06-30', 26, 0, 'Disponible'),
(81, 25, 25001, 51, 'OFICINA PPAL CAMPOALEGRE', 'CAMPOALEGRE OFICINA PRINCIPAL', 'LORENA ESCOVAR', '2022-07-30', '2022-06-30', 30, 0, 'Disponible'),
(82, 25, 25001, 372, 'OFICINA PPAL CAMPOALEGRE', 'CAMPOALEGRE OFICINA PRINCIPAL', 'YOMAIRA ORTIZ', '2022-07-30', '2022-06-30', 17, 0, 'Disponible'),
(83, 25, 25002, 3122, 'OFICINA PPAL CAMPOALEGRE', 'SAN ISIDRO', 'KAROL JULIETH CABRERA', '2022-07-31', '2022-07-01', 8, 3, 'Disponible'),
(84, 25, 25003, 1848, 'OFICINA PPAL CAMPOALEGRE', 'PAPATOS', 'KAROL JOHANA MEDINA', '2022-07-31', '2022-07-01', 8, 3, 'Disponible'),
(85, 25, 25003, 52, 'OFICINA PPAL CAMPOALEGRE', 'PAPATOS', 'ERIKA FIERRO', '2022-07-31', '2022-07-01', 17, 3, 'Disponible'),
(86, 25, 25004, 1928, 'OFICINA PPAL CAMPOALEGRE', 'ALFONSO LOPEZ', 'EDITH CAVIEDES ', '2022-07-31', '2022-07-01', 8, 3, 'Disponible'),
(87, 25, 25010, 370, 'OFICINA PPAL CAMPOALEGRE', 'AVENIDA PRINCIPAL', 'YINETH MARIN', '2022-07-31', '2022-07-01', 7, 3, 'Disponible'),
(88, 65, 65001, 96, 'OFICINA PITAL', 'PITAL OFICINA PRINCIPAL', 'YIDMI YOLIMA ROJAS', '2022-07-31', '2022-07-01', 25, 3, 'Disponible'),
(89, 65, 65001, 412, 'OFICINA PITAL', 'PITAL OFICINA PRINCIPAL', 'MARLY YASMIN BRAVO', '2022-07-31', '2022-07-01', 17, 3, 'Disponible'),
(90, 65, 65002, 410, 'OFICINA PITAL', 'ECUADOR', 'MARGOT GAITAN', '2022-07-30', '2022-06-30', 25, 3, 'Eliminado'),
(91, 66, 66001, 34, 'OFICINA AGRADO', 'AGRADO OFICINA PRINCIPAL', 'MARIA EUGENIA SIERRA', '2022-07-31', '2022-07-01', 31, 3, 'Disponible'),
(92, 66, 66001, 411, 'OFICINA AGRADO', 'AGRADO OFICINA PRINCIPAL', 'BIBIANA OROZCO', '2022-07-31', '2022-07-01', 17, 3, 'Disponible'),
(93, 56, 56001, 3961, 'OFICINA LA ARGENTINA', 'LA ARGENTINA OFICINA PRINCIPAL', 'JENNIFFER DEL PILAR ARENAS', '2022-07-31', '2022-07-01', 17, 3, 'Disponible'),
(94, 56, 56001, 809, 'OFICINA LA ARGENTINA', 'LA ARGENTINA OFICINA PRINCIPAL', 'ANDREA MAGNOLIA ARIAS', '2022-07-31', '2022-07-01', 10, 3, 'Disponible'),
(95, 27, 27001, 40, 'OFICINA ALGECIRAS', 'ALGECIRAS OFICINA PRINCIPAL', 'SANDRA PATRICIA RIVERA', '2022-07-31', '2022-07-01', 8, 3, 'Disponible'),
(96, 27, 27001, 3529, 'OFICINA ALGECIRAS', 'ALGECIRAS OFICINA PRINCIPAL', 'JUAN DIEGO CARVALLO', '2022-07-31', '2022-07-01', 8, 3, 'Disponible'),
(97, 27, 27001, 1336, 'OFICINA ALGECIRAS', 'ALGECIRAS OFICINA PRINCIPAL', 'JENNY ALEXANDRA AGUDELO', '2022-07-31', '2022-07-01', 2, 3, 'Disponible'),
(98, 27, 27003, 4673, 'OFICINA ALGECIRAS', 'HOTEL TOLIMA', 'JEIDY JOHANNA GUEVARA', '2022-07-31', '2022-07-01', 8, 3, 'Disponible'),
(99, 64, 64001, 957, 'OFICINA BELEN', 'BELEN OFICINA PRINCIPAL', 'CECILIA ARANGO', '2022-07-30', '2022-06-30', 8, 3, 'Eliminado'),
(100, 37, 37001, 65, 'OFICINA HOBO', 'HOBO OFICINA PRINCIPAL', 'SAUL SUAZA', '2022-07-31', '2022-07-01', 14, 3, 'Disponible'),
(101, 37, 37001, 394, 'OFICINA HOBO', 'HOBO OFICINA PRINCIPAL', 'YURI JOVEN', '2022-07-31', '2022-07-01', 17, 3, 'Disponible'),
(102, 37, 37002, 943, 'OFICINA HOBO', 'PLAZAS ALCID', 'YISELA  CALDERON ', '2022-07-30', '2022-06-30', 8, 3, 'Eliminado'),
(103, 57, 57001, 2348, 'OFICINA NATAGA', 'NATAGA OFICINA PRINCIPAL', 'MAIRA YULISA PEREZ', '2022-07-30', '2022-06-30', 8, 3, 'Eliminado'),
(104, 57, 57001, 3471, 'OFICINA NATAGA', 'NATAGA OFICINA PRINCIPAL', 'DIANA PAOLA CHACUE ', '2022-07-30', '2022-06-30', 17, 3, 'Eliminado'),
(105, 55, 55001, 90, 'OFICINA PAICOL', 'PAICOL OFICINA PRINCIPAL', 'IDANIS MEDINA', '2022-07-30', '2022-06-30', 8, 3, 'Eliminado'),
(106, 55, 55001, 2202, 'OFICINA PAICOL', 'PAICOL OFICINA PRINCIPAL', 'TATIANA CERQUERA', '2022-07-30', '2022-06-30', 32, 3, 'Eliminado'),
(107, 42, 42001, 2396, 'OFICINA TESALIA', 'TESALIA OFICINA PRINCIPAL', 'ANYELA JULIET CABRERA', '2022-07-31', '2022-07-01', 8, 3, 'Disponible'),
(108, 42, 42001, 3625, 'OFICINA TESALIA', 'TESALIA OFICINA PRINCIPAL', 'ADRIANA MERCEDES ANDRADE', '2022-07-31', '2022-07-01', 1, 3, 'Disponible'),
(109, 42, 42000, 2220, 'OFICINA TESALIA', 'MAQUINAS TESALIA INDIRECTOS', 'ELIDIO PEREZ', '2022-07-30', '2022-06-30', 8, 3, 'Eliminado'),
(110, 10, 10002, 1478, 'AIPE OFICINA PRINCIPAL', 'GALERIAS', 'DARIS YALEIDA PABON ', '2022-07-31', '2022-07-01', 8, 4, 'Disponible'),
(111, 10, 10001, 3669, 'AIPE OFICINA PRINCIPAL', 'AIPE OFICINA PRINCIPAL', 'FRANCY ESPERANZA MUÑOZ ', '2022-07-30', '2022-06-30', 8, 4, 'Eliminado'),
(112, 10, 10001, 37, 'AIPE OFICINA PRINCIPAL', 'AIPE OFICINA PRINCIPAL', 'CLAUDIA MARCELA CHARRY', '2022-07-31', '2022-07-01', 33, 4, 'Disponible'),
(113, 13, 13001, 3675, 'JUNCAL OFICINA PRINCIPAL', 'JUNCAL OFICINA PRINCIPAL', 'MARIANA BARRIOS ', '2022-07-31', '2022-07-01', 8, 4, 'Disponible'),
(114, 17, 17001, 83, 'LA VICTORIA OFICINA PRINCIPAL', 'LA VICTORIA OFICINA PRINCIPAL', 'MERYI VANEGAS', '2022-07-31', '2022-07-01', 8, 4, 'Disponible'),
(115, 51, 51001, 1666, 'OFICINA BARAYA', 'BARAYA OFICINA PRINCIPAL', 'YESICA ALEJANDRA   SANCHEZ', '2022-07-31', '2022-07-01', 8, 4, 'Disponible'),
(116, 80, 80001, 48, 'OFICINA CAGUAN', 'CAGUAN OFICINA PRINCIPAL', 'FRANCY YURANY QUINTERO', '2022-07-31', '2022-07-01', 1, 4, 'Disponible'),
(117, 80, 80001, 493, 'OFICINA CAGUAN', 'CAGUAN OFICINA PRINCIPAL', 'MARTHA ISABEL CASTRO', '2022-07-31', '2022-07-01', 3, 4, 'Disponible'),
(118, 72, 72001, 1968, 'OFICINA COLOMBIA', 'COLOMBIA OFICINA PRINCIPAL', 'LUDY LILIAN CORDOBA', '2022-07-31', '2022-07-01', 8, 4, 'Disponible'),
(119, 52, 52001, 67, 'OFICINA IQUIRA', 'IQUIRA OFICINA PRINCIPAL', 'MARIA DEL SOCORRO GARCIA', '2022-07-31', '2022-07-01', 8, 4, 'Disponible'),
(120, 52, 52001, 66, 'OFICINA IQUIRA', 'IQUIRA OFICINA PRINCIPAL', 'INGRID YISETH YUSTRES', '2022-07-31', '2022-07-01', 17, 4, 'Disponible'),
(121, 50, 50001, 2856, 'OFICINA SANTAMARIA', 'SANTA MARIA OFICINA PRINCIPAL', 'MAYERLY ANDREA AREVALO', '2022-07-31', '2022-07-01', 41, 4, 'Disponible'),
(122, 49, 49001, 4490, 'OFICINA TELLO', 'TELLO OFICINA PRINCIPAL', 'YOLIMAR PERDOMO', '2022-07-31', '2022-07-01', 8, 4, 'Disponible'),
(123, 49, 49001, 170, 'OFICINA TELLO', 'TELLO OFICINA PRINCIPAL', 'ALIX MILENA AREVALO', '2022-07-31', '2022-07-01', 42, 4, 'Disponible'),
(124, 68, 68001, 4350, 'OFICINA TERUEL', 'TERUEL OFICINA PRINCIPAL', 'ELIANA MARCELA RAMON', '2022-07-31', '2022-07-01', 8, 4, 'Disponible'),
(125, 68, 68001, 172, 'OFICINA TERUEL', 'TERUEL OFICINA PRINCIPAL', 'JAIME VARGAS', '2022-07-31', '2022-07-01', 43, 4, 'Disponible'),
(126, 68, 68001, 1271, 'OFICINA TERUEL', 'TERUEL OFICINA PRINCIPAL', 'NINI YOHANA  TAMAYO', '2022-07-31', '2022-07-01', 8, 4, 'Disponible'),
(127, 54, 54001, 4486, 'OFICINA VEGALARGA', 'VEGALARGA OFICINA PRINCIPAL', 'ANGELA PATRICIA BARON', '2022-07-31', '2022-07-01', 8, 4, 'Disponible'),
(128, 12, 12003, 217, 'PALERMO OFICINA PRINCIPAL', 'GALERIA', 'AMINTA CORDOBA', '2022-07-30', '2022-06-30', 8, 4, 'Eliminado'),
(129, 12, 12001, 1748, 'PALERMO OFICINA PRINCIPAL', 'PALERMO OFICINA PRINCIPAL', 'DANIELA URAZAN', '2022-07-31', '2022-07-01', 8, 4, 'Disponible'),
(130, 12, 12001, 3082, 'PALERMO OFICINA PRINCIPAL', 'PALERMO OFICINA PRINCIPAL', 'MARIA FERNANDA ALARCON', '2022-07-31', '2022-07-01', 44, 4, 'Disponible'),
(131, 12, 12001, 1790, 'PALERMO OFICINA PRINCIPAL', 'PALERMO OFICINA PRINCIPAL', 'MAYERLY NARVAEZ', '2022-07-30', '2022-06-30', 6, 4, 'Eliminado'),
(132, 11, 11006, 3800, 'RIVERA OFICINA PRINCIPAL', 'ALCALDIA RIVERA', 'LEIDY TATIANA HERRERA', '2022-07-31', '2022-07-01', 17, 4, 'Disponible'),
(133, 11, 11003, 156, 'RIVERA OFICINA PRINCIPAL', 'HOSPITAL RIVERA', 'YOJANA ANDREA CARDOZO', '2022-07-31', '2022-07-01', 13, 4, 'Disponible'),
(134, 11, 11002, 157, 'RIVERA OFICINA PRINCIPAL', 'LA ULLOA', 'LEONOR MOSQUERA', '2022-07-31', '2022-07-01', 13, 4, 'Disponible'),
(135, 11, 11001, 155, 'RIVERA OFICINA PRINCIPAL', 'RIVERA OFICINA PRINCIPAL', 'NANCY JIMENEZ', '2022-07-31', '2022-07-01', 12, 4, 'Disponible'),
(136, 11, 11001, 154, 'RIVERA OFICINA PRINCIPAL', 'RIVERA OFICINA PRINCIPAL', 'ANA MARIA VILLANUEVA', '2022-07-31', '2022-07-01', 17, 4, 'Disponible'),
(137, 14, 14001, 638, 'VILLAVIEJA OFICINA PRINCIPAL', 'VILLAVIEJA OFICINA PRINCIPAL', 'LIDA YANETH BARRETO', '2022-07-31', '2022-07-01', 8, 4, 'Disponible'),
(138, 14, 14001, 4512, 'VILLAVIEJA OFICINA PRINCIPAL', 'VILLAVIEJA OFICINA PRINCIPAL', 'CINTHYA DANIELA HERNANDEZ', '2022-07-31', '2022-07-01', 2, 4, 'Disponible'),
(139, 18, 18003, 184, 'YAGUARA OFICINA PRINCIPAL', 'AVENIDA PRINCIPAL', 'FRANCY JOHANA RAMIREZ', '2022-07-30', '2022-06-30', 13, 4, 'Eliminado'),
(140, 18, 18001, 182, 'YAGUARA OFICINA PRINCIPAL', 'YAGUARA OFICINA PRINCIPAL', 'YANETH IBAÑEZ', '2022-07-30', '2022-06-30', 8, 4, 'Eliminado'),
(141, 78, 78001, 1870, 'OFICINA FORTALECILLAS', 'FORTALECILLAS OFICINA PRINCIPAL', 'ADRIANA FERNANDA ZUÑIGA ', '2022-07-31', '2022-07-01', 6, 4, 'Disponible'),
(142, 78, 78001, 585, 'OFICINA FORTALECILLAS', 'FORTALECILLAS OFICINA PRINCIPAL', 'DIGNORY OLAYA', '2022-07-31', '2022-07-01', 40, 4, 'Disponible'),
(143, 20, 20037, 137, 'OFICINA PRINCIPAL PITALITO', 'ESTACION BIOMAX', 'YOHANA BELTRAN', '2022-07-30', '2022-06-30', 13, 2, 'Eliminado'),
(144, 20, 20050, 128, 'OFICINA PRINCIPAL PITALITO', 'ESTANCO', 'ALBA MERY ROMERO', '2022-07-30', '2022-06-30', 16, 2, 'Eliminado'),
(145, 20, 20004, 133, 'OFICINA PRINCIPAL PITALITO', 'BINGO LA CUARTA', 'LUZ MILA ARIZA', '2022-07-31', '2022-07-01', 17, 2, 'Disponible'),
(146, 20, 20036, 147, 'OFICINA PRINCIPAL PITALITO', 'OLIMPICA JARDIN', '20AHIRA YESINET MONCADA', '2022-07-30', '2022-06-30', 12, 2, 'Eliminado'),
(147, 20, 20026, 145, 'OFICINA PRINCIPAL PITALITO', 'SUPERMERCADO SAN ANTONIO', 'FLOR AMPARO CARDONA', '2022-07-30', '2022-06-30', 46, 2, 'Eliminado'),
(148, 20, 20008, 3044, 'OFICINA PRINCIPAL PITALITO', 'SUPERMERCADO DE SIERRA', 'DEICY PAOLA CERON', '2022-07-30', '2022-06-30', 2, 2, 'Eliminado'),
(149, 20, 20010, 3149, 'OFICINA PRINCIPAL PITALITO', 'QUINCHE', 'MONICA ALEJANDRA PUENTES', '2022-07-31', '2022-07-01', 13, 2, 'Disponible'),
(151, 20, 20002, 2644, 'OFICINA PRINCIPAL PITALITO', 'CSC', 'DURLEY CRUZ', '2022-07-30', '2022-06-30', 12, 2, 'Eliminado'),
(152, 20, 20016, 1306, 'OFICINA PRINCIPAL PITALITO', ' LOS NOGALES', 'JHEIMY ALEXANDRA VIVEROS', '2022-07-30', '2022-06-30', 12, 2, 'Eliminado'),
(153, 20, 20001, 149, 'OFICINA PRINCIPAL PITALITO', 'PITALITO OFICINA PRINCIPAL', 'ANGELICA MAZABEL', '2022-07-31', '2022-07-01', 49, 2, 'Disponible'),
(154, 20, 20001, 139, 'OFICINA PRINCIPAL PITALITO', 'PITALITO OFICINA PRINCIPAL', 'CAROLINA CARVAJAL', '2022-07-30', '2022-06-30', 6, 2, 'Eliminado'),
(155, 20, 20002, 2408, 'OFICINA PRINCIPAL PITALITO', 'CSC', 'KERLY ZULEIMA TRIBIÑO', '2022-07-30', '2022-06-30', 17, 2, 'Eliminado'),
(158, 20, 20040, 1638, 'OFICINA PRINCIPAL PITALITO', 'LA PRESENTACION', 'NANCY  PAOLA   GIRON  ', '2022-07-30', '2022-06-30', 13, 2, 'Eliminado'),
(159, 20, 20001, 1650, 'OFICINA PRINCIPAL PITALITO', 'PITALITO OFICINA PRINCIPAL', 'AURA  ENEDI BOHORQUEZ ', '2022-07-30', '2022-06-30', 52, 2, 'Eliminado'),
(160, 20, 20011, 1758, 'OFICINA PRINCIPAL PITALITO', 'SALIDA PALESTINA', 'LEIDY YULIETH GOMEZ', '2022-07-31', '2022-07-01', 8, 2, 'Disponible'),
(161, 20, 20038, 936, 'OFICINA PRINCIPAL PITALITO', 'CASA DEL HIERRO', 'MARLY ROCIO REYES', '2022-07-31', '2022-07-01', 2, 2, 'Disponible'),
(162, 20, 20009, 1976, 'OFICINA PRINCIPAL PITALITO', 'PARQUE', 'ESPERANZA MORA', '2022-07-31', '2022-07-01', 17, 2, 'Disponible'),
(163, 20, 20038, 3329, 'OFICINA PRINCIPAL PITALITO', 'CASA DEL HIERRO', 'DIANA ROCIO SALAZAR', '2022-07-31', '2022-07-01', 8, 2, 'Disponible'),
(164, 20, 20016, 3347, 'OFICINA PRINCIPAL PITALITO', ' LOS NOGALES', 'FLORALBA AIDE MENESES', '2022-07-30', '2022-06-30', 24, 2, 'Eliminado'),
(165, 20, 20002, 1942, 'OFICINA PRINCIPAL PITALITO', 'CSC', 'CLAUDIA MERCEDES  LOPEZ ', '2022-07-31', '2022-07-01', 6, 2, 'Disponible'),
(166, 20, 20030, 3609, 'OFICINA PRINCIPAL PITALITO', 'SURGAS', 'KELLY JOHANA  CONGUTA', '2022-07-31', '2022-07-01', 8, 2, 'Disponible'),
(167, 20, 20019, 3615, 'OFICINA PRINCIPAL PITALITO', 'LOS PINOS', 'SANDRA PATRICIA CLAROS ', '2022-07-31', '2022-07-01', 43, 2, 'Disponible'),
(168, 20, 20015, 121, 'OFICINA PRINCIPAL PITALITO', 'ELECTRIFICADORA', 'LEIDY KATHERINE TRUJILLO', '2022-07-29', '2022-06-29', 8, 2, 'Eliminado'),
(169, 20, 20001, 4040, 'OFICINA PRINCIPAL PITALITO', 'PITALITO OFICINA PRINCIPAL', 'YESSICA LISETH MORENO', '2022-07-30', '2022-06-30', 28, 2, 'Eliminado'),
(170, 20, 20008, 3989, 'OFICINA PRINCIPAL PITALITO', 'SUPERMERCADO DE SIERRA', 'MARLIN GISELLA MUÑOZ', '2022-07-30', '2022-06-30', 8, 2, 'Eliminado'),
(171, 20, 20028, 3543, 'OFICINA PRINCIPAL PITALITO', 'LOS GUADUALES', 'LAURA VALENTINA SILVA ', '2022-07-31', '2022-07-01', 8, 2, 'Disponible'),
(172, 20, 20042, 4405, 'OFICINA PRINCIPAL PITALITO', 'SAN MATEO', 'MARTHA LILIANA ROMERO ', '2022-07-31', '2022-07-01', 8, 2, 'Disponible'),
(173, 20, 20013, 4473, 'OFICINA PRINCIPAL PITALITO', 'TERMINAL DE TRANSPORTE', 'ARILED PERALTA', '2022-07-31', '2022-07-01', 8, 2, 'Disponible'),
(174, 20, 20018, 4550, 'OFICINA PRINCIPAL PITALITO', 'GUACACALLO', 'SOFIA GONZALES', '2022-07-31', '2022-07-01', 8, 2, 'Disponible'),
(175, 20, 20007, 4558, 'OFICINA PRINCIPAL PITALITO', 'MONTALLANTAS', 'KATERINE BARRERA', '2022-07-30', '2022-06-30', 8, 2, 'Eliminado'),
(176, 20, 20043, 4597, 'OFICINA PRINCIPAL PITALITO', 'LOS CEDROS', 'YINED PALADINEZ', '2022-07-30', '2022-06-30', 8, 2, 'Eliminado'),
(177, 20, 20012, 4610, 'OFICINA PRINCIPAL PITALITO', 'SERVIMAS ', 'YEIMY JULIANA TORRES', '2022-07-31', '2022-07-01', 8, 2, 'Disponible'),
(178, 34, 34001, 1199, 'OFICINA ALTAMIRA', 'ALTAMIRA OFICINA PRINCIPAL', 'ANYI BANESSA GONZALEZ', '2022-07-31', '2022-07-01', 28, 2, 'Disponible'),
(179, 34, 34001, 4330, 'OFICINA ALTAMIRA', 'ALTAMIRA OFICINA PRINCIPAL', 'NATHALIA  ANDREA UMAÑA', '2022-07-31', '2022-07-01', 54, 2, 'Disponible'),
(180, 75, 75001, 166, 'OFICINA SUAZA', 'SUAZA OFICINA PRINCIPAL', 'MARTHA CECILIA SUAREZ', '2022-07-31', '2022-07-01', 2, 2, 'Disponible'),
(181, 75, 75001, 165, 'OFICINA SUAZA', 'SUAZA OFICINA PRINCIPAL', 'NELSON ARTUNDUAGA', '2022-07-31', '2022-07-01', 8, 2, 'Disponible'),
(182, 75, 75001, 4058, 'OFICINA SUAZA', 'SUAZA OFICINA PRINCIPAL', 'ANGIE KATERIN PERDOMO', '2022-07-31', '2022-07-01', 17, 2, 'Disponible'),
(183, 75, 75003, 4212, 'OFICINA SUAZA', 'SUPERMERCADO LA VEGUITA', 'CRISTINA CORREA', '2022-07-31', '2022-07-01', 8, 2, 'Disponible'),
(184, 75, 75002, 3715, 'OFICINA SUAZA', 'GALLARDO', 'NELLA CELINE CUERVO', '2022-07-31', '2022-07-01', 8, 2, 'Disponible'),
(185, 76, 76001, 168, 'OFICINA TARQUI', 'TARQUI OFICINA PRINCIPAL', 'FABIO NELSON ORTIZ', '2022-07-30', '2022-06-30', 8, 2, 'Eliminado'),
(186, 76, 76001, 4341, 'OFICINA TARQUI', 'TARQUI OFICINA PRINCIPAL', 'CARLA FABIANA ORTIZ ', '2022-07-30', '2022-06-30', 2, 2, 'Eliminado'),
(187, 76, 76001, 167, 'OFICINA TARQUI', 'TARQUI OFICINA PRINCIPAL', 'ERIKA LILIANA NUÑEZ', '2022-07-31', '2022-07-01', 17, 2, 'Disponible'),
(188, 23, 23001, 4514, 'OFICINA ISNOS', 'ISNOS OFICINA PRINCIPAL', 'MAUDY CRISTINA GARCIA', '2022-07-31', '2022-07-01', 17, 2, 'Disponible'),
(189, 23, 23001, 4272, 'OFICINA ISNOS', 'ISNOS OFICINA PRINCIPAL', 'IRMA YURANI PEREZ ', '2022-07-31', '2022-07-01', 2, 2, 'Disponible'),
(190, 23, 23001, 600, 'OFICINA ISNOS', 'ISNOS OFICINA PRINCIPAL', 'MARIA DEYIS VERGARA', '2022-07-31', '2022-07-01', 8, 2, 'Disponible'),
(191, 23, 23006, 363, 'OFICINA ISNOS', 'Tres Esquinas Isnos', 'DIANA PATRICIA DIAZ', '2022-07-31', '2022-07-01', 8, 2, 'Disponible'),
(192, 22, 22001, 3202, 'OFICINA TIMANA', 'TIMANA OFICINA PRINCIPAL', 'SOLANYER MARIN', '2022-07-30', '2022-06-30', 28, 2, 'Eliminado'),
(193, 22, 22001, 1786, 'OFICINA TIMANA', 'TIMANA OFICINA PRINCIPAL', 'MARIA CAMILA MUÑOZ', '2022-07-30', '2022-06-30', 24, 2, 'Eliminado'),
(194, 22, 22001, 177, 'OFICINA TIMANA', 'TIMANA OFICINA PRINCIPAL', 'MARIA JAZMIN CABRERA', '2022-07-31', '2022-07-01', 8, 2, 'Disponible'),
(195, 22, 22002, 1422, 'OFICINA TIMANA', 'LA CUARTA', 'KARY YURITZA BENAVIDES', '2022-07-30', '2022-06-30', 2, 2, 'Eliminado'),
(196, 22, 22002, 1068, 'OFICINA TIMANA', 'LA CUARTA', 'NORMA CONSTANZA TORRES', '2022-07-30', '2022-06-30', 8, 2, 'Eliminado'),
(197, 22, 22007, 175, 'OFICINA TIMANA', 'LA TERCERA', 'YESICA MILEDIS PEREZ', '2022-07-30', '2022-06-30', 17, 2, 'Eliminado'),
(198, 26, 26001, 3377, 'OFICINA OPORAPA', 'OPORAPA OFICINA PRINCIPAL', 'VALENTINA MURCIA', '2022-07-31', '2022-07-01', 26, 2, 'Disponible'),
(199, 26, 26001, 87, 'OFICINA OPORAPA', 'OPORAPA OFICINA PRINCIPAL', 'MATILDE PEÑA', '2022-07-31', '2022-07-01', 28, 2, 'Disponible'),
(200, 19, 19001, 111, 'OFICINA BRUSELAS', 'BRUSELAS OFICINA PRINCIPAL', 'DIANA YISELA BAMBAGUE', '2022-07-31', '2022-07-01', 8, 2, 'Disponible'),
(201, 19, 19001, 2758, 'OFICINA BRUSELAS', 'BRUSELAS OFICINA PRINCIPAL', 'INGRID DAYANA RUBIANO', '2022-07-31', '2022-07-01', 2, 2, 'Disponible'),
(202, 19, 19004, 2946, 'OFICINA BRUSELAS', 'TIENDA VARGAS', 'JORGE EDUARDO HERNANDEZ', '2022-07-31', '2022-07-01', 8, 2, 'Disponible'),
(203, 28, 28001, 1044, 'OFICINA SAN ADOLFO', 'SAN ADOLFO OFICINA PRINCIPAL', 'KENNA ROCIO  VERGARA ', '2022-07-31', '2022-07-01', 8, 2, 'Disponible'),
(204, 24, 24001, 3601, 'OFICINA ACEVEDO', 'ACEVEDO OFICINA PRINCIPAL', 'EDNA ROCIO VARGAS', '2022-07-30', '2022-06-30', 55, 2, 'Eliminado'),
(205, 24, 24001, 4517, 'OFICINA ACEVEDO', 'ACEVEDO OFICINA PRINCIPAL', 'LEIDY JOHANA BARRAGAN', '2022-07-31', '2022-07-01', 24, 2, 'Disponible'),
(206, 24, 24001, 1958, 'OFICINA ACEVEDO', 'ACEVEDO OFICINA PRINCIPAL', 'LORENA PEREZ', '2022-07-31', '2022-07-01', 8, 2, 'Disponible'),
(207, 24, 24005, 4327, 'OFICINA ACEVEDO', 'DROGUERIA LA ECONOMIA', 'ANGIE XIMENA  MAJE', '2022-07-30', '2022-06-30', 57, 2, 'Eliminado'),
(208, 24, 24005, 941, 'OFICINA ACEVEDO', 'DROGUERIA LA ECONOMIA', 'MARLOBY MURCIA ', '2022-07-31', '2022-07-01', 59, 2, 'Disponible'),
(209, 24, 24002, 4096, 'OFICINA ACEVEDO', 'GALERIA ACEVEDO', 'ANYI NATALIA BONILLA', '2022-07-30', '2022-06-30', 60, 2, 'Eliminado'),
(210, 29, 29001, 3541, 'OFICINA PALESTINA', 'PALESTINA OFICINA PRINCIPAL', 'IVETH MAGALLY  CHACON ', '2022-07-31', '2022-07-01', 2, 2, 'Disponible'),
(211, 29, 29001, 2526, 'OFICINA PALESTINA', 'PALESTINA OFICINA PRINCIPAL', 'MILDRED YULIANA  RAMIREZ ', '2022-07-31', '2022-07-01', 8, 2, 'Disponible'),
(212, 33, 33001, 3667, 'OFICINA GUADALUPE', 'GUADALUPE OFICINA PRINCIPAL', 'SUCI QUIACHA', '2022-07-30', '2022-06-30', 8, 2, 'Eliminado'),
(213, 33, 33001, 64, 'OFICINA GUADALUPE', 'GUADALUPE OFICINA PRINCIPAL', 'LUZ DARY CUELLAR', '2022-07-30', '2022-06-30', 2, 2, 'Eliminado'),
(214, 33, 33001, 4409, 'OFICINA GUADALUPE', 'GUADALUPE OFICINA PRINCIPAL', 'KAREN DAYANA JOVEN', '2022-07-30', '2022-06-30', 17, 2, 'Eliminado'),
(215, 33, 33002, 1235, 'OFICINA GUADALUPE', 'BANCO AGRARIO', 'YULEIMY GUERRERO ', '2022-07-30', '2022-06-30', 17, 2, 'Eliminado'),
(216, 33, 33002, 63, 'OFICINA GUADALUPE', 'BANCO AGRARIO', 'ODILMA CABRA', '2022-07-31', '2022-07-01', 29, 2, 'Disponible'),
(218, 36, 22004, 4599, 'OFICINA MAITO', 'QUITURO', 'MARIA ELENA BERMEO', '2022-07-31', '2022-07-01', 8, 2, 'Disponible'),
(219, 31, 31001, 3375, 'OFICINA SALADO BLANCO', 'SALADO BLANCO OFICINA PRINCIPAL', 'MONICA ANDREA ARCINIEGAS', '2022-07-31', '2022-07-01', 8, 2, 'Disponible'),
(220, 31, 31001, 4510, 'OFICINA SALADO BLANCO', 'SALADO BLANCO OFICINA PRINCIPAL', 'CAROLINA VALENZUELA', '2022-07-31', '2022-07-01', 54, 2, 'Disponible'),
(221, 21, 21001, 359, 'OFICINA SAN AGUSTIN', 'SAN AGUSTIN OFICINA PRINCIPAL', 'ELIANA ESTEFANI CHILITO', '2022-07-31', '2022-07-01', 61, 2, 'Disponible'),
(222, 21, 21001, 643, 'OFICINA SAN AGUSTIN', 'SAN AGUSTIN OFICINA PRINCIPAL', 'MARIA NANCY JIMENEZ', '2022-07-31', '2022-07-01', 24, 2, 'Disponible'),
(223, 21, 21001, 162, 'OFICINA SAN AGUSTIN', 'SAN AGUSTIN OFICINA PRINCIPAL', 'DEIMAR HUGO MUÑOZ', '2022-07-31', '2022-07-01', 3, 2, 'Disponible'),
(224, 21, 21001, 3095, 'OFICINA SAN AGUSTIN', 'SAN AGUSTIN OFICINA PRINCIPAL', 'SINDY LORENA CUSPIAN', '2022-07-31', '2022-07-01', 62, 2, 'Disponible'),
(225, 21, 21004, 4226, 'OFICINA SAN AGUSTIN', 'SAN JOSE', 'KAROL VIVIANA CORDOBA', '2022-07-31', '2022-07-01', 17, 2, 'Disponible'),
(226, 21, 21002, 3299, 'OFICINA SAN AGUSTIN', 'HOSPITAL SAN AGUSTIN', 'LEIDY PAOLA JIMENEZ', '2022-07-31', '2022-07-01', 45, 2, 'Disponible'),
(227, 67, 67001, 2542, 'OFICINA ELIAS', 'ELIAS OFICINA PRINCIPAL', 'DAINA  YURLEY TREJO', '2022-07-31', '2022-07-01', 4, 2, 'Disponible'),
(228, 67, 67001, 58, 'OFICINA ELIAS', 'ELIAS OFICINA PRINCIPAL', 'JACQUELINE RIVERA', '2022-07-31', '2022-07-01', 8, 2, 'Disponible'),
(231, 1, 1001, 1370, 'OFICINA PPAL NEIVA CENTRO SUR', 'OFICINA PPAL NEIVA', 'VICTORIA TOVAR', '2022-07-31', '2022-07-01', 40, 1, 'Disponible'),
(232, 1, 1001, 820, 'OFICINA PPAL NEIVA CENTRO SUR', 'OFICINA PPAL NEIVA', 'YURLY LORENA MORALES', '2022-07-31', '2022-07-01', 40, 1, 'Disponible'),
(234, 1, 1001, 490, 'OFICINA PPAL NEIVA CENTRO SUR', 'OFICINA PPAL NEIVA', 'MABEL OLARTE', '2022-07-30', '2022-06-30', 40, 1, 'Eliminado'),
(235, 1, 1001, 3804, 'OFICINA PPAL NEIVA CENTRO SUR', 'OFICINA PPAL NEIVA', 'ANGIE VANESSA ESTERLING', '2022-07-31', '2022-07-01', 40, 1, 'Disponible'),
(236, 1, 1001, 4390, 'OFICINA PPAL NEIVA CENTRO SUR', 'OFICINA PPAL NEIVA', 'DIANA MARCELA CARDENAS', '2022-07-31', '2022-07-01', 17, 1, 'Disponible'),
(237, 1, 1001, 3072, 'OFICINA PPAL NEIVA CENTRO SUR', 'OFICINA PPAL NEIVA', 'ANGIE YURLEY LOSADA', '2022-07-31', '2022-07-01', 63, 1, 'Disponible'),
(238, 1, 1001, 3363, 'OFICINA PPAL NEIVA CENTRO SUR', 'OFICINA PPAL NEIVA', 'DAHIANA ANDREA NARANJO', '2022-07-31', '2022-07-01', 63, 1, 'Disponible'),
(239, 1, 1001, 4501, 'OFICINA PPAL NEIVA CENTRO SUR', 'OFICINA PPAL NEIVA', 'JUAN CAMILO LOSADA', '2022-07-31', '2022-07-01', 63, 1, 'Disponible'),
(240, 1, 1018, 538, 'OFICINA PPAL NEIVA CENTRO SUR', 'CLUB SOCIAL', 'BLANCA LIDIA SILVA', '2022-07-31', '2022-07-01', 40, 1, 'Disponible'),
(241, 1, 1018, 4697, 'OFICINA PPAL NEIVA CENTRO SUR', 'CLUB SOCIAL', 'JUAN DANIEL GARCIA', '2022-07-31', '2022-07-01', 8, 1, 'Disponible'),
(242, 1, 1018, 4568, 'OFICINA PPAL NEIVA CENTRO SUR', 'CLUB SOCIAL', 'LEIDY VIVIANA YATE', '2022-07-31', '2022-07-01', 8, 1, 'Disponible'),
(243, 1, 1018, 1123, 'OFICINA PPAL NEIVA CENTRO SUR', 'CLUB SOCIAL', 'MARIADENI VALDERRAMA', '2022-07-30', '2022-06-30', 2, 1, 'Eliminado'),
(244, 1, 1018, 3659, 'OFICINA PPAL NEIVA CENTRO SUR', 'CLUB SOCIAL', 'ANYI TATIANA  CHACON', '2022-07-31', '2022-07-01', 2, 1, 'Disponible'),
(245, 1, 2035, 669, 'OFICINA PPAL NEIVA CENTRO SUR', 'SAIRE ELECTRIFICADORA', 'ANA GETRUDIS LOSADA', '2022-07-31', '2022-07-01', 7, 1, 'Disponible'),
(246, 1, 2035, 4699, 'OFICINA PPAL NEIVA CENTRO SUR', 'SAIRE ELECTRIFICADORA', 'KEIDY VALENTINA ROJAS', '2022-07-31', '2022-07-01', 12, 1, 'Disponible'),
(247, 1, 2035, 1522, 'OFICINA PPAL NEIVA CENTRO SUR', 'SAIRE ELECTRIFICADORA', 'LINA PAOLA SEGURA', '2022-07-31', '2022-07-01', 2, 1, 'Disponible'),
(248, 1, 2035, 467, 'OFICINA PPAL NEIVA CENTRO SUR', 'SAIRE ELECTRIFICADORA', 'NIDIA YANETH FLOREZ', '2022-07-31', '2022-07-01', 8, 1, 'Disponible'),
(249, 1, 2035, 2050, 'OFICINA PPAL NEIVA CENTRO SUR', 'SAIRE ELECTRIFICADORA', 'YOIDY YUDNEY MORENO', '2022-07-31', '2022-07-01', 2, 1, 'Disponible'),
(250, 1, 2070, 596, 'OFICINA PPAL NEIVA CENTRO SUR', 'IGLESIA PALMAS ', 'DIANA MARCELA VELA', '2022-07-31', '2022-07-01', 7, 1, 'Disponible'),
(252, 1, 2070, 3399, 'OFICINA PPAL NEIVA CENTRO SUR', 'IGLESIA PALMAS ', 'LILIANA MACANA', '2022-07-31', '2022-07-01', 63, 1, 'Disponible'),
(255, 1, 2018, 2382, 'OFICINA PPAL NEIVA CENTRO SUR', 'JARDIN 1', 'ERIKA DANIELA CAICEDO', '2022-07-31', '2022-07-01', 64, 1, 'Disponible'),
(256, 1, 2018, 2162, 'OFICINA PPAL NEIVA CENTRO SUR', 'JARDIN 1', 'MARIA CRISTINA CHIMBACO', '2022-07-31', '2022-07-01', 63, 1, 'Disponible'),
(258, 1, 1106, 2928, 'OFICINA PPAL NEIVA CENTRO SUR', 'CANAIMA', 'ROSA MARIA SUAREZ', '2022-07-31', '2022-07-01', 7, 1, 'Disponible'),
(259, 1, 1106, 3802, 'OFICINA PPAL NEIVA CENTRO SUR', 'CANAIMA', 'YESICA DIOFANY  CASTRO', '2022-07-31', '2022-07-01', 64, 1, 'Disponible'),
(260, 25, 25003, 1848, 'OFICINA PPAL CAMPOALEGRE', 'PAPATOS', 'KAROL JOHANA MEDINA', '2022-07-31', '2022-07-01', 12, 3, 'Disponible'),
(261, 1, 1106, 2974, 'OFICINA PPAL NEIVA CENTRO SUR', 'CANAIMA', 'DIANA ANDREA HERNANDEZ', '2022-07-31', '2022-07-01', 63, 1, 'Disponible'),
(262, 1, 1106, 3802, 'OFICINA PPAL NEIVA CENTRO SUR', 'CANAIMA', 'YESICA DIOFANY  CASTRO', '2022-07-31', '2022-07-01', 8, 1, 'Disponible'),
(263, 1, 2018, 2382, 'OFICINA PPAL NEIVA CENTRO SUR', 'JARDIN 1', 'ERIKA DANIELA CAICEDO', '2022-07-31', '2022-07-01', 8, 1, 'Disponible'),
(264, 1, 1018, 4697, 'OFICINA PPAL NEIVA CENTRO SUR', 'CLUB SOCIAL', 'JUAN DANIEL GARCIA', '2022-07-31', '2022-07-01', 13, 1, 'Disponible'),
(265, 1, 1018, 4568, 'OFICINA PPAL NEIVA CENTRO SUR', 'CLUB SOCIAL', 'LEIDY VIVIANA YATE', '2022-07-31', '2022-07-01', 13, 1, 'Disponible'),
(266, 1, 2035, 4699, 'OFICINA PPAL NEIVA CENTRO SUR', 'SAIRE ELECTRIFICADORA', 'KEIDY VALENTINA ROJAS', '2022-07-31', '2022-07-01', 8, 1, 'Disponible'),
(267, 1, 2035, 4699, 'OFICINA PPAL NEIVA CENTRO SUR', 'SAIRE ELECTRIFICADORA', 'KEIDY VALENTINA ROJAS', '2022-07-31', '2022-07-01', 8, 1, 'Disponible'),
(268, 1, 2070, 4528, 'OFICINA PPAL NEIVA CENTRO SUR', 'IGLESIA PALMAS ', 'LIZETH KARINA NARVAEZ', '2022-07-31', '2022-07-01', 64, 1, 'Disponible'),
(269, 1, 2070, 4528, 'OFICINA PPAL NEIVA CENTRO SUR', 'IGLESIA PALMAS ', 'LIZETH KARINA NARVAEZ', '2022-07-31', '2022-07-01', 8, 1, 'Disponible'),
(270, 1, 1054, 2704, 'OFICINA PPAL NEIVA CENTRO SUR', 'LIMONAR', 'JENNNYFER ALEXANDRA  ROBLES ', '2022-07-31', '2022-07-01', 7, 1, 'Disponible'),
(271, 1, 1054, 431, 'OFICINA PPAL NEIVA CENTRO SUR', 'LIMONAR', 'GLORIA DUSSAN', '2022-07-31', '2022-07-01', 8, 1, 'Disponible'),
(272, 1, 1054, 431, 'OFICINA PPAL NEIVA CENTRO SUR', 'LIMONAR', 'GLORIA DUSSAN', '2022-07-31', '2022-07-01', 64, 1, 'Disponible'),
(273, 1, 1054, 3247, 'OFICINA PPAL NEIVA CENTRO SUR', 'LIMONAR', 'DEISY JULIETH SIERRA', '2022-07-31', '2022-07-01', 63, 1, 'Disponible'),
(274, 1, 1074, 475, 'OFICINA PPAL NEIVA CENTRO SUR', 'SANTA ISABEL', 'NANCY PEÑA', '2022-07-31', '2022-07-01', 7, 1, 'Disponible'),
(275, 1, 1074, 1956, 'OFICINA PPAL NEIVA CENTRO SUR', 'SANTA ISABEL', 'YURY ESCANDON', '2022-07-31', '2022-07-01', 8, 1, 'Disponible'),
(276, 1, 1074, 1956, 'OFICINA PPAL NEIVA CENTRO SUR', 'SANTA ISABEL', 'YURY ESCANDON', '2022-07-31', '2022-07-01', 64, 1, 'Disponible'),
(277, 1, 1074, 505, 'OFICINA PPAL NEIVA CENTRO SUR', 'SANTA ISABEL', 'ALBANY RIVERA', '2022-07-31', '2022-07-01', 6, 1, 'Disponible'),
(278, 1, 1081, 2096, 'OFICINA PPAL NEIVA CENTRO SUR', 'TIMANCO', 'MAYRA ALEJANDRA PARRA', '2022-07-31', '2022-07-01', 7, 1, 'Disponible'),
(279, 1, 1081, 4637, 'OFICINA PPAL NEIVA CENTRO SUR', 'TIMANCO', 'INGRITH XIOMARA SANDOVAL', '2022-07-31', '2022-07-01', 8, 1, 'Disponible'),
(280, 1, 1081, 4637, 'OFICINA PPAL NEIVA CENTRO SUR', 'TIMANCO', 'INGRITH XIOMARA SANDOVAL', '2022-07-31', '2022-07-01', 64, 1, 'Disponible'),
(281, 1, 1081, 3163, 'OFICINA PPAL NEIVA CENTRO SUR', 'TIMANCO', 'ANGI LORENA VANEGAS', '2022-07-31', '2022-07-01', 63, 1, 'Disponible'),
(282, 10, 10002, 1478, 'AIPE OFICINA PRINCIPAL', 'GALERIAS', 'DARIS YALEIDA PABON ', '2022-07-31', '2022-07-01', 12, 4, 'Disponible'),
(283, 32, 32004, 2464, 'OFICINA PRINCIPAL GARZON', 'COLACHO', 'JHON ALEXANDER  SERRANO', '2022-07-30', '2022-06-30', 11, 3, 'Eliminado'),
(284, 32, 32007, 3367, 'OFICINA PRINCIPAL GARZON', 'HOSPITAL', 'YISEL ALEXANDRA CEDIEL', '2022-07-31', '2022-07-01', 14, 3, 'Disponible'),
(285, 25, 25003, 1848, 'OFICINA PPAL CAMPOALEGRE', 'PAPATOS', 'KAROL JOHANA MEDINA', '2022-07-31', '2022-07-01', 12, 3, 'Disponible'),
(286, 25, 25004, 1928, 'OFICINA PPAL CAMPOALEGRE', 'ALFONSO LOPEZ', 'EDITH CAVIEDES ', '2022-07-31', '2022-07-01', 12, 3, 'Disponible'),
(287, 25, 25010, 3122, 'OFICINA PPAL CAMPOALEGRE', 'AVENIDA PRINCIPAL', 'KAROL JULIETH CABRERA', '2022-07-31', '2022-07-01', 13, 3, 'Disponible'),
(288, 65, 65001, 96, 'OFICINA PITAL', 'PITAL OFICINA PRINCIPAL', 'YIDMI YOLIMA ROJAS', '2022-07-31', '2022-07-01', 16, 3, 'Disponible'),
(289, 65, 65002, 410, 'OFICINA PITAL', 'ECUADOR', 'MARGOT GAITAN', '2022-07-31', '2022-07-01', 13, 3, 'Disponible'),
(290, 66, 66001, 34, 'OFICINA AGRADO', 'AGRADO OFICINA PRINCIPAL', 'MARIA EUGENIA SIERRA', '2022-07-31', '2022-07-01', 16, 3, 'Disponible'),
(291, 56, 56001, 809, 'OFICINA LA ARGENTINA', 'LA ARGENTINA OFICINA PRINCIPAL', 'ANDREA MAGNOLIA ARIAS', '2022-07-31', '2022-07-01', 13, 3, 'Disponible'),
(292, 27, 27001, 40, 'OFICINA ALGECIRAS', 'ALGECIRAS OFICINA PRINCIPAL', 'SANDRA PATRICIA RIVERA', '2022-07-31', '2022-07-01', 12, 3, 'Disponible'),
(293, 27, 27001, 3529, 'OFICINA ALGECIRAS', 'ALGECIRAS OFICINA PRINCIPAL', 'JUAN DIEGO CARVALLO', '2022-07-31', '2022-07-01', 23, 3, 'Disponible'),
(294, 27, 27003, 4673, 'OFICINA ALGECIRAS', 'HOTEL TOLIMA', 'JEIDY JOHANNA GUEVARA', '2022-07-31', '2022-07-01', 13, 3, 'Disponible'),
(295, 64, 64001, 957, 'OFICINA BELEN', 'BELEN OFICINA PRINCIPAL', 'CECILIA ARANGO', '2022-07-30', '2022-06-30', 23, 3, 'Eliminado'),
(296, 37, 37001, 65, 'OFICINA HOBO', 'HOBO OFICINA PRINCIPAL', 'SAUL SUAZA', '2022-07-31', '2022-07-01', 27, 3, 'Disponible'),
(297, 37, 37002, 943, 'OFICINA HOBO', 'PLAZAS ALCID', 'YISELA  CALDERON ', '2022-07-30', '2022-06-30', 12, 3, 'Eliminado'),
(298, 57, 57001, 2348, 'OFICINA NATAGA', 'NATAGA OFICINA PRINCIPAL', 'MAIRA YULISA PEREZ', '2022-07-30', '2022-06-30', 13, 3, 'Eliminado'),
(299, 55, 55001, 90, 'OFICINA PAICOL', 'PAICOL OFICINA PRINCIPAL', 'IDANIS MEDINA', '2022-07-30', '2022-06-30', 12, 3, 'Eliminado'),
(300, 42, 42001, 2396, 'OFICINA TESALIA', 'TESALIA OFICINA PRINCIPAL', 'ANYELA JULIET CABRERA', '2022-07-31', '2022-07-01', 12, 3, 'Disponible'),
(301, 42, 42000, 2220, 'OFICINA TESALIA', 'MAQUINAS TESALIA INDIRECTOS', 'ELIDIO PEREZ', '2022-07-31', '2022-07-01', 23, 3, 'Disponible'),
(302, 10, 10001, 37, 'AIPE OFICINA PRINCIPAL', 'AIPE OFICINA PRINCIPAL', 'CLAUDIA MARCELA CHARRY', '2022-07-31', '2022-07-01', 34, 4, 'Disponible'),
(303, 10, 10001, 3669, 'AIPE OFICINA PRINCIPAL', 'AIPE OFICINA PRINCIPAL', 'FRANCY ESPERANZA MUÑOZ ', '2022-07-31', '2022-07-01', 37, 4, 'Disponible'),
(304, 13, 13001, 3675, 'JUNCAL OFICINA PRINCIPAL', 'JUNCAL OFICINA PRINCIPAL', 'MARIANA BARRIOS ', '2022-07-31', '2022-07-01', 13, 4, 'Disponible'),
(305, 17, 17001, 83, 'LA VICTORIA OFICINA PRINCIPAL', 'LA VICTORIA OFICINA PRINCIPAL', 'MERYI VANEGAS', '2022-07-31', '2022-07-01', 13, 4, 'Disponible'),
(306, 51, 51001, 1666, 'OFICINA BARAYA', 'BARAYA OFICINA PRINCIPAL', 'YESICA ALEJANDRA   SANCHEZ', '2022-07-31', '2022-07-01', 38, 4, 'Disponible'),
(307, 51, 51001, 43, 'OFICINA BARAYA', 'BARAYA OFICINA PRINCIPAL', 'AMPARO ORTIZ', '2022-07-30', '2022-06-30', 29, 4, 'Eliminado'),
(308, 80, 80001, 493, 'OFICINA CAGUAN', 'CAGUAN OFICINA PRINCIPAL', 'MARTHA ISABEL CASTRO', '2022-07-31', '2022-07-01', 12, 4, 'Disponible'),
(309, 72, 72001, 1968, 'OFICINA COLOMBIA', 'COLOMBIA OFICINA PRINCIPAL', 'LUDY LILIAN CORDOBA', '2022-07-31', '2022-07-01', 13, 4, 'Disponible'),
(310, 52, 52001, 67, 'OFICINA IQUIRA', 'IQUIRA OFICINA PRINCIPAL', 'MARIA DEL SOCORRO GARCIA', '2022-07-31', '2022-07-01', 12, 4, 'Disponible'),
(311, 49, 49001, 170, 'OFICINA TELLO', 'TELLO OFICINA PRINCIPAL', 'ALIX MILENA AREVALO', '2022-07-31', '2022-07-01', 28, 4, 'Disponible'),
(312, 49, 49001, 4490, 'OFICINA TELLO', 'TELLO OFICINA PRINCIPAL', 'YOLIMAR PERDOMO', '2022-07-31', '2022-07-01', 37, 4, 'Disponible'),
(313, 68, 68001, 4350, 'OFICINA TERUEL', 'TERUEL OFICINA PRINCIPAL', 'ELIANA MARCELA RAMON', '2022-07-31', '2022-07-01', 23, 4, 'Disponible'),
(314, 68, 68001, 172, 'OFICINA TERUEL', 'TERUEL OFICINA PRINCIPAL', 'JAIME VARGAS', '2022-07-31', '2022-07-01', 66, 4, 'Disponible'),
(315, 68, 68001, 1271, 'OFICINA TERUEL', 'TERUEL OFICINA PRINCIPAL', 'NINI YOHANA  TAMAYO', '2022-07-31', '2022-07-01', 23, 4, 'Disponible'),
(316, 54, 54001, 4486, 'OFICINA VEGALARGA', 'VEGALARGA OFICINA PRINCIPAL', 'ANGELA PATRICIA BARON', '2022-07-31', '2022-07-01', 23, 4, 'Disponible'),
(317, 12, 12003, 217, 'PALERMO OFICINA PRINCIPAL', 'GALERIA', 'AMINTA CORDOBA', '2022-07-31', '2022-07-01', 13, 4, 'Disponible'),
(318, 12, 12001, 1748, 'PALERMO OFICINA PRINCIPAL', 'PALERMO OFICINA PRINCIPAL', 'DANIELA URAZAN', '2022-07-31', '2022-07-01', 9, 4, 'Disponible'),
(319, 12, 12001, 3082, 'PALERMO OFICINA PRINCIPAL', 'PALERMO OFICINA PRINCIPAL', 'MARIA FERNANDA ALARCON', '2022-07-30', '2022-06-30', 3, 4, 'Eliminado'),
(320, 11, 11003, 156, 'RIVERA OFICINA PRINCIPAL', 'HOSPITAL RIVERA', 'YOJANA ANDREA CARDOZO', '2022-07-31', '2022-07-01', 8, 4, 'Disponible'),
(322, 11, 11002, 157, 'RIVERA OFICINA PRINCIPAL', 'LA ULLOA', 'LEONOR MOSQUERA', '2022-07-31', '2022-07-01', 8, 4, 'Disponible'),
(323, 14, 14001, 638, 'VILLAVIEJA OFICINA PRINCIPAL', 'VILLAVIEJA OFICINA PRINCIPAL', 'LIDA YANETH BARRETO', '2022-07-31', '2022-07-01', 12, 4, 'Disponible'),
(324, 18, 18003, 184, 'YAGUARA OFICINA PRINCIPAL', 'AVENIDA PRINCIPAL', 'FRANCY JOHANA RAMIREZ', '2022-07-30', '2022-06-30', 8, 4, 'Eliminado'),
(325, 18, 18001, 182, 'YAGUARA OFICINA PRINCIPAL', 'YAGUARA OFICINA PRINCIPAL', 'YANETH IBAÑEZ', '2022-07-30', '2022-06-30', 12, 4, 'Eliminado'),
(326, 20, 20037, 137, 'OFICINA PRINCIPAL PITALITO', 'ESTACION BIOMAX', 'YOHANA BELTRAN', '2022-07-30', '2022-06-30', 8, 2, 'Eliminado'),
(327, 20, 20050, 128, 'OFICINA PRINCIPAL PITALITO', 'ESTANCO', 'ALBA MERY ROMERO', '2022-07-30', '2022-06-30', 45, 2, 'Eliminado'),
(328, 20, 20036, 147, 'OFICINA PRINCIPAL PITALITO', 'OLIMPICA JARDIN', '20AHIRA YESINET MONCADA', '2022-07-30', '2022-06-30', 8, 2, 'Eliminado'),
(329, 20, 20026, 145, 'OFICINA PRINCIPAL PITALITO', 'SUPERMERCADO SAN ANTONIO', 'FLOR AMPARO CARDONA', '2022-07-31', '2022-07-01', 8, 2, 'Disponible'),
(330, 20, 20010, 3149, 'OFICINA PRINCIPAL PITALITO', 'QUINCHE', 'MONICA ALEJANDRA PUENTES', '2022-07-31', '2022-07-01', 8, 2, 'Disponible'),
(332, 20, 20002, 2644, 'OFICINA PRINCIPAL PITALITO', 'CSC', 'DURLEY CRUZ', '2022-07-30', '2022-06-30', 8, 2, 'Eliminado'),
(333, 20, 20016, 1306, 'OFICINA PRINCIPAL PITALITO', ' LOS NOGALES', 'JHEIMY ALEXANDRA VIVEROS', '2022-07-30', '2022-06-30', 8, 2, 'Eliminado'),
(334, 20, 20001, 149, 'OFICINA PRINCIPAL PITALITO', 'PITALITO OFICINA PRINCIPAL', 'ANGELICA MAZABEL', '2022-07-31', '2022-07-01', 25, 2, 'Disponible'),
(336, 20, 20040, 1638, 'OFICINA PRINCIPAL PITALITO', 'LA PRESENTACION', 'NANCY  PAOLA   GIRON  ', '2022-07-31', '2022-07-01', 50, 2, 'Disponible'),
(337, 20, 20001, 1650, 'OFICINA PRINCIPAL PITALITO', 'PITALITO OFICINA PRINCIPAL', 'AURA  ENEDI BOHORQUEZ ', '2022-07-30', '2022-06-30', 51, 2, 'Eliminado'),
(338, 20, 20017, 1758, 'OFICINA PRINCIPAL PITALITO', 'PANORAMA', 'LEIDY YULIETH GOMEZ', '2022-07-31', '2022-07-01', 22, 2, 'Disponible'),
(339, 20, 20004, 3329, 'OFICINA PRINCIPAL PITALITO', 'BINGO LA CUARTA', 'DIANA ROCIO SALAZAR', '2022-07-31', '2022-07-01', 12, 2, 'Disponible'),
(340, 20, 20030, 3609, 'OFICINA PRINCIPAL PITALITO', 'SURGAS', 'KELLY JOHANA  CONGUTA', '2022-07-31', '2022-07-01', 23, 2, 'Disponible'),
(341, 20, 20006, 3615, 'OFICINA PRINCIPAL PITALITO', 'GALERIA', 'SANDRA PATRICIA CLAROS ', '2022-07-31', '2022-07-01', 53, 2, 'Disponible'),
(342, 20, 20015, 121, 'OFICINA PRINCIPAL PITALITO', 'ELECTRIFICADORA', 'LEIDY KATHERINE TRUJILLO', '2022-07-30', '2022-06-30', 46, 2, 'Eliminado'),
(343, 20, 20001, 4040, 'OFICINA PRINCIPAL PITALITO', 'PITALITO OFICINA PRINCIPAL', 'YESSICA LISETH MORENO', '2022-07-30', '2022-06-30', 42, 2, 'Eliminado'),
(344, 20, 20009, 3989, 'OFICINA PRINCIPAL PITALITO', 'PARQUE', 'MARLIN GISELLA MUÑOZ', '2022-07-30', '2022-06-30', 12, 2, 'Eliminado'),
(345, 20, 20028, 3543, 'OFICINA PRINCIPAL PITALITO', 'LOS GUADUALES', 'LAURA VALENTINA SILVA ', '2022-07-31', '2022-07-01', 46, 2, 'Disponible'),
(348, 20, 20013, 4473, 'OFICINA PRINCIPAL PITALITO', 'TERMINAL DE TRANSPORTE', 'ARILED PERALTA', '2022-07-31', '2022-07-01', 13, 2, 'Disponible'),
(349, 20, 20018, 4550, 'OFICINA PRINCIPAL PITALITO', 'GUACACALLO', 'SOFIA GONZALES', '2022-07-30', '2022-06-30', 13, 2, 'Eliminado'),
(350, 20, 20007, 4558, 'OFICINA PRINCIPAL PITALITO', 'MONTALLANTAS', 'KATERINE BARRERA', '2022-07-30', '2022-06-30', 23, 2, 'Eliminado'),
(351, 20, 20043, 4597, 'OFICINA PRINCIPAL PITALITO', 'LOS CEDROS', 'YINED PALADINEZ', '2022-07-30', '2022-06-30', 13, 2, 'Eliminado'),
(352, 20, 20012, 146, 'OFICINA PRINCIPAL PITALITO', 'SERVIMAS ', 'JAIMMY LISETH TORRES', '1970-01-01', '1970-01-01', 13, 2, 'Disponible'),
(353, 20, 20012, 4610, 'OFICINA PRINCIPAL PITALITO', 'SERVIMAS ', 'YEIMY JULIANA TORRES', '2022-07-31', '2022-07-01', 13, 2, 'Disponible'),
(354, 34, 34001, 1199, 'OFICINA ALTAMIRA', 'ALTAMIRA OFICINA PRINCIPAL', 'ANYI BANESSA GONZALEZ', '2022-07-31', '2022-07-01', 42, 2, 'Disponible'),
(355, 75, 75001, 165, 'OFICINA SUAZA', 'SUAZA OFICINA PRINCIPAL', 'NELSON ARTUNDUAGA', '2022-07-31', '2022-07-01', 22, 2, 'Disponible'),
(356, 20, 20045, 4127, 'OFICINA PRINCIPAL PITALITO', 'DISTRIASEO', 'YASIRIS CUELLAR', '2022-07-31', '2022-07-01', 8, 2, 'Disponible'),
(358, 75, 75001, 165, 'OFICINA SUAZA', 'SUAZA OFICINA PRINCIPAL', 'NELSON ARTUNDUAGA', '2022-07-31', '2022-07-01', 22, 2, 'Disponible'),
(359, 75, 75003, 4212, 'OFICINA SUAZA', 'SUPERMERCADO LA VEGUITA', 'CRISTINA CORREA', '2022-07-31', '2022-07-01', 12, 2, 'Disponible'),
(360, 75, 75002, 3715, 'OFICINA SUAZA', 'GALLARDO', 'NELLA CELINE CUERVO', '2022-07-31', '2022-07-01', 13, 2, 'Disponible'),
(361, 76, 76001, 168, 'OFICINA TARQUI', 'TARQUI OFICINA PRINCIPAL', 'FABIO NELSON ORTIZ', '2022-07-30', '2022-06-30', 12, 2, 'Eliminado'),
(362, 23, 23001, 600, 'OFICINA ISNOS', 'ISNOS OFICINA PRINCIPAL', 'MARIA DEYIS VERGARA', '2022-07-31', '2022-07-01', 12, 2, 'Disponible'),
(363, 23, 23006, 363, 'OFICINA ISNOS', 'Tres Esquinas Isnos', 'DIANA PATRICIA DIAZ', '2022-07-31', '2022-07-01', 46, 2, 'Disponible'),
(364, 22, 22001, 3202, 'OFICINA TIMANA', 'TIMANA OFICINA PRINCIPAL', 'SOLANYER MARIN', '2022-07-30', '2022-06-30', 49, 2, 'Eliminado'),
(365, 22, 22001, 177, 'OFICINA TIMANA', 'TIMANA OFICINA PRINCIPAL', 'MARIA JAZMIN CABRERA', '2022-07-31', '2022-07-01', 22, 2, 'Disponible'),
(366, 22, 22007, 1068, 'OFICINA TIMANA', 'LA TERCERA', 'NORMA CONSTANZA TORRES', '2022-07-30', '2022-06-30', 12, 2, 'Eliminado'),
(367, 26, 26001, 3377, 'OFICINA OPORAPA', 'OPORAPA OFICINA PRINCIPAL', 'VALENTINA MURCIA', '2022-07-31', '2022-07-01', 38, 2, 'Disponible'),
(368, 26, 26001, 87, 'OFICINA OPORAPA', 'OPORAPA OFICINA PRINCIPAL', 'MATILDE PEÑA', '2022-07-31', '2022-07-01', 42, 2, 'Disponible'),
(369, 19, 19001, 111, 'OFICINA BRUSELAS', 'BRUSELAS OFICINA PRINCIPAL', 'DIANA YISELA BAMBAGUE', '2022-07-31', '2022-07-01', 12, 2, 'Disponible'),
(370, 19, 19004, 2946, 'OFICINA BRUSELAS', 'TIENDA VARGAS', 'JORGE EDUARDO HERNANDEZ', '2022-07-30', '2022-06-30', 13, 2, 'Eliminado'),
(371, 28, 28001, 1044, 'OFICINA SAN ADOLFO', 'SAN ADOLFO OFICINA PRINCIPAL', 'KENNA ROCIO  VERGARA ', '2022-07-31', '2022-07-01', 13, 2, 'Disponible'),
(372, 24, 24001, 3601, 'OFICINA ACEVEDO', 'ACEVEDO OFICINA PRINCIPAL', 'EDNA ROCIO VARGAS', '2022-07-30', '2022-06-30', 56, 2, 'Eliminado'),
(373, 24, 24001, 1958, 'OFICINA ACEVEDO', 'ACEVEDO OFICINA PRINCIPAL', 'LORENA PEREZ', '2022-07-31', '2022-07-01', 22, 2, 'Disponible'),
(374, 24, 24005, 4327, 'OFICINA ACEVEDO', 'DROGUERIA LA ECONOMIA', 'ANGIE XIMENA  MAJE', '2022-07-30', '2022-06-30', 58, 2, 'Eliminado'),
(375, 24, 24002, 941, 'OFICINA ACEVEDO', 'GALERIA ACEVEDO', 'MARLOBY MURCIA ', '2022-07-31', '2022-07-01', 26, 2, 'Disponible'),
(376, 29, 29001, 2526, 'OFICINA PALESTINA', 'PALESTINA OFICINA PRINCIPAL', 'MILDRED YULIANA  RAMIREZ ', '2022-07-31', '2022-07-01', 12, 2, 'Disponible'),
(377, 33, 33001, 3667, 'OFICINA GUADALUPE', 'GUADALUPE OFICINA PRINCIPAL', 'SUCI QUIACHA', '2022-07-30', '2022-06-30', 12, 2, 'Eliminado'),
(378, 33, 33000, 63, 'OFICINA GUADALUPE', 'MAQUINAS GUADALUPE INDIRETOS', 'ODILMA CABRA', '2022-07-31', '2022-07-01', 28, 2, 'Disponible'),
(379, 36, 36001, 84, 'OFICINA MAITO', 'MAITO OFICINA PRINCIPAL', 'MARIA LORENA CORTES', '2022-07-30', '2022-06-30', 13, 2, 'Eliminado'),
(380, 36, 36001, 84, 'OFICINA MAITO', 'MAITO OFICINA PRINCIPAL', 'MARIA LORENA CORTES', '2022-07-30', '2022-06-30', 8, 2, 'Eliminado'),
(381, 36, 22004, 4599, 'OFICINA MAITO', 'QUITURO', 'MARIA ELENA BERMEO', '2022-07-31', '2022-07-01', 13, 2, 'Disponible');
INSERT INTO `asignar_turno_vendedor` (`id`, `id_oficina`, `id_sitio_venta`, `id_vendedor`, `nombre_oficina`, `nombre_sitio_venta`, `nombre_vendedor`, `fecha_final`, `fecha_inicio`, `id_turno`, `ide_subzona`, `estado`) VALUES
(382, 31, 31001, 3375, 'OFICINA SALADO BLANCO', 'SALADO BLANCO OFICINA PRINCIPAL', 'MONICA ANDREA ARCINIEGAS', '2022-07-31', '2022-07-01', 12, 2, 'Disponible'),
(383, 21, 21001, 359, 'OFICINA SAN AGUSTIN', 'SAN AGUSTIN OFICINA PRINCIPAL', 'ELIANA ESTEFANI CHILITO', '2022-07-31', '2022-07-01', 56, 2, 'Disponible'),
(384, 21, 21001, 162, 'OFICINA SAN AGUSTIN', 'SAN AGUSTIN OFICINA PRINCIPAL', 'DEIMAR HUGO MUÑOZ', '2022-07-31', '2022-07-01', 22, 2, 'Disponible'),
(385, 21, 21004, 3095, 'OFICINA SAN AGUSTIN', 'SAN JOSE', 'SINDY LORENA CUSPIAN', '2022-07-31', '2022-07-01', 12, 2, 'Disponible'),
(386, 21, 21002, 3299, 'OFICINA SAN AGUSTIN', 'HOSPITAL SAN AGUSTIN', 'LEIDY PAOLA JIMENEZ', '2022-07-31', '2022-07-01', 59, 2, 'Disponible'),
(387, 67, 67001, 58, 'OFICINA ELIAS', 'ELIAS OFICINA PRINCIPAL', 'JACQUELINE RIVERA', '2022-07-31', '2022-07-01', 12, 2, 'Disponible'),
(388, 20, 20000, 130, 'OFICINA PRINCIPAL PITALITO', 'MAQUINAS PITALITO INDIRECTOS', 'ISNEIDA GAITAN', '2022-07-31', '2022-07-01', 8, 2, 'Disponible'),
(390, 1, 2004, 583, 'OFICINA PPAL NEIVA CENTRO SUR', 'CANDIDO', 'LINA MARCELA REPIZO', '2022-07-31', '2022-07-01', 7, 1, 'Disponible'),
(391, 1, 2004, 4701, 'OFICINA PPAL NEIVA CENTRO SUR', 'CANDIDO', 'NIDIA  VERA', '2022-07-31', '2022-07-01', 64, 1, 'Disponible'),
(392, 1, 2004, 541, 'OFICINA PPAL NEIVA CENTRO SUR', 'CANDIDO', 'SILVANA PATRICIA NUÑEZ', '2022-07-31', '2022-07-01', 63, 1, 'Disponible'),
(393, 1, 2023, 540, 'OFICINA PPAL NEIVA CENTRO SUR', 'LUIS CARLOS GALAN 2', 'ANGELICA MARIA CARDOZO', '2022-07-31', '2022-07-01', 7, 1, 'Disponible'),
(394, 1, 2023, 4424, 'OFICINA PPAL NEIVA CENTRO SUR', 'LUIS CARLOS GALAN 2', 'ERIKA SONRANYI TRUJILLO', '2022-07-31', '2022-07-01', 8, 1, 'Disponible'),
(395, 1, 2023, 4424, 'OFICINA PPAL NEIVA CENTRO SUR', 'LUIS CARLOS GALAN 2', 'ERIKA SONRANYI TRUJILLO', '2022-07-31', '2022-07-01', 64, 1, 'Disponible'),
(396, 1, 2023, 1602, 'OFICINA PPAL NEIVA CENTRO SUR', 'LUIS CARLOS GALAN 2', 'JENNIFER    VILLANUEVA', '2022-07-31', '2022-07-01', 63, 1, 'Disponible'),
(397, 1, 2024, 1317, 'OFICINA PPAL NEIVA CENTRO SUR', 'MIRA RIO', 'CLAUDIA MARCELA GARCIA', '2022-07-31', '2022-07-01', 7, 1, 'Disponible'),
(398, 1, 2024, 4707, 'OFICINA PPAL NEIVA CENTRO SUR', 'MIRA RIO', 'YULIETH ZAMBRANO', '2022-07-31', '2022-07-01', 8, 1, 'Disponible'),
(399, 1, 2024, 4707, 'OFICINA PPAL NEIVA CENTRO SUR', 'MIRA RIO', 'YULIETH ZAMBRANO', '2022-07-31', '2022-07-01', 64, 1, 'Disponible'),
(400, 1, 2024, 1089, 'OFICINA PPAL NEIVA CENTRO SUR', 'MIRA RIO', 'ANDREA CHAVEZ', '2022-07-31', '2022-07-01', 63, 1, 'Disponible'),
(401, 1, 2045, 1054, 'OFICINA PPAL NEIVA CENTRO SUR', 'PINOS ALTO', 'CLAUDIA VANESSA ARAQUE ', '2022-07-31', '2022-07-01', 7, 1, 'Disponible'),
(402, 1, 2045, 4532, 'OFICINA PPAL NEIVA CENTRO SUR', 'PINOS ALTO', 'STEPHANY CAICEDO', '2022-07-31', '2022-07-01', 8, 1, 'Disponible'),
(403, 1, 2045, 4532, 'OFICINA PPAL NEIVA CENTRO SUR', 'PINOS ALTO', 'STEPHANY CAICEDO', '2022-07-31', '2022-07-01', 64, 1, 'Disponible'),
(404, 1, 2045, 3080, 'OFICINA PPAL NEIVA CENTRO SUR', 'PINOS ALTO', 'DANIELA CATERINE MENESES', '2022-07-31', '2022-07-01', 63, 1, 'Disponible'),
(405, 1, 2030, 478, 'OFICINA PPAL NEIVA CENTRO SUR', 'TENERIFE', 'ANDREA PAOLA ORTIZ', '2022-07-31', '2022-07-01', 65, 1, 'Disponible'),
(406, 1, 2030, 3325, 'OFICINA PPAL NEIVA CENTRO SUR', 'TENERIFE', 'GIOVANNA ANDREA MELENDEZ', '2022-07-31', '2022-07-01', 8, 1, 'Disponible'),
(407, 1, 2030, 3325, 'OFICINA PPAL NEIVA CENTRO SUR', 'TENERIFE', 'GIOVANNA ANDREA MELENDEZ', '2022-07-31', '2022-07-01', 64, 1, 'Disponible'),
(408, 1, 2030, 999, 'OFICINA PPAL NEIVA CENTRO SUR', 'TENERIFE', 'CONSTANZA TOVAR', '2022-07-31', '2022-07-01', 63, 1, 'Disponible'),
(409, 1, 1080, 466, 'OFICINA PPAL NEIVA CENTRO SUR', 'TERMINAL', 'JENNY PAOLA TOVAR', '2022-07-31', '2022-07-01', 7, 1, 'Disponible'),
(410, 1, 1080, 419, 'OFICINA PPAL NEIVA CENTRO SUR', 'TERMINAL', 'ADRIANA MARCELA ALVIRA', '2022-07-31', '2022-07-01', 3, 1, 'Disponible'),
(411, 1, 1080, 419, 'OFICINA PPAL NEIVA CENTRO SUR', 'TERMINAL', 'ADRIANA MARCELA ALVIRA', '2022-07-31', '2022-07-01', 12, 1, 'Disponible'),
(412, 1, 1080, 4061, 'OFICINA PPAL NEIVA CENTRO SUR', 'TERMINAL', 'ANGIE PAOLA NAVIA', '2022-07-31', '2022-07-01', 63, 1, 'Disponible'),
(413, 1, 1012, 2722, 'OFICINA PPAL NEIVA CENTRO SUR', 'CAMELLON DE LA 14', 'MARIA GORETTY CARDOZO ', '2022-07-31', '2022-07-01', 7, 1, 'Disponible'),
(414, 1, 1012, 1342, 'OFICINA PPAL NEIVA CENTRO SUR', 'CAMELLON DE LA 14', 'LADY KATHERINE  MENDEZ', '2022-07-31', '2022-07-01', 67, 1, 'Disponible'),
(415, 1, 1012, 1342, 'OFICINA PPAL NEIVA CENTRO SUR', 'CAMELLON DE LA 14', 'LADY KATHERINE  MENDEZ', '2022-07-31', '2022-07-01', 5, 1, 'Disponible'),
(416, 1, 1012, 3539, 'OFICINA PPAL NEIVA CENTRO SUR', 'CAMELLON DE LA 14', 'YEIMY ALEJANDRA GOMEZ', '2022-07-31', '2022-07-01', 2, 1, 'Disponible'),
(417, 1, 2027, 852, 'OFICINA PPAL NEIVA CENTRO SUR', 'PAPELERIA  ALFA', 'YURANY MEDINA', '2022-07-31', '2022-07-01', 17, 1, 'Disponible'),
(418, 1, 2027, 3631, 'OFICINA PPAL NEIVA CENTRO SUR', 'PAPELERIA  ALFA', 'DAYANNA MARCELA GASCA', '2022-07-31', '2022-07-01', 27, 1, 'Disponible'),
(419, 1, 2039, 4504, 'OFICINA PPAL NEIVA CENTRO SUR', 'LA RIOJA', 'PAULA CRISTINA SOTO', '2022-07-31', '2022-07-01', 10, 1, 'Disponible'),
(420, 1, 2039, 482, 'OFICINA PPAL NEIVA CENTRO SUR', 'LA RIOJA', 'ANYELA CAROLINA QUINTERO', '2022-07-31', '2022-07-01', 6, 1, 'Disponible'),
(421, 1, 1126, 591, 'OFICINA PPAL NEIVA CENTRO SUR', 'BELLAVISTA', 'LINA VERONICA CALDERON', '2022-07-31', '2022-07-01', 8, 1, 'Disponible'),
(422, 1, 1126, 4392, 'OFICINA PPAL NEIVA CENTRO SUR', 'BELLAVISTA', 'YESICA ANDREA TORRES', '2022-07-31', '2022-07-01', 6, 1, 'Disponible'),
(423, 1, 2010, 3943, 'OFICINA PPAL NEIVA CENTRO SUR', 'LA ESTACION', 'ANGIE CATHERINE  IGLESIAS', '2022-07-31', '2022-07-01', 1, 1, 'Disponible'),
(424, 1, 2010, 4524, 'OFICINA PPAL NEIVA CENTRO SUR', 'LA ESTACION', 'YESICA MARCELA MAHECHA', '2022-07-31', '2022-07-01', 9, 1, 'Disponible'),
(425, 11, 11001, 155, 'RIVERA OFICINA PRINCIPAL', 'RIVERA OFICINA PRINCIPAL', 'NANCY JIMENEZ', '2022-07-31', '2022-07-01', 8, 4, 'Disponible'),
(426, 20, 20006, 1962, 'OFICINA PRINCIPAL PITALITO', 'GALERIA', 'YALITZA CARVAJAL', '2022-07-30', '2022-06-30', 47, 2, 'Eliminado'),
(427, 20, 20017, 4712, 'OFICINA PRINCIPAL PITALITO', 'PANORAMA', 'LEIDY CAROLINA AGUDELO', '2022-07-31', '2022-07-01', 19, 2, 'Disponible'),
(428, 20, 20017, 4712, 'OFICINA PRINCIPAL PITALITO', 'PANORAMA', 'LEIDY CAROLINA AGUDELO', '2022-07-31', '2022-07-01', 48, 2, 'Disponible'),
(429, 20, 20019, 4741, 'OFICINA PRINCIPAL PITALITO', 'LOS PINOS', 'ALEJANDRA ARTUNDUAGA', '2022-07-30', '2022-06-30', 8, 2, 'Eliminado'),
(430, 20, 20019, 4741, 'OFICINA PRINCIPAL PITALITO', 'LOS PINOS', 'ALEJANDRA ARTUNDUAGA', '2022-07-30', '2022-06-30', 13, 2, 'Eliminado'),
(431, 20, 20020, 4743, 'OFICINA PRINCIPAL PITALITO', 'SAN ANTONIO', 'ERIKA CARVAJAL', '2022-07-31', '2022-07-01', 8, 2, 'Disponible'),
(432, 20, 20020, 4743, 'OFICINA PRINCIPAL PITALITO', 'SAN ANTONIO', 'ERIKA CARVAJAL', '2022-07-31', '2022-07-01', 13, 2, 'Disponible'),
(433, 20, 20009, 4745, 'OFICINA PRINCIPAL PITALITO', 'PARQUE', 'MARICELA TORRES', '2022-07-31', '2022-07-01', 10, 2, 'Disponible'),
(434, 20, 20009, 4745, 'OFICINA PRINCIPAL PITALITO', 'PARQUE', 'MARICELA TORRES', '2022-07-31', '2022-07-01', 13, 2, 'Disponible'),
(435, 20, 20011, 4619, 'OFICINA PRINCIPAL PITALITO', 'SALIDA PALESTINA', 'JENNIFER ÑAÑEZ', '2022-07-31', '2022-07-01', 8, 2, 'Disponible'),
(436, 20, 20010, 4401, 'OFICINA PRINCIPAL PITALITO', 'QUINCHE', 'ELISABETH MUÑOZ ', '2022-07-31', '2022-07-01', 8, 2, 'Disponible'),
(437, 20, 20010, 4401, 'OFICINA PRINCIPAL PITALITO', 'QUINCHE', 'ELISABETH MUÑOZ ', '2022-07-31', '2022-07-01', 13, 2, 'Disponible'),
(438, 20, 20042, 4405, 'OFICINA PRINCIPAL PITALITO', 'SAN MATEO', 'MARTHA LILIANA ROMERO ', '2022-07-31', '2022-07-01', 23, 2, 'Disponible'),
(439, 20, 20045, 4127, 'OFICINA PRINCIPAL PITALITO', 'DISTRIASEO', 'YASIRIS CUELLAR', '2022-07-31', '2022-07-01', 23, 2, 'Disponible'),
(440, 20, 20019, 108, 'OFICINA PRINCIPAL PITALITO', 'LOS PINOS', 'ANGELA YANGUMA', '2022-07-30', '2022-06-30', 2, 2, 'Eliminado'),
(441, 20, 20009, 135, 'OFICINA PRINCIPAL PITALITO', 'PARQUE', 'SONIA JUDITH ZUÑIGA', '2022-07-31', '2022-07-01', 12, 2, 'Disponible'),
(442, 20, 20008, 135, 'OFICINA PRINCIPAL PITALITO', 'SUPERMERCADO DE SIERRA', 'SONIA JUDITH ZUÑIGA', '2022-07-31', '2022-07-01', 8, 2, 'Disponible'),
(443, 20, 20001, 1197, 'OFICINA PRINCIPAL PITALITO', 'PITALITO OFICINA PRINCIPAL', 'ANYELA VERONICA PALACIOS ', '2022-07-30', '2022-06-30', 25, 2, 'Eliminado'),
(444, 20, 200200, 130, 'OFICINA PRINCIPAL PITALITO', 'MAQUINAS PITALITO DIRECTOS', 'ISNEIDA GAITAN', '2022-07-31', '2022-07-01', 46, 2, 'Disponible'),
(445, 40, 40023, 1043, 'OFICINA PRINCIPAL LA PLATA', 'LA PLATA OFICINA  PARQUE', 'RICAURTE  MENDEZ', '2022-07-31', '2022-07-01', 1, 3, 'Disponible'),
(446, 40, 40023, 2806, 'OFICINA PRINCIPAL LA PLATA', 'LA PLATA OFICINA  PARQUE', 'JHON JAIRO DIAZ', '2022-07-31', '2022-07-01', 24, 3, 'Disponible'),
(447, 40, 40006, 2196, 'OFICINA PRINCIPAL LA PLATA', 'LA  AVENIDA-SAN ANTONIO', 'YULEIDY ALEJANDRA GUAR', '2022-07-31', '2022-07-01', 2, 3, 'Disponible'),
(448, 40, 40001, 3181, 'OFICINA PRINCIPAL LA PLATA', 'LA PLATA OFICINA PRINCIPAL', 'ISNERY PASTRANA', '2022-07-31', '2022-07-01', 24, 3, 'Disponible'),
(449, 1, 1001, 820, 'OFICINA PPAL NEIVA CENTRO SUR', 'OFICINA PPAL NEIVA', 'YURLY LORENA MORALES', '2022-08-31', '2022-08-01', 40, 1, 'Disponible'),
(450, 1, 1018, 103, 'OFICINA PPAL NEIVA CENTRO SUR', 'CLUB SOCIAL', 'ROSA VIRGINIA VARGAS', '2022-08-30', '2022-07-31', 40, 1, 'Eliminado'),
(451, 1, 1001, 2162, 'OFICINA PPAL NEIVA CENTRO SUR', 'OFICINA PPAL NEIVA', 'MARIA CRISTINA CHIMBACO', '2022-08-30', '2022-08-02', 40, 1, 'Eliminado'),
(452, 1, 1018, 458, 'OFICINA PPAL NEIVA CENTRO SUR', 'CLUB SOCIAL', 'YESSICA ALVARADO', '2022-08-31', '2022-08-03', 40, 1, 'Disponible'),
(453, 1, 1018, 538, 'OFICINA PPAL NEIVA CENTRO SUR', 'CLUB SOCIAL', 'BLANCA LIDIA SILVA', '2022-08-31', '2022-08-03', 40, 1, 'Disponible'),
(454, 1, 1018, 1123, 'OFICINA PPAL NEIVA CENTRO SUR', 'CLUB SOCIAL', 'MARIADENI VALDERRAMA', '2022-08-30', '2022-08-02', 8, 1, 'Eliminado'),
(455, 1, 1018, 1123, 'OFICINA PPAL NEIVA CENTRO SUR', 'CLUB SOCIAL', 'MARIADENI VALDERRAMA', '2022-08-30', '2022-08-02', 13, 1, 'Eliminado'),
(456, 1, 1018, 583, 'OFICINA PPAL NEIVA CENTRO SUR', 'CLUB SOCIAL', 'LINA MARCELA REPIZO', '2022-08-31', '2022-08-03', 8, 1, 'Disponible'),
(457, 1, 1018, 583, 'OFICINA PPAL NEIVA CENTRO SUR', 'CLUB SOCIAL', 'LINA MARCELA REPIZO', '2022-08-31', '2022-08-03', 13, 1, 'Disponible'),
(458, 1, 1018, 4441, 'OFICINA PPAL NEIVA CENTRO SUR', 'CLUB SOCIAL', 'MARTHA ISABEL GARCIA', '2022-08-31', '2022-08-03', 2, 1, 'Disponible'),
(459, 1, 1018, 4568, 'OFICINA PPAL NEIVA CENTRO SUR', 'CLUB SOCIAL', 'LEIDY VIVIANA YATE', '2022-08-31', '2022-08-03', 2, 1, 'Disponible'),
(460, 1, 2035, 1264, 'OFICINA PPAL NEIVA CENTRO SUR', 'SAIRE ELECTRIFICADORA', 'BIBIANA FARLEY CASTRO', '2022-08-31', '2022-08-03', 7, 1, 'Disponible'),
(461, 1, 2035, 3705, 'OFICINA PPAL NEIVA CENTRO SUR', 'SAIRE ELECTRIFICADORA', 'JONNER ALEXANDER CUELLAR', '2022-08-31', '2022-08-03', 2, 1, 'Disponible'),
(462, 1, 2035, 3399, 'OFICINA PPAL NEIVA CENTRO SUR', 'SAIRE ELECTRIFICADORA', 'LILIANA MACANA', '2022-08-31', '2022-08-03', 8, 1, 'Disponible'),
(463, 1, 2035, 3399, 'OFICINA PPAL NEIVA CENTRO SUR', 'SAIRE ELECTRIFICADORA', 'LILIANA MACANA', '2022-08-31', '2022-08-03', 12, 1, 'Disponible'),
(464, 1, 2035, 4164, 'OFICINA PPAL NEIVA CENTRO SUR', 'SAIRE ELECTRIFICADORA', 'LAURA GILOMBO', '2022-08-31', '2022-08-03', 8, 1, 'Disponible'),
(465, 1, 2035, 1562, 'OFICINA PPAL NEIVA CENTRO SUR', 'SAIRE ELECTRIFICADORA', 'VIVIANA   MORALES', '2022-08-31', '2022-08-03', 2, 1, 'Disponible'),
(466, 1, 2070, 4763, 'OFICINA PPAL NEIVA CENTRO SUR', 'IGLESIA PALMAS ', 'ERICA LORENA PASCUAS', '2022-08-31', '2022-08-03', 8, 1, 'Disponible'),
(467, 1, 2070, 4763, 'OFICINA PPAL NEIVA CENTRO SUR', 'IGLESIA PALMAS ', 'ERICA LORENA PASCUAS', '2022-08-31', '2022-08-03', 64, 1, 'Disponible'),
(468, 1, 2070, 4066, 'OFICINA PPAL NEIVA CENTRO SUR', 'IGLESIA PALMAS ', 'LEIDY LORENA TORRALBA', '2022-08-31', '2022-08-03', 63, 1, 'Disponible'),
(469, 1, 2018, 4180, 'OFICINA PPAL NEIVA CENTRO SUR', 'JARDIN 1', 'ELIANA ROCIO TRIANA ', '2022-08-31', '2022-08-03', 65, 1, 'Disponible'),
(470, 1, 2018, 549, 'OFICINA PPAL NEIVA CENTRO SUR', 'JARDIN 1', 'ALBA CECILIA CEBALLES', '2022-08-31', '2022-08-03', 65, 1, 'Disponible'),
(471, 1, 2018, 4524, 'OFICINA PPAL NEIVA CENTRO SUR', 'JARDIN 1', 'YESICA MARCELA MAHECHA', '2022-08-31', '2022-08-03', 8, 1, 'Disponible'),
(472, 1, 2070, 4763, 'OFICINA PPAL NEIVA CENTRO SUR', 'IGLESIA PALMAS ', 'ERICA LORENA PASCUAS', '2022-08-31', '2022-08-03', 64, 1, 'Disponible'),
(473, 1, 2018, 3072, 'OFICINA PPAL NEIVA CENTRO SUR', 'JARDIN 1', 'ANGIE YURLEY LOSADA', '2022-08-31', '2022-08-03', 63, 1, 'Disponible'),
(474, 1, 1106, 4008, 'OFICINA PPAL NEIVA CENTRO SUR', 'CANAIMA', 'JUAN STIVEN GUZMAN', '2022-08-31', '2022-08-03', 7, 1, 'Disponible'),
(475, 1, 1106, 419, 'OFICINA PPAL NEIVA CENTRO SUR', 'CANAIMA', 'ADRIANA MARCELA ALVIRA', '2022-08-31', '2022-08-03', 8, 1, 'Disponible'),
(476, 1, 1106, 419, 'OFICINA PPAL NEIVA CENTRO SUR', 'CANAIMA', 'ADRIANA MARCELA ALVIRA', '2022-08-31', '2022-08-03', 64, 1, 'Disponible'),
(477, 1, 1106, 864, 'OFICINA PPAL NEIVA CENTRO SUR', 'CANAIMA', 'ADRIANA BUSTOS ', '2022-08-31', '2022-08-03', 63, 1, 'Disponible'),
(478, 1, 1054, 444, 'OFICINA PPAL NEIVA CENTRO SUR', 'LIMONAR', 'MARLY TOVAR', '2022-08-31', '2022-08-03', 7, 1, 'Disponible'),
(479, 1, 1054, 3249, 'OFICINA PPAL NEIVA CENTRO SUR', 'LIMONAR', 'YULI ALEXANDRA PACHECO', '2022-08-31', '2022-08-03', 8, 1, 'Disponible'),
(480, 1, 1054, 3249, 'OFICINA PPAL NEIVA CENTRO SUR', 'LIMONAR', 'YULI ALEXANDRA PACHECO', '2022-08-31', '2022-08-03', 64, 1, 'Disponible'),
(481, 1, 1054, 432, 'OFICINA PPAL NEIVA CENTRO SUR', 'LIMONAR', 'MARIA DEL PILAR VARGAS', '2022-08-31', '2022-08-03', 63, 1, 'Disponible'),
(482, 1, 1074, 505, 'OFICINA PPAL NEIVA CENTRO SUR', 'SANTA ISABEL', 'ALBANY RIVERA', '2022-08-31', '2022-08-03', 7, 1, 'Disponible'),
(483, 1, 1054, 4536, 'OFICINA PPAL NEIVA CENTRO SUR', 'LIMONAR', 'MARIA JIMENA HERNANDEZ', '2022-08-31', '2022-08-03', 8, 1, 'Disponible'),
(484, 1, 1074, 974, 'OFICINA PPAL NEIVA CENTRO SUR', 'SANTA ISABEL', 'TERESA SANCHEZ', '2022-08-31', '2022-08-03', 6, 1, 'Disponible'),
(485, 1, 1081, 456, 'OFICINA PPAL NEIVA CENTRO SUR', 'TIMANCO', 'AMELIA LISENIA RIVERA', '2022-08-31', '2022-08-03', 7, 1, 'Disponible'),
(486, 1, 1081, 3273, 'OFICINA PPAL NEIVA CENTRO SUR', 'TIMANCO', 'JESSICA CAMILA CABRERA', '2022-08-31', '2022-08-03', 8, 1, 'Disponible'),
(487, 1, 1081, 2096, 'OFICINA PPAL NEIVA CENTRO SUR', 'TIMANCO', 'MAYRA ALEJANDRA PARRA', '2022-08-31', '2022-08-03', 63, 1, 'Disponible'),
(488, 1, 1081, 3273, 'OFICINA PPAL NEIVA CENTRO SUR', 'TIMANCO', 'JESSICA CAMILA CABRERA', '2022-08-31', '2022-08-03', 64, 1, 'Disponible'),
(489, 1, 2004, 590, 'OFICINA PPAL NEIVA CENTRO SUR', 'CANDIDO', 'LINA MARIA ARAQUE', '2022-08-30', '2022-08-02', 7, 1, 'Eliminado'),
(490, 1, 2004, 4192, 'OFICINA PPAL NEIVA CENTRO SUR', 'CANDIDO', 'CAROLAY DAYANA YAÑEZ', '2022-08-31', '2022-08-03', 64, 1, 'Disponible'),
(491, 1, 2004, 2974, 'OFICINA PPAL NEIVA CENTRO SUR', 'CANDIDO', 'DIANA ANDREA HERNANDEZ', '2022-08-30', '2022-08-02', 63, 1, 'Eliminado'),
(492, 1, 2023, 1185, 'OFICINA PPAL NEIVA CENTRO SUR', 'LUIS CARLOS GALAN 2', 'LUZ DARY CASALLAS', '2022-08-31', '2022-08-03', 7, 1, 'Disponible'),
(493, 1, 2023, 1089, 'OFICINA PPAL NEIVA CENTRO SUR', 'LUIS CARLOS GALAN 2', 'ANDREA CHAVEZ', '2022-08-31', '2022-08-01', 8, 1, 'Disponible'),
(494, 1, 2023, 1602, 'OFICINA PPAL NEIVA CENTRO SUR', 'LUIS CARLOS GALAN 2', 'JENNIFER    VILLANUEVA', '2022-08-31', '2022-08-03', 64, 1, 'Disponible'),
(495, 1, 2024, 541, 'OFICINA PPAL NEIVA CENTRO SUR', 'MIRA RIO', 'SILVANA PATRICIA NUÑEZ', '2022-08-31', '2022-08-03', 7, 1, 'Disponible'),
(496, 1, 2024, 3038, 'OFICINA PPAL NEIVA CENTRO SUR', 'MIRA RIO', 'YEISY TATIANA VARON', '2022-08-31', '2022-08-03', 8, 1, 'Disponible'),
(497, 1, 2024, 3038, 'OFICINA PPAL NEIVA CENTRO SUR', 'MIRA RIO', 'YEISY TATIANA VARON', '2022-08-31', '2022-08-03', 64, 1, 'Disponible'),
(498, 1, 2024, 540, 'OFICINA PPAL NEIVA CENTRO SUR', 'MIRA RIO', 'ANGELICA MARIA CARDOZO', '2022-08-31', '2022-08-03', 63, 1, 'Disponible'),
(499, 1, 2045, 3939, 'OFICINA PPAL NEIVA CENTRO SUR', 'PINOS ALTO', 'JOHANNA  MARCELA PEÑA', '2022-08-31', '2022-08-03', 7, 1, 'Disponible'),
(500, 1, 2045, 4701, 'OFICINA PPAL NEIVA CENTRO SUR', 'PINOS ALTO', 'NIDIA  VERA', '2022-08-31', '2022-08-03', 8, 1, 'Disponible'),
(501, 1, 2045, 4701, 'OFICINA PPAL NEIVA CENTRO SUR', 'PINOS ALTO', 'NIDIA  VERA', '2022-08-31', '2022-08-03', 64, 1, 'Disponible'),
(502, 1, 2045, 4532, 'OFICINA PPAL NEIVA CENTRO SUR', 'PINOS ALTO', 'STEPHANY CAICEDO', '2022-08-31', '2022-08-03', 63, 1, 'Disponible'),
(503, 1, 2030, 478, 'OFICINA PPAL NEIVA CENTRO SUR', 'TENERIFE', 'ANDREA PAOLA ORTIZ', '2022-08-31', '2022-08-03', 65, 1, 'Disponible'),
(504, 1, 2030, 514, 'OFICINA PPAL NEIVA CENTRO SUR', 'TENERIFE', 'SONIA RIVERA', '2022-08-31', '2022-08-03', 8, 1, 'Disponible'),
(505, 1, 2030, 514, 'OFICINA PPAL NEIVA CENTRO SUR', 'TENERIFE', 'SONIA RIVERA', '2022-08-31', '2022-08-03', 64, 1, 'Disponible'),
(506, 1, 2030, 2382, 'OFICINA PPAL NEIVA CENTRO SUR', 'TENERIFE', 'ERIKA DANIELA CAICEDO', '2022-08-31', '2022-08-03', 63, 1, 'Disponible'),
(507, 1, 1080, 999, 'OFICINA PPAL NEIVA CENTRO SUR', 'TERMINAL', 'CONSTANZA TOVAR', '2022-08-31', '2022-08-03', 7, 1, 'Disponible'),
(508, 1, 1080, 4765, 'OFICINA PPAL NEIVA CENTRO SUR', 'TERMINAL', 'ADRIANA MARGARITA LUENGAS', '2022-08-31', '2022-08-03', 3, 1, 'Disponible'),
(509, 1, 1080, 4765, 'OFICINA PPAL NEIVA CENTRO SUR', 'TERMINAL', 'ADRIANA MARGARITA LUENGAS', '2022-08-31', '2022-08-03', 12, 1, 'Disponible'),
(510, 1, 1080, 592, 'OFICINA PPAL NEIVA CENTRO SUR', 'TERMINAL', 'MARIA LIGIA BUSTOS', '2022-08-31', '2022-08-03', 63, 1, 'Disponible'),
(511, 1, 1012, 1342, 'OFICINA PPAL NEIVA CENTRO SUR', 'CAMELLON DE LA 14', 'LADY KATHERINE  MENDEZ', '2022-08-30', '2022-08-02', 5, 1, 'Eliminado'),
(512, 1, 1012, 1167, 'OFICINA PPAL NEIVA CENTRO SUR', 'CAMELLON DE LA 14', 'GLEDYS EDITH ARRIETA', '2022-08-31', '2022-08-03', 2, 1, 'Disponible'),
(513, 1, 1012, 4699, 'OFICINA PPAL NEIVA CENTRO SUR', 'CAMELLON DE LA 14', 'KEIDY VALENTINA ROJAS', '2022-08-31', '2022-08-03', 67, 1, 'Disponible'),
(514, 1, 1012, 4699, 'OFICINA PPAL NEIVA CENTRO SUR', 'CAMELLON DE LA 14', 'KEIDY VALENTINA ROJAS', '2022-08-31', '2022-08-03', 5, 1, 'Disponible'),
(515, 1, 2027, 1446, 'OFICINA PPAL NEIVA CENTRO SUR', 'PAPELERIA  ALFA', 'PAULA ELIANA PAREDES', '2022-08-31', '2022-08-03', 17, 1, 'Disponible'),
(516, 1, 2027, 496, 'OFICINA PPAL NEIVA CENTRO SUR', 'PAPELERIA  ALFA', 'LINA MARIA ESCOBAR', '2022-08-31', '2022-08-03', 27, 1, 'Disponible'),
(517, 1, 2039, 852, 'OFICINA PPAL NEIVA CENTRO SUR', 'LA RIOJA', 'YURANY MEDINA', '2022-08-31', '2022-08-03', 6, 1, 'Disponible'),
(518, 1, 2039, 4504, 'OFICINA PPAL NEIVA CENTRO SUR', 'LA RIOJA', 'PAULA CRISTINA SOTO', '2022-08-31', '2022-08-03', 10, 1, 'Disponible'),
(519, 1, 1126, 591, 'OFICINA PPAL NEIVA CENTRO SUR', 'BELLAVISTA', 'LINA VERONICA CALDERON', '2022-08-31', '2022-08-03', 8, 1, 'Disponible'),
(520, 1, 1126, 3804, 'OFICINA PPAL NEIVA CENTRO SUR', 'BELLAVISTA', 'ANGIE VANESSA ESTERLING', '2022-08-31', '2022-08-03', 6, 1, 'Disponible'),
(521, 1, 2010, 490, 'OFICINA PPAL NEIVA CENTRO SUR', 'LA ESTACION', 'MABEL OLARTE', '2022-08-31', '2022-08-03', 1, 1, 'Disponible'),
(522, 1, 2010, 4443, 'OFICINA PPAL NEIVA CENTRO SUR', 'LA ESTACION', 'KELLY VANESSA CHANTRE', '2022-08-30', '2022-08-02', 9, 1, 'Eliminado'),
(523, 1, 2046, 4534, 'OFICINA PPAL NEIVA CENTRO SUR', 'LUIS EDUARDO VANEGAS', 'DANIEL FELIPE LEAL', '2022-08-31', '2022-08-03', 8, 1, 'Disponible'),
(524, 1, 2046, 3991, 'OFICINA PPAL NEIVA CENTRO SUR', 'LUIS EDUARDO VANEGAS', 'INGRY LORENA GARCIA', '2022-08-31', '2022-08-03', 2, 1, 'Disponible'),
(525, 1, 2050, 1776, 'OFICINA PPAL NEIVA CENTRO SUR', 'EDUARDO SANTOS', 'DANIELA PENAGOS', '2022-08-31', '2022-08-03', 17, 1, 'Disponible'),
(526, 1, 2050, 4534, 'OFICINA PPAL NEIVA CENTRO SUR', 'EDUARDO SANTOS', 'DANIEL FELIPE LEAL', '2022-08-31', '2022-08-03', 12, 1, 'Disponible'),
(527, 1, 2041, 3943, 'OFICINA PPAL NEIVA CENTRO SUR', 'TERMINAL GALINDO', 'ANGIE CATHERINE  IGLESIAS', '2022-08-31', '2022-08-03', 45, 1, 'Disponible'),
(528, 1, 2014, 513, 'OFICINA PPAL NEIVA CENTRO SUR', 'GALINDO', 'MARIA ISABEL TOVAR', '2022-08-31', '2022-08-03', 17, 1, 'Disponible'),
(529, 1, 1172, 4317, 'OFICINA PPAL NEIVA CENTRO SUR', 'SAN PEDRO PLAZA', 'GERLY PIEDAD MONTERO', '2022-08-31', '2022-08-03', 10, 1, 'Disponible'),
(530, 1, 1172, 997, 'OFICINA PPAL NEIVA CENTRO SUR', 'SAN PEDRO PLAZA', 'ANAIDROBY  GOMEZ', '2022-08-31', '2022-08-03', 6, 1, 'Disponible'),
(531, 20, 20019, 137, 'OFICINA PRINCIPAL PITALITO', 'LOS PINOS', 'YOHANA BELTRAN', '2022-08-30', '2022-07-31', 24, 2, 'Eliminado'),
(532, 20, 20036, 128, 'OFICINA PRINCIPAL PITALITO', 'OLIMPICA JARDIN', 'ALBA MERY ROMERO', '2022-08-30', '2022-08-02', 8, 2, 'Eliminado'),
(533, 20, 20036, 128, 'OFICINA PRINCIPAL PITALITO', 'OLIMPICA JARDIN', 'ALBA MERY ROMERO', '2022-08-30', '2022-08-02', 12, 2, 'Eliminado'),
(534, 20, 20008, 133, 'OFICINA PRINCIPAL PITALITO', 'SUPERMERCADO DE SIERRA', 'LUZ MILA ARIZA', '2022-08-30', '2022-08-02', 2, 2, 'Eliminado'),
(535, 20, 20002, 147, 'OFICINA PRINCIPAL PITALITO', 'CSC', '20AHIRA YESINET MONCADA', '2022-08-31', '2022-08-03', 8, 2, 'Disponible'),
(536, 20, 20002, 147, 'OFICINA PRINCIPAL PITALITO', 'CSC', '20AHIRA YESINET MONCADA', '2022-08-31', '2022-08-03', 12, 2, 'Disponible'),
(537, 20, 200200, 130, 'OFICINA PRINCIPAL PITALITO', 'MAQUINAS PITALITO DIRECTOS', 'ISNEIDA GAITAN', '2022-08-31', '2022-08-01', 8, 2, 'Disponible'),
(538, 20, 200200, 130, 'OFICINA PRINCIPAL PITALITO', 'MAQUINAS PITALITO DIRECTOS', 'ISNEIDA GAITAN', '2022-08-31', '2022-08-01', 46, 2, 'Disponible'),
(539, 20, 20004, 145, 'OFICINA PRINCIPAL PITALITO', 'BINGO LA CUARTA', 'FLOR AMPARO CARDONA', '2022-08-31', '2022-08-01', 17, 2, 'Disponible'),
(540, 20, 20001, 1962, 'OFICINA PRINCIPAL PITALITO', 'PITALITO OFICINA PRINCIPAL', 'YALITZA CARVAJAL', '2022-08-31', '2022-08-01', 25, 2, 'Disponible'),
(541, 20, 20001, 1962, 'OFICINA PRINCIPAL PITALITO', 'PITALITO OFICINA PRINCIPAL', 'YALITZA CARVAJAL', '2022-08-31', '2022-08-01', 49, 2, 'Disponible'),
(542, 20, 20026, 3044, 'OFICINA PRINCIPAL PITALITO', 'SUPERMERCADO SAN ANTONIO', 'DEICY PAOLA CERON', '2022-08-31', '2022-08-01', 8, 2, 'Disponible'),
(543, 20, 20037, 3149, 'OFICINA PRINCIPAL PITALITO', 'ESTACION BIOMAX', 'MONICA ALEJANDRA PUENTES', '2022-08-31', '2022-08-01', 8, 2, 'Disponible'),
(544, 20, 20038, 2644, 'OFICINA PRINCIPAL PITALITO', 'CASA DEL HIERRO', 'DURLEY CRUZ', '2022-08-30', '2022-07-31', 8, 2, 'Eliminado'),
(545, 20, 20016, 1306, 'OFICINA PRINCIPAL PITALITO', ' LOS NOGALES', 'JHEIMY ALEXANDRA VIVEROS', '2022-08-31', '2022-08-01', 24, 2, 'Disponible'),
(546, 20, 20002, 139, 'OFICINA PRINCIPAL PITALITO', 'CSC', 'CAROLINA CARVAJAL', '2022-08-31', '2022-08-01', 17, 2, 'Disponible'),
(547, 20, 20002, 149, 'OFICINA PRINCIPAL PITALITO', 'CSC', 'ANGELICA MAZABEL', '2022-08-31', '2022-08-01', 6, 2, 'Disponible'),
(548, 20, 20017, 2408, 'OFICINA PRINCIPAL PITALITO', 'PANORAMA', 'KERLY ZULEIMA TRIBIÑO', '2022-08-31', '2022-08-01', 8, 2, 'Disponible'),
(549, 20, 20017, 2408, 'OFICINA PRINCIPAL PITALITO', 'PANORAMA', 'KERLY ZULEIMA TRIBIÑO', '2022-08-31', '2022-08-01', 41, 2, 'Disponible'),
(550, 20, 20028, 135, 'OFICINA PRINCIPAL PITALITO', 'LOS GUADUALES', 'SONIA JUDITH ZUÑIGA', '2022-08-31', '2022-08-01', 8, 2, 'Disponible'),
(551, 20, 20028, 135, 'OFICINA PRINCIPAL PITALITO', 'LOS GUADUALES', 'SONIA JUDITH ZUÑIGA', '2022-08-31', '2022-08-01', 46, 2, 'Disponible'),
(552, 20, 20028, 135, 'OFICINA PRINCIPAL PITALITO', 'LOS GUADUALES', 'SONIA JUDITH ZUÑIGA', '2022-08-31', '2022-08-01', 46, 2, 'Disponible'),
(553, 20, 20006, 108, 'OFICINA PRINCIPAL PITALITO', 'GALERIA', 'ANGELA YANGUMA', '2022-08-31', '2022-08-01', 47, 2, 'Disponible'),
(554, 20, 20019, 1650, 'OFICINA PRINCIPAL PITALITO', 'LOS PINOS', 'AURA  ENEDI BOHORQUEZ ', '2022-08-30', '2022-07-31', 8, 2, 'Eliminado'),
(555, 20, 20019, 1650, 'OFICINA PRINCIPAL PITALITO', 'LOS PINOS', 'AURA  ENEDI BOHORQUEZ ', '2022-08-30', '2022-07-31', 13, 2, 'Eliminado'),
(556, 20, 20011, 1758, 'OFICINA PRINCIPAL PITALITO', 'SALIDA PALESTINA', 'LEIDY YULIETH GOMEZ', '2022-08-31', '2022-08-01', 2, 2, 'Disponible'),
(557, 20, 20011, 936, 'OFICINA PRINCIPAL PITALITO', 'SALIDA PALESTINA', 'MARLY ROCIO REYES', '2022-08-30', '2022-07-31', 8, 2, 'Eliminado'),
(558, 20, 20017, 936, 'OFICINA PRINCIPAL PITALITO', 'PANORAMA', 'MARLY ROCIO REYES', '2022-08-31', '2022-08-01', 22, 2, 'Disponible'),
(559, 20, 20001, 1976, 'OFICINA PRINCIPAL PITALITO', 'PITALITO OFICINA PRINCIPAL', 'ESPERANZA MORA', '2022-08-30', '2022-07-31', 28, 2, 'Eliminado'),
(560, 20, 20001, 1976, 'OFICINA PRINCIPAL PITALITO', 'PITALITO OFICINA PRINCIPAL', 'ESPERANZA MORA', '2022-08-30', '2022-07-31', 42, 2, 'Eliminado'),
(561, 20, 20013, 3329, 'OFICINA PRINCIPAL PITALITO', 'TERMINAL DE TRANSPORTE', 'DIANA ROCIO SALAZAR', '2022-08-31', '2022-08-01', 8, 2, 'Disponible'),
(562, 20, 20013, 3329, 'OFICINA PRINCIPAL PITALITO', 'TERMINAL DE TRANSPORTE', 'DIANA ROCIO SALAZAR', '2022-08-31', '2022-08-01', 13, 2, 'Disponible'),
(563, 20, 20019, 3347, 'OFICINA PRINCIPAL PITALITO', 'LOS PINOS', 'FLORALBA AIDE MENESES', '2022-08-31', '2022-08-01', 43, 2, 'Disponible'),
(564, 20, 20006, 3347, 'OFICINA PRINCIPAL PITALITO', 'GALERIA', 'FLORALBA AIDE MENESES', '2022-08-31', '2022-08-01', 53, 2, 'Disponible'),
(565, 20, 20009, 1942, 'OFICINA PRINCIPAL PITALITO', 'PARQUE', 'CLAUDIA MERCEDES  LOPEZ ', '2022-08-31', '2022-08-01', 17, 2, 'Disponible'),
(566, 20, 20016, 3609, 'OFICINA PRINCIPAL PITALITO', ' LOS NOGALES', 'KELLY JOHANA  CONGUTA', '2022-08-31', '2022-08-01', 8, 2, 'Disponible'),
(567, 20, 20016, 3609, 'OFICINA PRINCIPAL PITALITO', ' LOS NOGALES', 'KELLY JOHANA  CONGUTA', '2022-08-31', '2022-08-01', 12, 2, 'Disponible'),
(568, 20, 20018, 3615, 'OFICINA PRINCIPAL PITALITO', 'GUACACALLO', 'SANDRA PATRICIA CLAROS ', '2022-08-30', '2022-07-31', 8, 2, 'Eliminado'),
(569, 20, 20018, 3615, 'OFICINA PRINCIPAL PITALITO', 'GUACACALLO', 'SANDRA PATRICIA CLAROS ', '2022-08-30', '2022-07-31', 23, 2, 'Eliminado'),
(570, 20, 20012, 121, 'OFICINA PRINCIPAL PITALITO', 'SERVIMAS ', 'LEIDY KATHERINE TRUJILLO', '2022-08-30', '2022-07-31', 8, 2, 'Eliminado'),
(571, 20, 20012, 121, 'OFICINA PRINCIPAL PITALITO', 'SERVIMAS ', 'LEIDY KATHERINE TRUJILLO', '2022-08-30', '2022-07-31', 13, 2, 'Eliminado'),
(572, 20, 20001, 4040, 'OFICINA PRINCIPAL PITALITO', 'PITALITO OFICINA PRINCIPAL', 'YESSICA LISETH MORENO', '2022-08-30', '2022-07-31', 51, 2, 'Eliminado'),
(573, 20, 20001, 4040, 'OFICINA PRINCIPAL PITALITO', 'PITALITO OFICINA PRINCIPAL', 'YESSICA LISETH MORENO', '2022-08-30', '2022-07-31', 52, 2, 'Eliminado'),
(574, 20, 20009, 3989, 'OFICINA PRINCIPAL PITALITO', 'PARQUE', 'MARLIN GISELLA MUÑOZ', '2022-08-30', '2022-07-31', 10, 2, 'Eliminado'),
(575, 20, 20009, 3989, 'OFICINA PRINCIPAL PITALITO', 'PARQUE', 'MARLIN GISELLA MUÑOZ', '2022-08-30', '2022-07-31', 13, 2, 'Eliminado'),
(576, 20, 20008, 4127, 'OFICINA PRINCIPAL PITALITO', 'SUPERMERCADO DE SIERRA', 'YASIRIS CUELLAR', '2022-08-31', '2022-08-01', 8, 2, 'Disponible'),
(577, 20, 20009, 4127, 'OFICINA PRINCIPAL PITALITO', 'PARQUE', 'YASIRIS CUELLAR', '2022-08-31', '2022-08-01', 12, 2, 'Disponible'),
(578, 20, 20050, 4405, 'OFICINA PRINCIPAL PITALITO', 'ESTANCO', 'MARTHA LILIANA ROMERO ', '2022-08-31', '2022-08-01', 45, 2, 'Disponible'),
(579, 20, 20050, 4405, 'OFICINA PRINCIPAL PITALITO', 'ESTANCO', 'MARTHA LILIANA ROMERO ', '2022-08-31', '2022-08-01', 16, 2, 'Disponible'),
(580, 20, 20007, 4401, 'OFICINA PRINCIPAL PITALITO', 'MONTALLANTAS', 'ELISABETH MUÑOZ ', '2022-08-30', '2022-07-31', 8, 2, 'Eliminado'),
(581, 20, 20007, 4401, 'OFICINA PRINCIPAL PITALITO', 'MONTALLANTAS', 'ELISABETH MUÑOZ ', '2022-08-30', '2022-07-31', 46, 2, 'Eliminado'),
(582, 20, 20010, 4473, 'OFICINA PRINCIPAL PITALITO', 'QUINCHE', 'ARILED PERALTA', '2022-08-31', '2022-08-01', 8, 2, 'Disponible'),
(583, 20, 20010, 4473, 'OFICINA PRINCIPAL PITALITO', 'QUINCHE', 'ARILED PERALTA', '2022-08-31', '2022-08-01', 13, 2, 'Disponible'),
(584, 20, 20010, 4558, 'OFICINA PRINCIPAL PITALITO', 'QUINCHE', 'KATERINE BARRERA', '2022-08-30', '2022-07-31', 54, 2, 'Eliminado'),
(585, 20, 20045, 4597, 'OFICINA PRINCIPAL PITALITO', 'DISTRIASEO', 'YINED PALADINEZ', '2022-08-30', '2022-07-31', 8, 2, 'Eliminado'),
(586, 20, 20045, 4597, 'OFICINA PRINCIPAL PITALITO', 'DISTRIASEO', 'YINED PALADINEZ', '2022-08-30', '2022-07-31', 23, 2, 'Eliminado'),
(587, 20, 20042, 4610, 'OFICINA PRINCIPAL PITALITO', 'SAN MATEO', 'YEIMY JULIANA TORRES', '2022-08-31', '2022-08-01', 8, 2, 'Disponible'),
(588, 20, 20042, 4610, 'OFICINA PRINCIPAL PITALITO', 'SAN MATEO', 'YEIMY JULIANA TORRES', '2022-08-31', '2022-08-01', 46, 2, 'Disponible'),
(589, 20, 20040, 4619, 'OFICINA PRINCIPAL PITALITO', 'LA PRESENTACION', 'JENNIFER ÑAÑEZ', '2022-08-31', '2022-08-01', 50, 2, 'Disponible'),
(590, 20, 20040, 4619, 'OFICINA PRINCIPAL PITALITO', 'LA PRESENTACION', 'JENNIFER ÑAÑEZ', '2022-08-31', '2022-08-01', 13, 2, 'Disponible'),
(591, 20, 20006, 4741, 'OFICINA PRINCIPAL PITALITO', 'GALERIA', 'ALEJANDRA ARTUNDUAGA', '2022-08-30', '2022-07-31', 8, 2, 'Eliminado'),
(592, 20, 20006, 4741, 'OFICINA PRINCIPAL PITALITO', 'GALERIA', 'ALEJANDRA ARTUNDUAGA', '2022-08-30', '2022-07-31', 37, 2, 'Eliminado'),
(593, 20, 20020, 4743, 'OFICINA PRINCIPAL PITALITO', 'SAN ANTONIO', 'ERIKA CARVAJAL', '2022-08-31', '2022-08-01', 8, 2, 'Disponible'),
(594, 20, 20020, 4743, 'OFICINA PRINCIPAL PITALITO', 'SAN ANTONIO', 'ERIKA CARVAJAL', '2022-08-31', '2022-08-01', 13, 2, 'Disponible'),
(595, 20, 20043, 4745, 'OFICINA PRINCIPAL PITALITO', 'LOS CEDROS', 'MARICELA TORRES', '2022-08-31', '2022-08-01', 8, 2, 'Disponible'),
(596, 20, 20043, 4745, 'OFICINA PRINCIPAL PITALITO', 'LOS CEDROS', 'MARICELA TORRES', '2022-08-31', '2022-08-01', 13, 2, 'Disponible'),
(597, 20, 20030, 4770, 'OFICINA PRINCIPAL PITALITO', 'SURGAS', 'ERIKA ROCIO POLANIA', '2022-08-30', '2022-07-31', 8, 2, 'Eliminado'),
(598, 20, 20030, 4770, 'OFICINA PRINCIPAL PITALITO', 'SURGAS', 'ERIKA ROCIO POLANIA', '2022-08-30', '2022-07-31', 23, 2, 'Eliminado'),
(599, 22, 22001, 1068, 'OFICINA TIMANA', 'TIMANA OFICINA PRINCIPAL', 'NORMA CONSTANZA TORRES', '2022-08-30', '2022-07-31', 8, 2, 'Eliminado'),
(600, 22, 22001, 3202, 'OFICINA TIMANA', 'TIMANA OFICINA PRINCIPAL', 'SOLANYER MARIN', '2022-08-30', '2022-07-31', 24, 2, 'Eliminado'),
(601, 22, 22001, 177, 'OFICINA TIMANA', 'TIMANA OFICINA PRINCIPAL', 'MARIA JAZMIN CABRERA', '2022-08-31', '2022-08-01', 8, 2, 'Disponible'),
(602, 22, 22001, 177, 'OFICINA TIMANA', 'TIMANA OFICINA PRINCIPAL', 'MARIA JAZMIN CABRERA', '2022-08-31', '2022-08-01', 22, 2, 'Disponible'),
(603, 22, 22007, 1786, 'OFICINA TIMANA', 'LA TERCERA', 'MARIA CAMILA MUÑOZ', '2022-08-30', '2022-07-31', 17, 2, 'Eliminado'),
(604, 22, 22002, 175, 'OFICINA TIMANA', 'LA CUARTA', 'YESICA MILEDIS PEREZ', '2022-08-30', '2022-07-31', 2, 2, 'Eliminado'),
(605, 22, 22002, 1422, 'OFICINA TIMANA', 'LA CUARTA', 'KARY YURITZA BENAVIDES', '2022-08-30', '2022-07-31', 8, 2, 'Eliminado'),
(606, 22, 22007, 1422, 'OFICINA TIMANA', 'LA TERCERA', 'KARY YURITZA BENAVIDES', '2022-08-30', '2022-07-31', 12, 2, 'Eliminado'),
(607, 24, 24001, 1958, 'OFICINA ACEVEDO', 'ACEVEDO OFICINA PRINCIPAL', 'LORENA PEREZ', '2022-08-31', '2022-08-01', 8, 2, 'Disponible'),
(608, 24, 24001, 1958, 'OFICINA ACEVEDO', 'ACEVEDO OFICINA PRINCIPAL', 'LORENA PEREZ', '2022-08-31', '2022-08-01', 22, 2, 'Disponible'),
(609, 24, 24001, 4327, 'OFICINA ACEVEDO', 'ACEVEDO OFICINA PRINCIPAL', 'ANGIE XIMENA  MAJE', '2022-08-30', '2022-07-31', 24, 2, 'Eliminado'),
(610, 24, 24001, 4517, 'OFICINA ACEVEDO', 'ACEVEDO OFICINA PRINCIPAL', 'LEIDY JOHANA BARRAGAN', '2022-08-31', '2022-08-01', 17, 2, 'Disponible'),
(611, 24, 24005, 4096, 'OFICINA ACEVEDO', 'DROGUERIA LA ECONOMIA', 'ANYI NATALIA BONILLA', '2022-08-30', '2022-07-31', 8, 2, 'Eliminado'),
(612, 24, 24005, 4096, 'OFICINA ACEVEDO', 'DROGUERIA LA ECONOMIA', 'ANYI NATALIA BONILLA', '2022-08-30', '2022-07-31', 13, 2, 'Eliminado'),
(613, 24, 24005, 3601, 'OFICINA ACEVEDO', 'DROGUERIA LA ECONOMIA', 'EDNA ROCIO VARGAS', '2022-08-30', '2022-07-31', 17, 2, 'Eliminado'),
(614, 24, 24002, 941, 'OFICINA ACEVEDO', 'GALERIA ACEVEDO', 'MARLOBY MURCIA ', '2022-08-31', '2022-08-01', 8, 2, 'Disponible'),
(615, 24, 24002, 941, 'OFICINA ACEVEDO', 'GALERIA ACEVEDO', 'MARLOBY MURCIA ', '2022-08-30', '2022-07-31', 37, 2, 'Eliminado'),
(616, 33, 33001, 1235, 'OFICINA GUADALUPE', 'GUADALUPE OFICINA PRINCIPAL', 'YULEIMY GUERRERO ', '2022-08-30', '2022-07-31', 17, 2, 'Eliminado'),
(617, 33, 33001, 4409, 'OFICINA GUADALUPE', 'GUADALUPE OFICINA PRINCIPAL', 'KAREN DAYANA JOVEN', '2022-08-30', '2022-07-31', 2, 2, 'Eliminado'),
(618, 33, 33001, 3667, 'OFICINA GUADALUPE', 'GUADALUPE OFICINA PRINCIPAL', 'SUCI QUIACHA', '2022-08-30', '2022-07-31', 8, 2, 'Eliminado'),
(619, 33, 33001, 3667, 'OFICINA GUADALUPE', 'GUADALUPE OFICINA PRINCIPAL', 'SUCI QUIACHA', '2022-08-30', '2022-07-31', 12, 2, 'Eliminado'),
(620, 33, 33002, 64, 'OFICINA GUADALUPE', 'BANCO AGRARIO', 'LUZ DARY CUELLAR', '2022-08-30', '2022-07-31', 28, 2, 'Eliminado'),
(621, 33, 33002, 64, 'OFICINA GUADALUPE', 'BANCO AGRARIO', 'LUZ DARY CUELLAR', '2022-08-30', '2022-07-31', 29, 2, 'Eliminado'),
(622, 21, 21001, 359, 'OFICINA SAN AGUSTIN', 'SAN AGUSTIN OFICINA PRINCIPAL', 'ELIANA ESTEFANI CHILITO', '2022-08-30', '2022-07-31', 61, 2, 'Eliminado'),
(623, 21, 21001, 359, 'OFICINA SAN AGUSTIN', 'SAN AGUSTIN OFICINA PRINCIPAL', 'ELIANA ESTEFANI CHILITO', '2022-08-30', '2022-07-31', 56, 2, 'Eliminado'),
(624, 21, 21001, 162, 'OFICINA SAN AGUSTIN', 'SAN AGUSTIN OFICINA PRINCIPAL', 'DEIMAR HUGO MUÑOZ', '2022-08-30', '2022-07-31', 3, 2, 'Eliminado'),
(625, 21, 21001, 162, 'OFICINA SAN AGUSTIN', 'SAN AGUSTIN OFICINA PRINCIPAL', 'DEIMAR HUGO MUÑOZ', '2022-08-30', '2022-07-31', 22, 2, 'Eliminado'),
(626, 21, 21001, 3095, 'OFICINA SAN AGUSTIN', 'SAN AGUSTIN OFICINA PRINCIPAL', 'SINDY LORENA CUSPIAN', '2022-08-31', '2022-08-01', 24, 2, 'Disponible'),
(627, 21, 21001, 643, 'OFICINA SAN AGUSTIN', 'SAN AGUSTIN OFICINA PRINCIPAL', 'MARIA NANCY JIMENEZ', '2022-08-30', '2022-07-31', 62, 2, 'Eliminado'),
(628, 21, 21004, 643, 'OFICINA SAN AGUSTIN', 'SAN JOSE', 'MARIA NANCY JIMENEZ', '2022-08-30', '2022-07-31', 12, 2, 'Eliminado'),
(629, 21, 21004, 3299, 'OFICINA SAN AGUSTIN', 'SAN JOSE', 'LEIDY PAOLA JIMENEZ', '2022-08-30', '2022-07-31', 17, 2, 'Eliminado'),
(630, 21, 21002, 4226, 'OFICINA SAN AGUSTIN', 'HOSPITAL SAN AGUSTIN', 'KAROL VIVIANA CORDOBA', '2022-08-30', '2022-07-31', 8, 2, 'Eliminado'),
(631, 21, 21002, 4226, 'OFICINA SAN AGUSTIN', 'HOSPITAL SAN AGUSTIN', 'KAROL VIVIANA CORDOBA', '2022-08-30', '2022-07-31', 23, 2, 'Eliminado'),
(632, 19, 19001, 111, 'OFICINA BRUSELAS', 'BRUSELAS OFICINA PRINCIPAL', 'DIANA YISELA BAMBAGUE', '2022-08-31', '2022-08-01', 8, 2, 'Disponible'),
(633, 19, 19001, 111, 'OFICINA BRUSELAS', 'BRUSELAS OFICINA PRINCIPAL', 'DIANA YISELA BAMBAGUE', '2022-08-31', '2022-08-01', 12, 2, 'Disponible'),
(634, 19, 19001, 2946, 'OFICINA BRUSELAS', 'BRUSELAS OFICINA PRINCIPAL', 'JORGE EDUARDO HERNANDEZ', '2022-08-30', '2022-07-31', 2, 2, 'Eliminado'),
(635, 19, 19004, 2758, 'OFICINA BRUSELAS', 'TIENDA VARGAS', 'INGRID DAYANA RUBIANO', '2022-08-30', '2022-07-31', 8, 2, 'Eliminado'),
(636, 19, 19004, 2758, 'OFICINA BRUSELAS', 'TIENDA VARGAS', 'INGRID DAYANA RUBIANO', '2022-08-30', '2022-07-31', 13, 2, 'Eliminado'),
(637, 75, 75001, 166, 'OFICINA SUAZA', 'SUAZA OFICINA PRINCIPAL', 'MARTHA CECILIA SUAREZ', '2022-08-31', '2022-08-01', 24, 2, 'Disponible'),
(638, 75, 75001, 4212, 'OFICINA SUAZA', 'SUAZA OFICINA PRINCIPAL', 'CRISTINA CORREA', '2022-08-31', '2022-08-01', 17, 2, 'Disponible'),
(639, 75, 75001, 165, 'OFICINA SUAZA', 'SUAZA OFICINA PRINCIPAL', 'NELSON ARTUNDUAGA', '2022-08-31', '2022-08-01', 8, 2, 'Disponible'),
(640, 75, 75001, 165, 'OFICINA SUAZA', 'SUAZA OFICINA PRINCIPAL', 'NELSON ARTUNDUAGA', '2022-08-31', '2022-08-01', 9, 2, 'Disponible'),
(641, 75, 75003, 4058, 'OFICINA SUAZA', 'SUPERMERCADO LA VEGUITA', 'ANGIE KATERIN PERDOMO', '2022-08-31', '2022-08-01', 8, 2, 'Disponible'),
(642, 75, 75003, 4058, 'OFICINA SUAZA', 'SUPERMERCADO LA VEGUITA', 'ANGIE KATERIN PERDOMO', '2022-08-31', '2022-08-01', 12, 2, 'Disponible'),
(643, 10, 10001, 38, 'AIPE OFICINA PRINCIPAL', 'AIPE OFICINA PRINCIPAL', 'MARLY YOLIMA SERRANO', '2022-08-31', '2022-08-01', 2, 4, 'Disponible'),
(644, 10, 10001, 1478, 'AIPE OFICINA PRINCIPAL', 'AIPE OFICINA PRINCIPAL', 'DARIS YALEIDA PABON ', '2022-08-31', '2022-08-01', 17, 4, 'Disponible'),
(645, 10, 10001, 37, 'AIPE OFICINA PRINCIPAL', 'AIPE OFICINA PRINCIPAL', 'CLAUDIA MARCELA CHARRY', '2022-08-30', '2022-07-31', 39, 4, 'Eliminado'),
(646, 10, 10001, 37, 'AIPE OFICINA PRINCIPAL', 'AIPE OFICINA PRINCIPAL', 'CLAUDIA MARCELA CHARRY', '2022-08-30', '2022-07-31', 70, 4, 'Eliminado'),
(647, 10, 10002, 3669, 'AIPE OFICINA PRINCIPAL', 'GALERIAS', 'FRANCY ESPERANZA MUÑOZ ', '2022-08-30', '2022-07-31', 49, 4, 'Eliminado'),
(648, 11, 11001, 155, 'RIVERA OFICINA PRINCIPAL', 'RIVERA OFICINA PRINCIPAL', 'NANCY JIMENEZ', '2022-08-31', '2022-08-01', 3, 4, 'Disponible'),
(649, 11, 11001, 155, 'RIVERA OFICINA PRINCIPAL', 'RIVERA OFICINA PRINCIPAL', 'NANCY JIMENEZ', '2022-08-31', '2022-08-01', 9, 4, 'Disponible'),
(650, 11, 11001, 156, 'RIVERA OFICINA PRINCIPAL', 'RIVERA OFICINA PRINCIPAL', 'YOJANA ANDREA CARDOZO', '2022-08-30', '2022-07-31', 1, 4, 'Eliminado'),
(651, 11, 11001, 154, 'RIVERA OFICINA PRINCIPAL', 'RIVERA OFICINA PRINCIPAL', 'ANA MARIA VILLANUEVA', '2022-08-31', '2022-08-01', 60, 4, 'Disponible'),
(652, 11, 11006, 2102, 'RIVERA OFICINA PRINCIPAL', 'ALCALDIA RIVERA', 'CLAUDIA MILENA CARDOZO', '2022-08-31', '2022-08-01', 8, 4, 'Disponible'),
(653, 11, 11006, 2102, 'RIVERA OFICINA PRINCIPAL', 'ALCALDIA RIVERA', 'CLAUDIA MILENA CARDOZO', '2022-08-30', '2022-07-31', 23, 4, 'Eliminado'),
(654, 11, 11003, 3800, 'RIVERA OFICINA PRINCIPAL', 'HOSPITAL RIVERA', 'LEIDY TATIANA HERRERA', '2022-08-31', '2022-08-01', 8, 4, 'Disponible'),
(655, 11, 11002, 157, 'RIVERA OFICINA PRINCIPAL', 'LA ULLOA', 'LEONOR MOSQUERA', '2022-08-31', '2022-08-01', 8, 4, 'Disponible'),
(656, 11, 11002, 157, 'RIVERA OFICINA PRINCIPAL', 'LA ULLOA', 'LEONOR MOSQUERA', '2022-08-30', '2022-07-31', 8, 4, 'Eliminado'),
(657, 12, 12001, 217, 'PALERMO OFICINA PRINCIPAL', 'PALERMO OFICINA PRINCIPAL', 'AMINTA CORDOBA', '2022-08-31', '2022-08-01', 25, 4, 'Disponible'),
(658, 12, 12001, 3082, 'PALERMO OFICINA PRINCIPAL', 'PALERMO OFICINA PRINCIPAL', 'MARIA FERNANDA ALARCON', '2022-08-31', '2022-08-01', 2, 4, 'Disponible'),
(659, 12, 12001, 2750, 'PALERMO OFICINA PRINCIPAL', 'PALERMO OFICINA PRINCIPAL', 'CLAUDIA MILENA PRIETO', '2022-08-30', '2022-07-31', 17, 4, 'Eliminado'),
(660, 12, 12001, 1748, 'PALERMO OFICINA PRINCIPAL', 'PALERMO OFICINA PRINCIPAL', 'DANIELA URAZAN', '2022-08-31', '2022-08-01', 25, 4, 'Disponible'),
(661, 12, 12001, 1748, 'PALERMO OFICINA PRINCIPAL', 'PALERMO OFICINA PRINCIPAL', 'DANIELA URAZAN', '2022-08-31', '2022-08-01', 42, 4, 'Disponible'),
(662, 12, 12003, 217, 'PALERMO OFICINA PRINCIPAL', 'GALERIA', 'AMINTA CORDOBA', '2022-08-31', '2022-08-01', 72, 4, 'Disponible'),
(663, 12, 12003, 1790, 'PALERMO OFICINA PRINCIPAL', 'GALERIA', 'MAYERLY NARVAEZ', '2022-08-31', '2022-08-01', 7, 4, 'Disponible'),
(664, 13, 13001, 3675, 'JUNCAL OFICINA PRINCIPAL', 'JUNCAL OFICINA PRINCIPAL', 'MARIANA BARRIOS ', '2022-08-31', '2022-08-01', 8, 4, 'Disponible'),
(665, 13, 13001, 3675, 'JUNCAL OFICINA PRINCIPAL', 'JUNCAL OFICINA PRINCIPAL', 'MARIANA BARRIOS ', '2022-08-31', '2022-08-01', 13, 4, 'Disponible'),
(666, 14, 14001, 4512, 'VILLAVIEJA OFICINA PRINCIPAL', 'VILLAVIEJA OFICINA PRINCIPAL', 'CINTHYA DANIELA HERNANDEZ', '2022-08-31', '2022-08-01', 2, 4, 'Disponible'),
(667, 17, 17001, 83, 'LA VICTORIA OFICINA PRINCIPAL', 'LA VICTORIA OFICINA PRINCIPAL', 'MERYI VANEGAS', '2022-08-31', '2022-08-01', 8, 4, 'Disponible'),
(668, 17, 17001, 83, 'LA VICTORIA OFICINA PRINCIPAL', 'LA VICTORIA OFICINA PRINCIPAL', 'MERYI VANEGAS', '2022-08-31', '2022-08-01', 13, 4, 'Disponible'),
(669, 17, 14002, 303, 'LA VICTORIA OFICINA PRINCIPAL', 'SAN ALFONSO', 'FLORA IRIS TOLE', '2022-08-31', '2022-08-01', 45, 4, 'Disponible'),
(670, 17, 14002, 303, 'LA VICTORIA OFICINA PRINCIPAL', 'SAN ALFONSO', 'FLORA IRIS TOLE', '2022-08-31', '2022-08-01', 27, 4, 'Disponible'),
(671, 18, 18001, 184, 'YAGUARA OFICINA PRINCIPAL', 'YAGUARA OFICINA PRINCIPAL', 'FRANCY JOHANA RAMIREZ', '2022-08-30', '2022-07-31', 8, 4, 'Eliminado'),
(672, 18, 18001, 184, 'YAGUARA OFICINA PRINCIPAL', 'YAGUARA OFICINA PRINCIPAL', 'FRANCY JOHANA RAMIREZ', '2022-08-30', '2022-07-31', 13, 4, 'Eliminado'),
(673, 18, 18001, 182, 'YAGUARA OFICINA PRINCIPAL', 'YAGUARA OFICINA PRINCIPAL', 'YANETH IBAÑEZ', '2022-08-31', '2022-08-01', 8, 4, 'Disponible'),
(674, 18, 18001, 182, 'YAGUARA OFICINA PRINCIPAL', 'YAGUARA OFICINA PRINCIPAL', 'YANETH IBAÑEZ', '2022-08-30', '2022-07-31', 13, 4, 'Eliminado'),
(675, 18, 18003, 181, 'YAGUARA OFICINA PRINCIPAL', 'AVENIDA PRINCIPAL', 'DAMARIS CAROLINA VALDERRAMA', '2022-08-30', '2022-07-31', 17, 4, 'Eliminado'),
(676, 49, 49001, 4490, 'OFICINA TELLO', 'TELLO OFICINA PRINCIPAL', 'YOLIMAR PERDOMO', '2022-08-31', '2022-08-01', 8, 4, 'Disponible'),
(677, 49, 49001, 4490, 'OFICINA TELLO', 'TELLO OFICINA PRINCIPAL', 'YOLIMAR PERDOMO', '2022-08-31', '2022-08-01', 37, 4, 'Disponible'),
(678, 50, 50001, 2856, 'OFICINA SANTAMARIA', 'SANTA MARIA OFICINA PRINCIPAL', 'MAYERLY ANDREA AREVALO', '2022-08-31', '2022-08-01', 41, 4, 'Disponible'),
(679, 50, 50001, 3885, 'OFICINA SANTAMARIA', 'SANTA MARIA OFICINA PRINCIPAL', 'BRALLANN  ALFONSO RODRIGUEZ', '2022-08-31', '2022-08-01', 43, 4, 'Disponible'),
(680, 50, 50001, 3885, 'OFICINA SANTAMARIA', 'SANTA MARIA OFICINA PRINCIPAL', 'BRALLANN  ALFONSO RODRIGUEZ', '2022-08-31', '2022-08-01', 73, 4, 'Disponible'),
(681, 49, 49001, 170, 'OFICINA TELLO', 'TELLO OFICINA PRINCIPAL', 'ALIX MILENA AREVALO', '2022-08-31', '2022-08-01', 28, 4, 'Disponible'),
(682, 49, 49001, 170, 'OFICINA TELLO', 'TELLO OFICINA PRINCIPAL', 'ALIX MILENA AREVALO', '2022-08-31', '2022-08-01', 42, 4, 'Disponible'),
(683, 51, 51001, 43, 'OFICINA BARAYA', 'BARAYA OFICINA PRINCIPAL', 'AMPARO ORTIZ', '2022-08-30', '2022-07-31', 38, 4, 'Eliminado'),
(684, 52, 52001, 66, 'OFICINA IQUIRA', 'IQUIRA OFICINA PRINCIPAL', 'INGRID YISETH YUSTRES', '2022-08-31', '2022-08-01', 17, 4, 'Disponible'),
(685, 52, 52001, 67, 'OFICINA IQUIRA', 'IQUIRA OFICINA PRINCIPAL', 'MARIA DEL SOCORRO GARCIA', '2022-08-31', '2022-08-01', 3, 4, 'Disponible'),
(686, 52, 52001, 67, 'OFICINA IQUIRA', 'IQUIRA OFICINA PRINCIPAL', 'MARIA DEL SOCORRO GARCIA', '2022-08-31', '2022-08-01', 12, 4, 'Disponible'),
(687, 54, 54001, 4691, 'OFICINA VEGALARGA', 'VEGALARGA OFICINA PRINCIPAL', 'KATHERYN JHOANA CARVAJAL', '2022-08-31', '2022-08-01', 8, 4, 'Disponible'),
(688, 68, 68001, 1271, 'OFICINA TERUEL', 'TERUEL OFICINA PRINCIPAL', 'NINI YOHANA  TAMAYO', '2022-08-31', '2022-08-01', 8, 4, 'Disponible'),
(689, 68, 68001, 1271, 'OFICINA TERUEL', 'TERUEL OFICINA PRINCIPAL', 'NINI YOHANA  TAMAYO', '2022-08-31', '2022-08-01', 23, 4, 'Disponible'),
(690, 68, 68001, 172, 'OFICINA TERUEL', 'TERUEL OFICINA PRINCIPAL', 'JAIME VARGAS', '2022-08-31', '2022-08-01', 25, 4, 'Disponible'),
(691, 68, 68001, 172, 'OFICINA TERUEL', 'TERUEL OFICINA PRINCIPAL', 'JAIME VARGAS', '2022-08-31', '2022-08-01', 49, 4, 'Disponible'),
(692, 68, 68003, 4350, 'OFICINA TERUEL', 'BRISAS DE TERUEL', 'ELIANA MARCELA RAMON', '2022-08-31', '2022-08-01', 8, 4, 'Disponible'),
(693, 68, 68003, 4350, 'OFICINA TERUEL', 'BRISAS DE TERUEL', 'ELIANA MARCELA RAMON', '2022-08-31', '2022-08-01', 23, 4, 'Disponible'),
(694, 72, 72001, 4735, 'OFICINA COLOMBIA', 'COLOMBIA OFICINA PRINCIPAL', 'VICTOR HUGO HERNANDEZ', '2022-08-31', '2022-08-01', 14, 4, 'Disponible'),
(695, 72, 72001, 1968, 'OFICINA COLOMBIA', 'COLOMBIA OFICINA PRINCIPAL', 'LUDY LILIAN CORDOBA', '2022-08-31', '2022-08-01', 39, 4, 'Disponible'),
(696, 72, 72001, 1968, 'OFICINA COLOMBIA', 'COLOMBIA OFICINA PRINCIPAL', 'LUDY LILIAN CORDOBA', '2022-08-31', '2022-08-01', 58, 4, 'Disponible'),
(697, 78, 78001, 1870, 'OFICINA FORTALECILLAS', 'FORTALECILLAS OFICINA PRINCIPAL', 'ADRIANA FERNANDA ZUÑIGA ', '2022-08-30', '2022-07-31', 75, 4, 'Eliminado'),
(698, 78, 78001, 585, 'OFICINA FORTALECILLAS', 'FORTALECILLAS OFICINA PRINCIPAL', 'DIGNORY OLAYA', '2022-08-30', '2022-07-31', 40, 4, 'Eliminado'),
(699, 80, 80001, 48, 'OFICINA CAGUAN', 'CAGUAN OFICINA PRINCIPAL', 'FRANCY YURANY QUINTERO', '2022-08-30', '2022-07-31', 1, 4, 'Eliminado'),
(700, 80, 80001, 493, 'OFICINA CAGUAN', 'CAGUAN OFICINA PRINCIPAL', 'MARTHA ISABEL CASTRO', '2022-08-31', '2022-08-01', 3, 4, 'Disponible'),
(701, 80, 80001, 493, 'OFICINA CAGUAN', 'CAGUAN OFICINA PRINCIPAL', 'MARTHA ISABEL CASTRO', '2022-08-31', '2022-08-01', 12, 4, 'Disponible'),
(702, 20, 20001, 1197, 'OFICINA PRINCIPAL PITALITO', 'PITALITO OFICINA PRINCIPAL', 'ANYELA VERONICA PALACIOS ', '2022-08-30', '2022-07-31', 6, 2, 'Eliminado'),
(703, 20, 20038, 1300, 'OFICINA PRINCIPAL PITALITO', 'CASA DEL HIERRO', 'YUBELI ANDREA  GASCA ', '2022-08-30', '2022-07-31', 8, 2, 'Eliminado'),
(704, 20, 20004, 1300, 'OFICINA PRINCIPAL PITALITO', 'BINGO LA CUARTA', 'YUBELI ANDREA  GASCA ', '2022-08-30', '2022-07-31', 12, 2, 'Eliminado'),
(705, 32, 32001, 3301, 'OFICINA PRINCIPAL GARZON', 'GARZON OFICINA PRINCIPAL', 'MARIA DEL PILAR MARTINEZ', '2022-08-30', '2022-07-31', 3, 3, 'Eliminado'),
(706, 32, 32001, 3301, 'OFICINA PRINCIPAL GARZON', 'GARZON OFICINA PRINCIPAL', 'MARIA DEL PILAR MARTINEZ', '2022-08-30', '2022-07-31', 3, 3, 'Eliminado'),
(707, 32, 32001, 3367, 'OFICINA PRINCIPAL GARZON', 'GARZON OFICINA PRINCIPAL', 'YISEL ALEXANDRA CEDIEL', '2022-08-30', '2022-07-31', 4, 3, 'Eliminado'),
(708, 32, 32001, 1466, 'OFICINA PRINCIPAL GARZON', 'GARZON OFICINA PRINCIPAL', ' ZULY BARAHONA', '2022-08-30', '2022-07-31', 5, 3, 'Eliminado'),
(709, 32, 32001, 2818, 'OFICINA PRINCIPAL GARZON', 'GARZON OFICINA PRINCIPAL', 'LINA MARCELA CAMACHO', '2022-08-30', '2022-07-31', 9, 3, 'Eliminado'),
(710, 32, 32001, 22, 'OFICINA PRINCIPAL GARZON', 'GARZON OFICINA PRINCIPAL', 'YANETH CONSTANZA RIVERA', '2022-08-31', '2022-08-01', 7, 3, 'Disponible'),
(711, 32, 32001, 23, 'OFICINA PRINCIPAL GARZON', 'GARZON OFICINA PRINCIPAL', 'EDILMA GOMEZ', '2022-08-30', '2022-07-31', 7, 3, 'Eliminado'),
(712, 32, 32004, 1626, 'OFICINA PRINCIPAL GARZON', 'COLACHO', ' ANDREA    RAMIREZ  ', '2022-08-30', '2022-07-31', 6, 3, 'Eliminado'),
(713, 32, 32004, 2464, 'OFICINA PRINCIPAL GARZON', 'COLACHO', 'JHON ALEXANDER  SERRANO', '2022-08-30', '2022-07-31', 11, 3, 'Eliminado'),
(714, 32, 32004, 18, 'OFICINA PRINCIPAL GARZON', 'COLACHO', 'MARISOL ARTUNDUAGA', '2022-08-31', '2022-08-01', 10, 3, 'Disponible'),
(715, 32, 32002, 2818, 'OFICINA PRINCIPAL GARZON', 'BINGO LA NOVENA', 'LINA MARCELA CAMACHO', '2022-08-30', '2022-07-31', 10, 3, 'Eliminado'),
(716, 32, 32002, 148, 'OFICINA PRINCIPAL GARZON', 'BINGO LA NOVENA', 'MARISOL AVILA', '2022-08-31', '2022-08-01', 6, 3, 'Disponible'),
(717, 32, 32002, 148, 'OFICINA PRINCIPAL GARZON', 'BINGO LA NOVENA', 'MARISOL AVILA', '2022-08-30', '2022-07-31', 6, 3, 'Eliminado'),
(718, 32, 32002, 1466, 'OFICINA PRINCIPAL GARZON', 'BINGO LA NOVENA', ' ZULY BARAHONA', '2022-08-30', '2022-07-31', 11, 3, 'Eliminado'),
(719, 32, 32035, 9, 'OFICINA PRINCIPAL GARZON', 'GUADUALES', 'OSCAR IVAN VARGAS', '2022-08-30', '2022-07-31', 8, 3, 'Eliminado'),
(720, 32, 32035, 9, 'OFICINA PRINCIPAL GARZON', 'GUADUALES', 'OSCAR IVAN VARGAS', '2022-08-30', '2022-07-31', 12, 3, 'Eliminado'),
(721, 32, 32005, 26, 'OFICINA PRINCIPAL GARZON', 'COMCEL', 'BEATRIZ CONTRERAS', '2022-08-30', '2022-07-31', 7, 3, 'Eliminado'),
(722, 32, 32005, 18, 'OFICINA PRINCIPAL GARZON', 'COMCEL', 'MARISOL ARTUNDUAGA', '2022-08-31', '2022-08-01', 13, 3, 'Disponible'),
(723, 32, 32007, 3367, 'OFICINA PRINCIPAL GARZON', 'HOSPITAL', 'YISEL ALEXANDRA CEDIEL', '2022-08-30', '2022-07-31', 14, 3, 'Eliminado'),
(724, 32, 32007, 24, 'OFICINA PRINCIPAL GARZON', 'HOSPITAL', 'ANGELINA PINEDA', '2022-08-30', '2022-07-31', 15, 3, 'Eliminado'),
(725, 32, 32007, 24, 'OFICINA PRINCIPAL GARZON', 'HOSPITAL', 'ANGELINA PINEDA', '2022-08-30', '2022-07-31', 16, 3, 'Eliminado'),
(726, 32, 32017, 21, 'OFICINA PRINCIPAL GARZON', 'LIMONAR', 'RUTH MIRYAM CARDENAS', '2022-08-31', '2022-08-01', 8, 3, 'Disponible'),
(727, 32, 32017, 21, 'OFICINA PRINCIPAL GARZON', 'LIMONAR', 'RUTH MIRYAM CARDENAS', '2022-08-31', '2022-08-01', 12, 3, 'Disponible'),
(728, 32, 32018, 8, 'OFICINA PRINCIPAL GARZON', 'NUEVO HORIZONTE', 'LILIANA CUELLAR', '2022-08-30', '2022-07-31', 8, 3, 'Eliminado'),
(729, 32, 32019, 1362, 'OFICINA PRINCIPAL GARZON', 'LA JAGUA', 'DIANA BELEN FERNANDEZ', '2022-08-31', '2022-08-01', 8, 3, 'Disponible'),
(730, 32, 32019, 1362, 'OFICINA PRINCIPAL GARZON', 'LA JAGUA', 'DIANA BELEN FERNANDEZ', '2022-08-31', '2022-08-01', 13, 3, 'Disponible'),
(731, 20, 20036, 4712, 'OFICINA PRINCIPAL PITALITO', 'OLIMPICA JARDIN', 'LEIDY CAROLINA AGUDELO', '2022-08-31', '2022-08-01', 8, 2, 'Disponible'),
(732, 1, 1227, 2488, 'OFICINA PPAL NEIVA CENTRO SUR', 'CENTRO COMERCIAL UNICO', 'MAYERLI ANDREA MOSQUERA  ', '2022-08-31', '2022-08-03', 10, 1, 'Disponible'),
(733, 1, 1227, 526, 'OFICINA PPAL NEIVA CENTRO SUR', 'CENTRO COMERCIAL UNICO', 'AIDE SAAVEDRA', '2022-08-31', '2022-08-03', 6, 1, 'Disponible'),
(734, 1, 2042, 4337, 'OFICINA PPAL NEIVA CENTRO SUR', 'HOME CENTER', 'CARLOS ANDRES  SUAREZ', '2022-08-31', '2022-08-03', 17, 1, 'Disponible'),
(735, 1, 2042, 2488, 'OFICINA PPAL NEIVA CENTRO SUR', 'HOME CENTER', 'MAYERLI ANDREA MOSQUERA  ', '2022-08-31', '2022-08-03', 12, 1, 'Disponible'),
(736, 1, 1072, 4259, 'OFICINA PPAL NEIVA CENTRO SUR', 'SAN FRANCISCO', 'FABIAN SEBASTIAN TRUJILLO', '2022-08-31', '2022-08-03', 8, 1, 'Disponible'),
(737, 1, 1072, 3247, 'OFICINA PPAL NEIVA CENTRO SUR', 'SAN FRANCISCO', 'DEISY JULIETH SIERRA', '2022-08-31', '2022-08-03', 2, 1, 'Disponible'),
(738, 1, 1043, 457, 'OFICINA PPAL NEIVA CENTRO SUR', 'IPC', 'ESMERALDA OLAYA', '2022-08-31', '2022-08-03', 17, 1, 'Disponible');
INSERT INTO `asignar_turno_vendedor` (`id`, `id_oficina`, `id_sitio_venta`, `id_vendedor`, `nombre_oficina`, `nombre_sitio_venta`, `nombre_vendedor`, `fecha_final`, `fecha_inicio`, `id_turno`, `ide_subzona`, `estado`) VALUES
(739, 1, 1043, 4637, 'OFICINA PPAL NEIVA CENTRO SUR', 'IPC', 'INGRITH XIOMARA SANDOVAL', '2022-08-31', '2022-08-03', 12, 1, 'Disponible'),
(740, 1, 1055, 4637, 'OFICINA PPAL NEIVA CENTRO SUR', 'LOS ALPES', 'INGRITH XIOMARA SANDOVAL', '2022-08-31', '2022-08-03', 8, 1, 'Disponible'),
(741, 1, 1055, 4697, 'OFICINA PPAL NEIVA CENTRO SUR', 'LOS ALPES', 'JUAN DANIEL GARCIA', '2022-08-31', '2022-08-03', 2, 1, 'Disponible'),
(742, 1, 2008, 3032, 'OFICINA PPAL NEIVA CENTRO SUR', 'BISCOCHERIA MARTICA', 'ERIKA TATIANA ROJAS', '2022-08-31', '2022-08-03', 1, 1, 'Disponible'),
(743, 1, 2008, 4594, 'OFICINA PPAL NEIVA CENTRO SUR', 'BISCOCHERIA MARTICA', 'YULIETH YISETH SALINAS', '2022-08-31', '2022-08-03', 9, 1, 'Disponible'),
(744, 1, 1066, 4594, 'OFICINA PPAL NEIVA CENTRO SUR', 'OLIMPICA', 'YULIETH YISETH SALINAS', '2022-08-31', '2022-08-03', 10, 1, 'Disponible'),
(745, 1, 1066, 4359, 'OFICINA PPAL NEIVA CENTRO SUR', 'OLIMPICA', 'ANA SOFIA DELGADO', '2022-08-31', '2022-08-03', 6, 1, 'Disponible'),
(746, 1, 1066, 420, 'OFICINA PPAL NEIVA CENTRO SUR', 'OLIMPICA', 'CARMENZA PEDRAZA', '2022-08-30', '2022-08-02', 3, 1, 'Eliminado'),
(747, 1, 1101, 1058, 'OFICINA PPAL NEIVA CENTRO SUR', 'VELOTAX', ' ALBENIS  GORDO ', '2022-08-31', '2022-08-04', 4, 1, 'Disponible'),
(748, 42, 42001, 3625, 'OFICINA TESALIA', 'TESALIA OFICINA PRINCIPAL', 'ADRIANA MERCEDES ANDRADE', '2022-08-31', '2022-08-01', 1, 3, 'Disponible'),
(749, 42, 42001, 2396, 'OFICINA TESALIA', 'TESALIA OFICINA PRINCIPAL', 'ANYELA JULIET CABRERA', '2022-08-31', '2022-08-01', 8, 3, 'Disponible'),
(750, 42, 42001, 2396, 'OFICINA TESALIA', 'TESALIA OFICINA PRINCIPAL', 'ANYELA JULIET CABRERA', '2022-08-31', '2022-08-01', 12, 3, 'Disponible'),
(751, 42, 42000, 2220, 'OFICINA TESALIA', 'MAQUINAS TESALIA INDIRECTOS', 'ELIDIO PEREZ', '2022-08-31', '2022-08-01', 8, 3, 'Disponible'),
(752, 42, 42000, 2220, 'OFICINA TESALIA', 'MAQUINAS TESALIA INDIRECTOS', 'ELIDIO PEREZ', '2022-08-31', '2022-08-01', 23, 3, 'Disponible'),
(753, 25, 25001, 1914, 'OFICINA PPAL CAMPOALEGRE', 'CAMPOALEGRE OFICINA PRINCIPAL', 'CINDY CAROLINA GARZON', '2022-08-05', '2022-07-31', 26, 3, 'Eliminado'),
(754, 25, 25001, 3114, 'OFICINA PPAL CAMPOALEGRE', 'CAMPOALEGRE OFICINA PRINCIPAL', 'SULAY ANDREA RUIZ', '2022-08-31', '2022-08-01', 17, 3, 'Disponible'),
(755, 25, 25001, 54, 'OFICINA PPAL CAMPOALEGRE', 'CAMPOALEGRE OFICINA PRINCIPAL', 'GIRLEZA MARTINEZ', '2022-08-06', '2022-08-01', 28, 3, 'Disponible'),
(756, 25, 25001, 54, 'OFICINA PPAL CAMPOALEGRE', 'CAMPOALEGRE OFICINA PRINCIPAL', 'GIRLEZA MARTINEZ', '2022-08-06', '2022-08-01', 29, 3, 'Disponible'),
(757, 25, 25001, 51, 'OFICINA PPAL CAMPOALEGRE', 'CAMPOALEGRE OFICINA PRINCIPAL', 'LORENA ESCOVAR', '2022-08-31', '2022-08-01', 26, 3, 'Disponible'),
(758, 25, 25001, 372, 'OFICINA PPAL CAMPOALEGRE', 'CAMPOALEGRE OFICINA PRINCIPAL', 'YOMAIRA ORTIZ', '2022-08-06', '2022-08-01', 26, 3, 'Disponible'),
(759, 64, 64000, 957, 'OFICINA BELEN', 'MAQUINAS BELEN INDIRECTOS', 'CECILIA ARANGO', '2022-08-04', '2022-08-02', 13, 3, 'Eliminado'),
(760, 25, 25001, 372, 'OFICINA PPAL CAMPOALEGRE', 'CAMPOALEGRE OFICINA PRINCIPAL', 'YOMAIRA ORTIZ', '2022-08-06', '2022-08-01', 27, 3, 'Disponible'),
(761, 25, 25002, 4357, 'OFICINA PPAL CAMPOALEGRE', 'SAN ISIDRO', 'ELIZABETH ROJAS', '2022-08-31', '2022-08-01', 8, 3, 'Disponible'),
(762, 25, 25002, 368, 'OFICINA PPAL CAMPOALEGRE', 'SAN ISIDRO', 'SAIDA MAGNOLIA RODRIGUEZ', '2022-08-31', '2022-08-01', 2, 3, 'Disponible'),
(763, 25, 25003, 1848, 'OFICINA PPAL CAMPOALEGRE', 'PAPATOS', 'KAROL JOHANA MEDINA', '2022-08-30', '2022-07-31', 8, 3, 'Eliminado'),
(764, 25, 25003, 1848, 'OFICINA PPAL CAMPOALEGRE', 'PAPATOS', 'KAROL JOHANA MEDINA', '2022-08-30', '2022-07-31', 12, 3, 'Eliminado'),
(765, 25, 25003, 52, 'OFICINA PPAL CAMPOALEGRE', 'PAPATOS', 'ERIKA FIERRO', '2022-08-31', '2022-08-01', 17, 3, 'Disponible'),
(766, 25, 25004, 1928, 'OFICINA PPAL CAMPOALEGRE', 'ALFONSO LOPEZ', 'EDITH CAVIEDES ', '2022-08-31', '2022-08-01', 8, 3, 'Disponible'),
(767, 25, 25010, 370, 'OFICINA PPAL CAMPOALEGRE', 'AVENIDA PRINCIPAL', 'YINETH MARIN', '2022-08-31', '2022-08-01', 7, 3, 'Disponible'),
(768, 25, 25010, 4357, 'OFICINA PPAL CAMPOALEGRE', 'AVENIDA PRINCIPAL', 'ELIZABETH ROJAS', '2022-08-31', '2022-08-01', 13, 3, 'Disponible'),
(769, 27, 27001, 40, 'OFICINA ALGECIRAS', 'ALGECIRAS OFICINA PRINCIPAL', 'SANDRA PATRICIA RIVERA', '2022-08-31', '2022-08-01', 8, 3, 'Disponible'),
(770, 27, 27001, 3529, 'OFICINA ALGECIRAS', 'ALGECIRAS OFICINA PRINCIPAL', 'JUAN DIEGO CARVALLO', '2022-08-31', '2022-08-01', 8, 3, 'Disponible'),
(771, 27, 27001, 3529, 'OFICINA ALGECIRAS', 'ALGECIRAS OFICINA PRINCIPAL', 'JUAN DIEGO CARVALLO', '2022-08-31', '2022-08-01', 23, 3, 'Disponible'),
(772, 27, 27001, 1336, 'OFICINA ALGECIRAS', 'ALGECIRAS OFICINA PRINCIPAL', 'JENNY ALEXANDRA AGUDELO', '2022-08-31', '2022-08-01', 2, 3, 'Disponible'),
(773, 1, 1066, 4594, 'OFICINA PPAL NEIVA CENTRO SUR', 'OLIMPICA', 'YULIETH YISETH SALINAS', '2022-08-30', '2022-08-02', 10, 1, 'Eliminado'),
(774, 27, 27001, 1124, 'OFICINA ALGECIRAS', 'ALGECIRAS OFICINA PRINCIPAL', 'LORENA SARMINA HERNANDEZ', '2022-08-31', '2022-08-01', 8, 3, 'Disponible'),
(775, 1, 2050, 4311, 'OFICINA PPAL NEIVA CENTRO SUR', 'EDUARDO SANTOS', 'NELLY JOHANNA ORTIZ', '2022-08-31', '2022-08-03', 12, 1, 'Disponible'),
(776, 1, 1083, 451, 'OFICINA PPAL NEIVA CENTRO SUR', 'URDANETA', ' CATHERY YISETH SARRIA', '2022-08-31', '2022-08-03', 8, 1, 'Disponible'),
(777, 1, 1083, 4643, 'OFICINA PPAL NEIVA CENTRO SUR', 'URDANETA', 'YINETH RAMIREZ', '2022-08-31', '2022-08-03', 2, 1, 'Disponible'),
(778, 1, 1024, 451, 'OFICINA PPAL NEIVA CENTRO SUR', 'DIEGO DE OSPINA', ' CATHERY YISETH SARRIA', '2022-08-31', '2022-08-03', 9, 1, 'Disponible'),
(779, 1, 1024, 4388, 'OFICINA PPAL NEIVA CENTRO SUR', 'DIEGO DE OSPINA', 'DERLY SAIDA PASCUAS', '2022-08-31', '2022-08-03', 1, 1, 'Disponible'),
(780, 1, 1125, 473, 'OFICINA PPAL NEIVA CENTRO SUR', 'BOSQUES DE SAN LUIS', 'MARIA ALEJANDRA SANCHEZ', '2022-08-30', '2022-08-02', 1, 1, 'Eliminado'),
(781, 1, 1125, 2472, 'OFICINA PPAL NEIVA CENTRO SUR', 'BOSQUES DE SAN LUIS', 'INGRID JULIET  CORTES ', '2022-08-31', '2022-08-03', 10, 1, 'Disponible'),
(782, 1, 1040, 2928, 'OFICINA PPAL NEIVA CENTRO SUR', 'GLORIETA SANTA ISABEL', 'ROSA MARIA SUAREZ', '2022-08-31', '2022-08-03', 10, 1, 'Disponible'),
(783, 1, 1040, 475, 'OFICINA PPAL NEIVA CENTRO SUR', 'GLORIETA SANTA ISABEL', 'NANCY PEÑA', '2022-08-31', '2022-08-03', 6, 1, 'Disponible'),
(784, 1, 1128, 429, 'OFICINA PPAL NEIVA CENTRO SUR', 'ACACIAS 2', 'SANDRA MILENA VELASQUEZ', '2022-08-31', '2022-08-03', 17, 1, 'Disponible'),
(785, 1, 1128, 2928, 'OFICINA PPAL NEIVA CENTRO SUR', 'ACACIAS 2', 'ROSA MARIA SUAREZ', '2022-08-31', '2022-08-03', 12, 1, 'Disponible'),
(786, 1, 1057, 3539, 'OFICINA PPAL NEIVA CENTRO SUR', 'LOS PARQUES', 'YEIMY ALEJANDRA GOMEZ', '2022-08-31', '2022-08-03', 2, 1, 'Disponible'),
(787, 1, 1084, 1320, 'OFICINA PPAL NEIVA CENTRO SUR', 'VENTILADOR', 'CLAUDIA MILENA  JARAMILLO', '2022-08-31', '2022-08-03', 8, 1, 'Disponible'),
(788, 1, 1084, 1320, 'OFICINA PPAL NEIVA CENTRO SUR', 'VENTILADOR', 'CLAUDIA MILENA  JARAMILLO', '2022-08-30', '2022-08-02', 37, 1, 'Eliminado'),
(789, 1, 2012, 4497, 'OFICINA PPAL NEIVA CENTRO SUR', 'EXITO', 'EDNA TATIANA ALVAREZ', '2022-08-31', '2022-08-03', 1, 1, 'Disponible'),
(790, 1, 2012, 4707, 'OFICINA PPAL NEIVA CENTRO SUR', 'EXITO', 'YULIETH ZAMBRANO', '2022-08-31', '2022-08-03', 9, 1, 'Disponible'),
(791, 1, 2016, 3633, 'OFICINA PPAL NEIVA CENTRO SUR', 'GUALANDAY', 'KAROL DANIELA LEON', '2022-08-31', '2022-08-03', 10, 1, 'Disponible'),
(792, 1, 2016, 4439, 'OFICINA PPAL NEIVA CENTRO SUR', 'GUALANDAY', 'JULIAN FELIPE RESTREPO', '2022-08-31', '2022-08-03', 6, 1, 'Disponible'),
(793, 1, 2009, 482, 'OFICINA PPAL NEIVA CENTRO SUR', 'EL VERGEL', 'ANYELA CAROLINA QUINTERO', '2022-08-31', '2022-08-03', 17, 1, 'Disponible'),
(794, 1, 2036, 496, 'OFICINA PPAL NEIVA CENTRO SUR', 'OLAYA HERRERA', 'LINA MARIA ESCOBAR', '2022-08-31', '2022-08-03', 45, 1, 'Disponible'),
(795, 1, 2036, 1315, 'OFICINA PPAL NEIVA CENTRO SUR', 'OLAYA HERRERA', 'YULI KATHERINNE LEON ', '2022-08-31', '2022-08-03', 2, 1, 'Disponible'),
(796, 1, 2007, 442, 'OFICINA PPAL NEIVA CENTRO SUR', 'COCA-COLA', 'MAYRA ALEJANDRA ESPINOZA', '2022-08-31', '2022-08-03', 1, 1, 'Disponible'),
(797, 1, 2007, 497, 'OFICINA PPAL NEIVA CENTRO SUR', 'COCA-COLA', 'SANDRA MILENA CUARAN', '2022-08-31', '2022-08-03', 9, 1, 'Disponible'),
(798, 1, 2002, 497, 'OFICINA PPAL NEIVA CENTRO SUR', 'CAMILO TORRES', 'SANDRA MILENA CUARAN', '2022-08-31', '2022-08-03', 10, 1, 'Disponible'),
(799, 1, 2002, 4186, 'OFICINA PPAL NEIVA CENTRO SUR', 'CAMILO TORRES', 'YULIETH  CALDERON ', '2022-08-31', '2022-08-03', 6, 1, 'Disponible'),
(800, 1, 2020, 1370, 'OFICINA PPAL NEIVA CENTRO SUR', 'LAS BRISAS', 'VICTORIA TOVAR', '2022-08-31', '2022-08-03', 1, 1, 'Disponible'),
(801, 1, 2020, 4164, 'OFICINA PPAL NEIVA CENTRO SUR', 'LAS BRISAS', 'LAURA GILOMBO', '2022-08-31', '2022-08-03', 9, 1, 'Disponible'),
(802, 1, 2025, 4335, 'OFICINA PPAL NEIVA CENTRO SUR', 'MONSERRATE', 'RAQUEL ISAURA LOOR ', '2022-08-31', '2022-08-03', 8, 1, 'Disponible'),
(803, 1, 2025, 4335, 'OFICINA PPAL NEIVA CENTRO SUR', 'MONSERRATE', 'RAQUEL ISAURA LOOR ', '2022-08-31', '2022-08-03', 9, 1, 'Disponible'),
(804, 1, 2031, 4495, 'OFICINA PPAL NEIVA CENTRO SUR', 'VERDURAS', 'INGRID YULIANA ARIAS', '2022-08-31', '2022-08-03', 8, 1, 'Disponible'),
(805, 1, 2031, 4495, 'OFICINA PPAL NEIVA CENTRO SUR', 'VERDURAS', 'INGRID YULIANA ARIAS', '2022-08-31', '2022-08-03', 12, 1, 'Disponible'),
(806, 1, 2015, 596, 'OFICINA PPAL NEIVA CENTRO SUR', 'GOMELANDIA', 'DIANA MARCELA VELA', '2022-08-31', '2022-08-03', 2, 1, 'Disponible'),
(807, 1, 2015, 4578, 'OFICINA PPAL NEIVA CENTRO SUR', 'GOMELANDIA', 'MICHEL NATALIA MOSQUERA', '2022-08-31', '2022-08-03', 8, 1, 'Disponible'),
(808, 1, 2052, 1522, 'OFICINA PPAL NEIVA CENTRO SUR', 'SIGLO XXI', 'LINA PAOLA SEGURA', '2022-08-31', '2022-08-03', 17, 1, 'Disponible'),
(809, 1, 2052, 4578, 'OFICINA PPAL NEIVA CENTRO SUR', 'SIGLO XXI', 'MICHEL NATALIA MOSQUERA', '2022-08-31', '2022-08-03', 12, 1, 'Disponible'),
(810, 1, 2003, 1404, 'OFICINA PPAL NEIVA CENTRO SUR', 'CANCHA GRANJAS', 'ADRIANA LUCIA CAMPOS', '2022-08-31', '2022-08-03', 1, 1, 'Disponible'),
(811, 1, 2003, 3633, 'OFICINA PPAL NEIVA CENTRO SUR', 'CANCHA GRANJAS', 'KAROL DANIELA LEON', '2022-08-31', '2022-08-03', 9, 1, 'Disponible'),
(812, 1, 2053, 4270, 'OFICINA PPAL NEIVA CENTRO SUR', 'CORHUILA', 'NORMA CONSTANZA CASTRO', '2022-08-31', '2022-08-03', 17, 1, 'Disponible'),
(813, 1, 2053, 4317, 'OFICINA PPAL NEIVA CENTRO SUR', 'CORHUILA', 'GERLY PIEDAD MONTERO', '2022-08-31', '2022-08-03', 12, 1, 'Disponible'),
(814, 1, 1027, 4445, 'OFICINA PPAL NEIVA CENTRO SUR', 'DROGUERIA COPIFAM LA TERCERA', 'CHESLY STEFANIA RIVERA', '2022-08-31', '2022-08-03', 3, 1, 'Disponible'),
(815, 1, 1027, 466, 'OFICINA PPAL NEIVA CENTRO SUR', 'DROGUERIA COPIFAM LA TERCERA', 'JENNY PAOLA TOVAR', '2022-08-31', '2022-08-03', 4, 1, 'Disponible'),
(816, 1, 1068, 47, 'OFICINA PPAL NEIVA CENTRO SUR', 'PARQUEADERO', 'SANDRA JIMENA GONZALES', '2022-08-30', '2022-08-02', 17, 1, 'Pendiente'),
(817, 1, 1068, 4445, 'OFICINA PPAL NEIVA CENTRO SUR', 'PARQUEADERO', 'CHESLY STEFANIA RIVERA', '2022-08-31', '2022-08-03', 12, 1, 'Disponible'),
(818, 1, 1130, 430, 'OFICINA PPAL NEIVA CENTRO SUR', 'COMUNEROS', 'MARITZA RIVERA', '2022-08-31', '2022-08-03', 76, 1, 'Disponible'),
(819, 1, 1130, 4313, 'OFICINA PPAL NEIVA CENTRO SUR', 'COMUNEROS', 'KAREN VIVIANA MARTINEZ', '2022-08-03', '2022-08-03', 77, 1, 'Disponible'),
(820, 1, 1069, 4432, 'OFICINA PPAL NEIVA CENTRO SUR', 'PLAZA SAN PEDRO', 'YESSIKA DEL PILAR AGUIRRE', '2022-08-31', '2022-08-03', 7, 1, 'Disponible'),
(821, 1, 1069, 430, 'OFICINA PPAL NEIVA CENTRO SUR', 'PLAZA SAN PEDRO', 'MARITZA RIVERA', '2022-08-31', '2022-08-03', 13, 1, 'Disponible'),
(822, 1, 2044, 4707, 'OFICINA PPAL NEIVA CENTRO SUR', 'CAMBULOS', 'YULIETH ZAMBRANO', '2022-08-31', '2022-08-03', 8, 1, 'Disponible'),
(823, 1, 2044, 669, 'OFICINA PPAL NEIVA CENTRO SUR', 'CAMBULOS', 'ANA GETRUDIS LOSADA', '2022-08-31', '2022-08-03', 2, 1, 'Disponible'),
(824, 1, 2006, 3325, 'OFICINA PPAL NEIVA CENTRO SUR', 'CHAPINERO', 'GIOVANNA ANDREA MELENDEZ', '2022-08-31', '2022-08-03', 17, 1, 'Disponible'),
(825, 1, 2021, 4311, 'OFICINA PPAL NEIVA CENTRO SUR', 'LAS VEGAS', 'NELLY JOHANNA ORTIZ', '2022-08-31', '2022-08-03', 8, 1, 'Disponible'),
(826, 1, 2021, 4528, 'OFICINA PPAL NEIVA CENTRO SUR', 'LAS VEGAS', 'LIZETH KARINA NARVAEZ', '2022-08-30', '2022-08-02', 8, 1, 'Eliminado'),
(827, 1, 1098, 445, 'OFICINA PPAL NEIVA CENTRO SUR', 'MERCANEIVA', 'MARYI CONSTANZA GUIRO', '2022-08-31', '2022-08-03', 78, 1, 'Disponible'),
(828, 1, 2013, 1225, 'OFICINA PPAL NEIVA CENTRO SUR', 'GAITAN', 'MARIA FERNANDA ORTEGON', '2022-08-31', '2022-08-03', 17, 1, 'Disponible'),
(829, 1, 2013, 4705, 'OFICINA PPAL NEIVA CENTRO SUR', 'GAITAN', 'MARITZA HERNANDEZ', '2022-08-31', '2022-08-03', 12, 1, 'Disponible'),
(830, 1, 1082, 4705, 'OFICINA PPAL NEIVA CENTRO SUR', 'TRES ESQUINAS', 'MARITZA HERNANDEZ', '2022-08-31', '2022-08-03', 10, 1, 'Disponible'),
(831, 1, 1082, 4392, 'OFICINA PPAL NEIVA CENTRO SUR', 'TRES ESQUINAS', 'YESICA ANDREA TORRES', '2022-08-31', '2022-08-03', 6, 1, 'Disponible'),
(832, 1, 2057, 440, 'OFICINA PPAL NEIVA CENTRO SUR', 'PLAZAS ALCID', 'JENNY GUTIERREZ', '2022-08-31', '2022-08-03', 8, 1, 'Disponible'),
(833, 1, 2001, 1317, 'OFICINA PPAL NEIVA CENTRO SUR', 'CAM', 'CLAUDIA MARCELA GARCIA', '2022-08-31', '2022-08-03', 8, 1, 'Disponible'),
(834, 1, 2001, 4436, 'OFICINA PPAL NEIVA CENTRO SUR', 'CAM', 'LEYDY JOHANA MOPAN', '2022-08-31', '2022-08-03', 2, 1, 'Disponible'),
(835, 1, 1110, 4501, 'OFICINA PPAL NEIVA CENTRO SUR', 'LA ROSA', 'JUAN CAMILO LOSADA', '2022-08-31', '2022-08-03', 76, 1, 'Disponible'),
(836, 1, 1110, 438, 'OFICINA PPAL NEIVA CENTRO SUR', 'LA ROSA', 'MAGALY ASTUDILLO', '2022-08-31', '2022-08-03', 77, 1, 'Disponible'),
(837, 1, 1010, 3339, 'OFICINA PPAL NEIVA CENTRO SUR', 'DROGUERIA MAS BARATA', 'INGRID YESENIA RAMIREZ', '2022-08-31', '2022-08-03', 7, 1, 'Disponible'),
(838, 1, 1010, 4501, 'OFICINA PPAL NEIVA CENTRO SUR', 'DROGUERIA MAS BARATA', 'JUAN CAMILO LOSADA', '2022-08-31', '2022-08-03', 13, 1, 'Disponible'),
(839, 1, 1155, 1077, 'OFICINA PPAL NEIVA CENTRO SUR', 'CAFETERIA LA 5', 'JACKELINE LUCUARA', '2022-08-31', '2022-08-03', 7, 1, 'Disponible'),
(840, 1, 1155, 4504, 'OFICINA PPAL NEIVA CENTRO SUR', 'CAFETERIA LA 5', 'PAULA CRISTINA SOTO', '2022-08-31', '2022-08-03', 9, 1, 'Disponible'),
(841, 1, 1220, 3361, 'OFICINA PPAL NEIVA CENTRO SUR', 'ACACIAS CARABINEROS', 'LEYLA CONSTANZA TORREJANO', '2022-08-31', '2022-08-03', 8, 1, 'Disponible'),
(842, 1, 1222, 4639, 'OFICINA PPAL NEIVA CENTRO SUR', '11 DE NOVIEMBRE', 'LUIS FELIPE CRUZ', '2022-08-31', '2022-08-03', 8, 1, 'Disponible'),
(843, 1, 1222, 4639, 'OFICINA PPAL NEIVA CENTRO SUR', '11 DE NOVIEMBRE', 'LUIS FELIPE CRUZ', '2022-08-31', '2022-08-03', 12, 1, 'Disponible'),
(844, 1, 1141, 2704, 'OFICINA PPAL NEIVA CENTRO SUR', 'SAN JORGE DOS', 'JENNNYFER ALEXANDRA  ROBLES ', '2022-08-31', '2022-08-03', 17, 1, 'Disponible'),
(845, 1, 1141, 2472, 'OFICINA PPAL NEIVA CENTRO SUR', 'SAN JORGE DOS', 'INGRID JULIET  CORTES ', '2022-08-31', '2022-08-03', 12, 1, 'Disponible'),
(846, 27, 27001, 40, 'OFICINA ALGECIRAS', 'ALGECIRAS OFICINA PRINCIPAL', 'SANDRA PATRICIA RIVERA', '2022-08-31', '2022-08-01', 79, 3, 'Disponible'),
(847, 35, 35001, 60, 'OFICINA GIGANTE', 'OFICNA PRINCIPAL ', 'SANDRA MAGALY MANRIQUE', '2022-08-30', '2022-07-31', 19, 3, 'Eliminado'),
(848, 35, 35001, 60, 'OFICINA GIGANTE', 'OFICNA PRINCIPAL ', 'SANDRA MAGALY MANRIQUE', '2022-08-30', '2022-07-31', 20, 3, 'Eliminado'),
(849, 35, 35001, 3729, 'OFICINA GIGANTE', 'OFICNA PRINCIPAL ', 'MAIRA  ALEJANDRA HOME', '2022-08-31', '2022-08-01', 10, 3, 'Disponible'),
(850, 35, 35001, 3729, 'OFICINA GIGANTE', 'OFICNA PRINCIPAL ', 'MAIRA  ALEJANDRA HOME', '2022-08-31', '2022-08-01', 18, 3, 'Disponible'),
(851, 35, 35001, 388, 'OFICINA GIGANTE', 'OFICNA PRINCIPAL ', 'YANITH ZULEIMA POLANCO', '2022-08-30', '2022-07-31', 6, 3, 'Eliminado'),
(852, 35, 35001, 61, 'OFICINA GIGANTE', 'OFICNA PRINCIPAL ', 'DIANA MARCELA CABRERA', '2022-08-31', '2022-08-01', 19, 3, 'Disponible'),
(853, 1, 1061, 2048, 'OFICINA PPAL NEIVA CENTRO SUR', 'MANZANARES', 'LIDA YANETH CEBALLES', '2022-08-31', '2022-08-03', 17, 1, 'Disponible'),
(854, 1, 1061, 591, 'OFICINA PPAL NEIVA CENTRO SUR', 'MANZANARES', 'LINA VERONICA CALDERON', '2022-08-31', '2022-08-03', 12, 1, 'Disponible'),
(855, 1, 2062, 1878, 'OFICINA PPAL NEIVA CENTRO SUR', 'ALEJANDRIA', 'ANGIE ISADORA RODRIGUEZ', '2022-08-31', '2022-08-03', 8, 1, 'Disponible'),
(856, 1, 2062, 1878, 'OFICINA PPAL NEIVA CENTRO SUR', 'ALEJANDRIA', 'ANGIE ISADORA RODRIGUEZ', '2022-08-31', '2022-08-03', 13, 1, 'Disponible'),
(857, 1, 1038, 467, 'OFICINA PPAL NEIVA CENTRO SUR', 'GALAN SUR', 'NIDIA YANETH FLOREZ', '2022-08-31', '2022-08-03', 8, 1, 'Disponible'),
(858, 1, 1038, 467, 'OFICINA PPAL NEIVA CENTRO SUR', 'GALAN SUR', 'NIDIA YANETH FLOREZ', '2022-08-31', '2022-08-03', 12, 1, 'Disponible'),
(859, 1, 1240, 4753, 'OFICINA PPAL NEIVA CENTRO SUR', 'TERCER MILENIO PLUS', 'LUIS FERNANDO  GUARNIZO ', '2022-08-31', '2022-08-03', 8, 1, 'Disponible'),
(860, 1, 1240, 4753, 'OFICINA PPAL NEIVA CENTRO SUR', 'TERCER MILENIO PLUS', 'LUIS FERNANDO  GUARNIZO ', '2022-08-31', '2022-08-03', 12, 1, 'Disponible'),
(861, 1, 2005, 1193, 'OFICINA PPAL NEIVA CENTRO SUR', 'CARACOLI', 'AMELIA TRILLERAS', '2022-08-31', '2022-08-03', 17, 1, 'Disponible'),
(862, 1, 2005, 4311, 'OFICINA PPAL NEIVA CENTRO SUR', 'CARACOLI', 'NELLY JOHANNA ORTIZ', '2022-08-31', '2022-08-03', 12, 1, 'Disponible'),
(863, 1, 1071, 606, 'OFICINA PPAL NEIVA CENTRO SUR', 'RADIADORES', 'DIANA MARCELA ALVAREZ', '2022-08-30', '2022-08-02', 8, 1, 'Eliminado'),
(864, 1, 1071, 606, 'OFICINA PPAL NEIVA CENTRO SUR', 'RADIADORES', 'DIANA MARCELA ALVAREZ', '2022-08-30', '2022-08-02', 23, 1, 'Eliminado'),
(865, 1, 2029, 573, 'OFICINA PPAL NEIVA CENTRO SUR', 'TELEFONICA', 'MARIA ANTONIA FERNANDEZ', '2022-08-31', '2022-08-03', 8, 1, 'Disponible'),
(866, 1, 2029, 573, 'OFICINA PPAL NEIVA CENTRO SUR', 'TELEFONICA', 'MARIA ANTONIA FERNANDEZ', '2022-08-31', '2022-08-03', 13, 1, 'Disponible'),
(867, 1, 2032, 448, 'OFICINA PPAL NEIVA CENTRO SUR', 'SANTA INES', 'ADRIANA PERDOMO', '2022-08-31', '2022-08-03', 17, 1, 'Disponible'),
(868, 1, 2032, 1317, 'OFICINA PPAL NEIVA CENTRO SUR', 'SANTA INES', 'CLAUDIA MARCELA GARCIA', '2022-08-31', '2022-08-03', 12, 1, 'Disponible'),
(869, 1, 2042, 572, 'OFICINA PPAL NEIVA CENTRO SUR', 'HOME CENTER', 'INGRY VANESSA VALBUENA', '2022-08-31', '2022-08-03', 17, 1, 'Disponible'),
(870, 1, 2038, 4424, 'OFICINA PPAL NEIVA CENTRO SUR', 'DARIO ECHANDIA', 'ERIKA SONRANYI TRUJILLO', '2022-08-31', '2022-08-03', 8, 1, 'Disponible'),
(871, 1, 2038, 4424, 'OFICINA PPAL NEIVA CENTRO SUR', 'DARIO ECHANDIA', 'ERIKA SONRANYI TRUJILLO', '2022-08-31', '2022-08-03', 12, 1, 'Disponible'),
(872, 1, 2055, 3080, 'OFICINA PPAL NEIVA CENTRO SUR', 'VILLA CECILIA', 'DANIELA CATERINE MENESES', '2022-08-31', '2022-08-03', 8, 1, 'Disponible'),
(873, 1, 2055, 3080, 'OFICINA PPAL NEIVA CENTRO SUR', 'VILLA CECILIA', 'DANIELA CATERINE MENESES', '2022-08-31', '2022-08-03', 12, 1, 'Disponible'),
(874, 1, 1004, 461, 'OFICINA PPAL NEIVA CENTRO SUR', 'ALFONSO LOPEZ', 'KAREN ANDREA SERRANO', '2022-08-31', '2022-08-03', 8, 1, 'Disponible'),
(875, 1, 1004, 461, 'OFICINA PPAL NEIVA CENTRO SUR', 'ALFONSO LOPEZ', 'KAREN ANDREA SERRANO', '2022-08-31', '2022-08-03', 23, 1, 'Disponible'),
(876, 65, 65001, 96, 'OFICINA PITAL', 'PITAL OFICINA PRINCIPAL', 'YIDMI YOLIMA ROJAS', '2022-08-31', '2022-08-01', 31, 3, 'Disponible'),
(877, 65, 65001, 96, 'OFICINA PITAL', 'PITAL OFICINA PRINCIPAL', 'YIDMI YOLIMA ROJAS', '2022-08-31', '2022-08-01', 16, 3, 'Disponible'),
(878, 65, 65001, 412, 'OFICINA PITAL', 'PITAL OFICINA PRINCIPAL', 'MARLY YASMIN BRAVO', '2022-08-31', '2022-08-01', 17, 3, 'Disponible'),
(879, 65, 65002, 410, 'OFICINA PITAL', 'ECUADOR', 'MARGOT GAITAN', '2022-08-31', '2022-08-01', 25, 3, 'Disponible'),
(880, 1, 12005, 2572, 'OFICINA PPAL NEIVA CENTRO SUR', 'SANTA BARBARA', 'ELIZABETH TRUJILLO', '2022-08-31', '2022-08-03', 8, 1, 'Disponible'),
(881, 1, 12005, 2572, 'OFICINA PPAL NEIVA CENTRO SUR', 'SANTA BARBARA', 'ELIZABETH TRUJILLO', '2022-08-31', '2022-08-03', 23, 1, 'Disponible'),
(882, 1, 1206, 1950, 'OFICINA PPAL NEIVA CENTRO SUR', 'UNICENTRO', 'ANA MARIA BARRERA', '2022-08-31', '2022-08-03', 8, 1, 'Disponible'),
(883, 1, 1206, 1950, 'OFICINA PPAL NEIVA CENTRO SUR', 'UNICENTRO', 'ANA MARIA BARRERA', '2022-08-31', '2022-08-03', 13, 1, 'Disponible'),
(884, 1, 12004, 2768, 'OFICINA PPAL NEIVA CENTRO SUR', 'FRONTERA NORTE', 'LUISA FERNANDA  VEGA', '2022-08-31', '2022-08-03', 8, 1, 'Disponible'),
(885, 1, 12004, 2768, 'OFICINA PPAL NEIVA CENTRO SUR', 'FRONTERA NORTE', 'LUISA FERNANDA  VEGA', '2022-08-31', '2022-08-03', 12, 1, 'Disponible'),
(886, 1, 12006, 547, 'OFICINA PPAL NEIVA CENTRO SUR', 'HOSPEDAJE BAHIA', 'JAQUELINE TORRES', '2022-08-31', '2022-08-03', 13, 1, 'Disponible'),
(887, 1, 12006, 547, 'OFICINA PPAL NEIVA CENTRO SUR', 'HOSPEDAJE BAHIA', 'JAQUELINE TORRES', '2022-08-31', '2022-08-03', 10, 1, 'Disponible'),
(888, 1, 1255, 1327, 'OFICINA PPAL NEIVA CENTRO SUR', 'VILLA REGINA', 'SANDRA MILENA  CHASQUI', '2022-08-31', '2022-08-03', 13, 1, 'Disponible'),
(889, 66, 66001, 34, 'OFICINA AGRADO', 'AGRADO OFICINA PRINCIPAL', 'MARIA EUGENIA SIERRA', '2022-08-31', '2022-08-01', 31, 3, 'Disponible'),
(890, 1, 1255, 1327, 'OFICINA PPAL NEIVA CENTRO SUR', 'VILLA REGINA', 'SANDRA MILENA  CHASQUI', '2022-08-31', '2022-08-03', 8, 1, 'Disponible'),
(891, 66, 66001, 34, 'OFICINA AGRADO', 'AGRADO OFICINA PRINCIPAL', 'MARIA EUGENIA SIERRA', '2022-08-31', '2022-08-01', 16, 3, 'Disponible'),
(892, 66, 66001, 411, 'OFICINA AGRADO', 'AGRADO OFICINA PRINCIPAL', 'BIBIANA OROZCO', '2022-08-31', '2022-08-01', 17, 3, 'Disponible'),
(893, 1, 1207, 4635, 'OFICINA PPAL NEIVA CENTRO SUR', 'SAN JUAN PLAZA', 'OSCAR IVAN DIAZ', '2022-08-31', '2022-08-03', 10, 1, 'Disponible'),
(894, 1, 1207, 4635, 'OFICINA PPAL NEIVA CENTRO SUR', 'SAN JUAN PLAZA', 'OSCAR IVAN DIAZ', '2022-08-31', '2022-08-03', 12, 1, 'Disponible'),
(895, 1, 1225, 4538, 'OFICINA PPAL NEIVA CENTRO SUR', 'CUARTO CENTENARIO BAJO', 'VANESSA SOTO', '2022-08-31', '2022-08-03', 8, 1, 'Disponible'),
(896, 1, 1278, 1956, 'OFICINA PPAL NEIVA CENTRO SUR', 'MAX DUQUE', 'YURY ESCANDON', '2022-08-31', '2022-08-03', 8, 1, 'Disponible'),
(897, 1, 1278, 1956, 'OFICINA PPAL NEIVA CENTRO SUR', 'MAX DUQUE', 'YURY ESCANDON', '2022-08-31', '2022-08-03', 9, 1, 'Disponible'),
(898, 1, 1279, 4024, 'OFICINA PPAL NEIVA CENTRO SUR', 'MINUTO DE DIOS', 'ALEJANDRA VILLARRAGA', '2022-08-30', '2022-08-02', 8, 1, 'Eliminado'),
(899, 1, 1279, 4024, 'OFICINA PPAL NEIVA CENTRO SUR', 'MINUTO DE DIOS', 'ALEJANDRA VILLARRAGA', '2022-08-30', '2022-08-02', 12, 1, 'Eliminado'),
(900, 1, 1280, 3499, 'OFICINA PPAL NEIVA CENTRO SUR', 'SURTIPLAZA', 'YANEIDY CAICEDO', '2022-08-31', '2022-08-03', 10, 1, 'Disponible'),
(901, 1, 1280, 421, 'OFICINA PPAL NEIVA CENTRO SUR', 'SURTIPLAZA', 'DINY JOHANA MARTINEZ', '2022-08-31', '2022-08-03', 6, 1, 'Disponible'),
(902, 1, 1001, 2050, 'OFICINA PPAL NEIVA CENTRO SUR', 'OFICINA PPAL NEIVA', 'YOIDY YUDNEY MORENO', '2022-08-06', '2022-08-03', 40, 1, 'Disponible'),
(903, 1, 1001, 2050, 'OFICINA PPAL NEIVA CENTRO SUR', 'OFICINA PPAL NEIVA', 'YOIDY YUDNEY MORENO', '2022-08-13', '2022-08-08', 63, 1, 'Disponible'),
(904, 1, 1001, 2050, 'OFICINA PPAL NEIVA CENTRO SUR', 'OFICINA PPAL NEIVA', 'YOIDY YUDNEY MORENO', '2022-08-20', '2022-08-15', 40, 1, 'Disponible'),
(905, 1, 1001, 2050, 'OFICINA PPAL NEIVA CENTRO SUR', 'OFICINA PPAL NEIVA', 'YOIDY YUDNEY MORENO', '2022-08-27', '2022-08-22', 63, 1, 'Disponible'),
(906, 1, 1001, 2050, 'OFICINA PPAL NEIVA CENTRO SUR', 'OFICINA PPAL NEIVA', 'YOIDY YUDNEY MORENO', '2022-09-03', '2022-08-29', 40, 1, 'Disponible'),
(907, 1, 1001, 1868, 'OFICINA PPAL NEIVA CENTRO SUR', 'OFICINA PPAL NEIVA', 'LUZ ANGELA BARRAGAN ', '2022-08-06', '2022-08-03', 40, 1, 'Disponible'),
(908, 1, 1001, 1868, 'OFICINA PPAL NEIVA CENTRO SUR', 'OFICINA PPAL NEIVA', 'LUZ ANGELA BARRAGAN ', '2022-08-13', '2022-08-08', 63, 1, 'Disponible'),
(909, 1, 1001, 1868, 'OFICINA PPAL NEIVA CENTRO SUR', 'OFICINA PPAL NEIVA', 'LUZ ANGELA BARRAGAN ', '2022-08-20', '2022-08-15', 40, 1, 'Disponible'),
(910, 35, 35003, 3387, 'OFICINA GIGANTE', '8 DE MAYO', 'JORDYS CAMILO RUBIO', '2022-08-30', '2022-07-31', 8, 3, 'Eliminado'),
(911, 35, 35003, 3387, 'OFICINA GIGANTE', '8 DE MAYO', 'JORDYS CAMILO RUBIO', '2022-08-30', '2022-07-31', 13, 3, 'Eliminado'),
(912, 1, 1001, 1868, 'OFICINA PPAL NEIVA CENTRO SUR', 'OFICINA PPAL NEIVA', 'LUZ ANGELA BARRAGAN ', '2022-08-27', '2022-08-22', 63, 1, 'Disponible'),
(913, 1, 1001, 1868, 'OFICINA PPAL NEIVA CENTRO SUR', 'OFICINA PPAL NEIVA', 'LUZ ANGELA BARRAGAN ', '2022-09-03', '2022-08-29', 40, 1, 'Disponible'),
(914, 35, 35004, 3138, 'OFICINA GIGANTE', 'PUENTE PEATONAL', 'MARIA ALEJANDRA PEREZ', '2022-08-30', '2022-07-31', 8, 3, 'Eliminado'),
(915, 1, 1001, 1954, 'OFICINA PPAL NEIVA CENTRO SUR', 'OFICINA PPAL NEIVA', 'ALEXIS VANESSA VILLALBA', '2022-08-06', '2022-08-03', 40, 1, 'Disponible'),
(916, 1, 1001, 1954, 'OFICINA PPAL NEIVA CENTRO SUR', 'OFICINA PPAL NEIVA', 'ALEXIS VANESSA VILLALBA', '2022-08-13', '2022-08-08', 63, 1, 'Disponible'),
(917, 35, 35004, 3138, 'OFICINA GIGANTE', 'PUENTE PEATONAL', 'MARIA ALEJANDRA PEREZ', '2022-08-30', '2022-07-31', 13, 3, 'Eliminado'),
(918, 1, 1001, 1954, 'OFICINA PPAL NEIVA CENTRO SUR', 'OFICINA PPAL NEIVA', 'ALEXIS VANESSA VILLALBA', '2022-08-20', '2022-08-15', 40, 1, 'Disponible'),
(919, 1, 1001, 1954, 'OFICINA PPAL NEIVA CENTRO SUR', 'OFICINA PPAL NEIVA', 'ALEXIS VANESSA VILLALBA', '2022-08-27', '2022-08-22', 63, 1, 'Disponible'),
(920, 1, 1001, 1954, 'OFICINA PPAL NEIVA CENTRO SUR', 'OFICINA PPAL NEIVA', 'ALEXIS VANESSA VILLALBA', '2022-09-03', '2022-08-29', 40, 1, 'Disponible'),
(921, 35, 35005, 2852, 'OFICINA GIGANTE', 'TRES ESQUINAS', 'INGRID CATHERINE PEDROZA', '2022-08-31', '2022-08-01', 8, 3, 'Disponible'),
(922, 35, 35005, 2852, 'OFICINA GIGANTE', 'TRES ESQUINAS', 'INGRID CATHERINE PEDROZA', '2022-08-31', '2022-08-01', 23, 3, 'Disponible'),
(923, 40, 40001, 398, 'OFICINA PRINCIPAL LA PLATA', 'LA PLATA OFICINA PRINCIPAL', 'DORA LILIANA VARGAS', '2022-08-31', '2022-08-01', 7, 3, 'Disponible'),
(924, 40, 40001, 3181, 'OFICINA PRINCIPAL LA PLATA', 'LA PLATA OFICINA PRINCIPAL', 'ISNERY PASTRANA', '2022-08-31', '2022-08-01', 24, 3, 'Disponible'),
(925, 40, 40023, 2244, 'OFICINA PRINCIPAL LA PLATA', 'LA PLATA OFICINA  PARQUE', 'LIDA YASMIN BERMUDES', '2022-08-31', '2022-08-01', 8, 3, 'Disponible'),
(926, 1, 1001, 3499, 'OFICINA PPAL NEIVA CENTRO SUR', 'OFICINA PPAL NEIVA', 'YANEIDY CAICEDO', '2022-08-31', '2022-08-03', 12, 1, 'Disponible'),
(927, 1, 1001, 2722, 'OFICINA PPAL NEIVA CENTRO SUR', 'OFICINA PPAL NEIVA', 'MARIA GORETTY CARDOZO ', '2022-08-06', '2022-08-03', 63, 1, 'Disponible'),
(928, 40, 40023, 2806, 'OFICINA PRINCIPAL LA PLATA', 'LA PLATA OFICINA  PARQUE', 'JHON JAIRO DIAZ', '2022-08-31', '2022-08-01', 24, 3, 'Disponible'),
(929, 1, 1001, 2722, 'OFICINA PPAL NEIVA CENTRO SUR', 'OFICINA PPAL NEIVA', 'MARIA GORETTY CARDOZO ', '2022-08-13', '2022-08-08', 40, 1, 'Disponible'),
(930, 1, 1001, 2722, 'OFICINA PPAL NEIVA CENTRO SUR', 'OFICINA PPAL NEIVA', 'MARIA GORETTY CARDOZO ', '2022-08-20', '2022-08-15', 63, 1, 'Disponible'),
(931, 40, 40023, 76, 'OFICINA PRINCIPAL LA PLATA', 'LA PLATA OFICINA  PARQUE', 'SANDRA MILENA CABRERA', '2022-08-31', '2022-08-01', 7, 3, 'Disponible'),
(932, 1, 1001, 2722, 'OFICINA PPAL NEIVA CENTRO SUR', 'OFICINA PPAL NEIVA', 'MARIA GORETTY CARDOZO ', '2022-08-27', '2022-08-22', 40, 1, 'Disponible'),
(933, 1, 1001, 2722, 'OFICINA PPAL NEIVA CENTRO SUR', 'OFICINA PPAL NEIVA', 'MARIA GORETTY CARDOZO ', '2022-09-03', '2022-08-29', 63, 1, 'Disponible'),
(934, 1, 1001, 1882, 'OFICINA PPAL NEIVA CENTRO SUR', 'OFICINA PPAL NEIVA', 'ANA SOFIA LEGUIZAMO MELO', '2022-08-06', '2022-08-03', 63, 1, 'Disponible'),
(935, 1, 1001, 1882, 'OFICINA PPAL NEIVA CENTRO SUR', 'OFICINA PPAL NEIVA', 'ANA SOFIA LEGUIZAMO MELO', '2022-08-13', '2022-08-08', 40, 1, 'Disponible'),
(936, 1, 1001, 1882, 'OFICINA PPAL NEIVA CENTRO SUR', 'OFICINA PPAL NEIVA', 'ANA SOFIA LEGUIZAMO MELO', '2022-08-20', '2022-08-15', 63, 1, 'Disponible'),
(937, 1, 1001, 1882, 'OFICINA PPAL NEIVA CENTRO SUR', 'OFICINA PPAL NEIVA', 'ANA SOFIA LEGUIZAMO MELO', '2022-08-27', '2022-08-22', 40, 1, 'Disponible'),
(938, 1, 1001, 1882, 'OFICINA PPAL NEIVA CENTRO SUR', 'OFICINA PPAL NEIVA', 'ANA SOFIA LEGUIZAMO MELO', '2022-09-03', '2022-08-29', 63, 1, 'Disponible'),
(939, 1, 1001, 2002, 'OFICINA PPAL NEIVA CENTRO SUR', 'OFICINA PPAL NEIVA', 'SANDRA PATRICIA MOTTA', '2022-08-06', '2022-08-03', 63, 1, 'Disponible'),
(940, 1, 1001, 2002, 'OFICINA PPAL NEIVA CENTRO SUR', 'OFICINA PPAL NEIVA', 'SANDRA PATRICIA MOTTA', '2022-08-13', '2022-08-08', 40, 1, 'Disponible'),
(941, 1, 1001, 2002, 'OFICINA PPAL NEIVA CENTRO SUR', 'OFICINA PPAL NEIVA', 'SANDRA PATRICIA MOTTA', '2022-08-20', '2022-08-15', 63, 1, 'Disponible'),
(942, 1, 1001, 2002, 'OFICINA PPAL NEIVA CENTRO SUR', 'OFICINA PPAL NEIVA', 'SANDRA PATRICIA MOTTA', '2022-08-27', '2022-08-22', 40, 1, 'Disponible'),
(943, 1, 1001, 2002, 'OFICINA PPAL NEIVA CENTRO SUR', 'OFICINA PPAL NEIVA', 'SANDRA PATRICIA MOTTA', '2022-09-03', '2022-08-29', 63, 1, 'Disponible'),
(944, 40, 40023, 4664, 'OFICINA PRINCIPAL LA PLATA', 'LA PLATA OFICINA  PARQUE', 'BLANCA YAMILETH CARDENAS', '2022-08-31', '2022-08-01', 46, 3, 'Disponible'),
(945, 40, 40023, 2196, 'OFICINA PRINCIPAL LA PLATA', 'LA PLATA OFICINA  PARQUE', 'YULEIDY ALEJANDRA GUAR', '2022-08-31', '2022-08-01', 1, 3, 'Disponible'),
(946, 40, 40003, 79, 'OFICINA PRINCIPAL LA PLATA', 'LA POLA', 'YASMIN QUINTERO', '2022-08-31', '2022-08-01', 7, 3, 'Disponible'),
(947, 40, 40004, 82, 'OFICINA PRINCIPAL LA PLATA', 'EL OBRERO', 'MARIA FERNANDA URREA', '2022-08-31', '2022-08-01', 8, 3, 'Disponible'),
(948, 40, 40005, 3879, 'OFICINA PRINCIPAL LA PLATA', 'SAN RAFAEL', 'MARINELA HERRERA', '2022-08-31', '2022-08-01', 8, 3, 'Disponible'),
(949, 40, 40005, 1660, 'OFICINA PRINCIPAL LA PLATA', 'SAN RAFAEL', 'SANDRA MILENA    GUTIERREZ', '2022-08-31', '2022-08-01', 2, 3, 'Disponible'),
(950, 40, 40006, 3946, 'OFICINA PRINCIPAL LA PLATA', 'LA  AVENIDA-SAN ANTONIO', 'YEIMMY LIZETH BARRIGA', '2022-08-31', '2022-08-01', 8, 3, 'Disponible'),
(951, 40, 40006, 4664, 'OFICINA PRINCIPAL LA PLATA', 'LA  AVENIDA-SAN ANTONIO', 'BLANCA YAMILETH CARDENAS', '2022-08-31', '2022-08-01', 8, 3, 'Disponible'),
(952, 40, 40009, 2760, 'OFICINA PRINCIPAL LA PLATA', 'SAN SEBASTIAN', 'MARIA ISABEL BUITRON', '2022-08-31', '2022-08-01', 8, 3, 'Disponible'),
(953, 40, 40009, 2760, 'OFICINA PRINCIPAL LA PLATA', 'SAN SEBASTIAN', 'MARIA ISABEL BUITRON', '2022-08-31', '2022-08-01', 23, 3, 'Disponible'),
(954, 40, 40003, 2244, 'OFICINA PRINCIPAL LA PLATA', 'LA POLA', 'LIDA YASMIN BERMUDES', '2022-08-31', '2022-08-01', 13, 3, 'Disponible'),
(955, 40, 40002, 3879, 'OFICINA PRINCIPAL LA PLATA', 'GALERIA', 'MARINELA HERRERA', '2022-08-31', '2022-08-01', 12, 3, 'Disponible'),
(956, 56, 56001, 3961, 'OFICINA LA ARGENTINA', 'LA ARGENTINA OFICINA PRINCIPAL', 'JENNIFFER DEL PILAR ARENAS', '2022-08-31', '2022-08-01', 17, 3, 'Disponible'),
(957, 56, 56001, 809, 'OFICINA LA ARGENTINA', 'LA ARGENTINA OFICINA PRINCIPAL', 'ANDREA MAGNOLIA ARIAS', '2022-08-31', '2022-08-01', 10, 3, 'Disponible'),
(958, 56, 56001, 809, 'OFICINA LA ARGENTINA', 'LA ARGENTINA OFICINA PRINCIPAL', 'ANDREA MAGNOLIA ARIAS', '2022-08-31', '2022-08-01', 13, 3, 'Disponible'),
(959, 27, 27003, 4673, 'OFICINA ALGECIRAS', 'HOTEL TOLIMA', 'JEIDY JOHANNA GUEVARA', '2022-08-31', '2022-08-01', 17, 3, 'Disponible'),
(960, 27, 27003, 1124, 'OFICINA ALGECIRAS', 'HOTEL TOLIMA', 'LORENA SARMINA HERNANDEZ', '2022-08-31', '2022-08-01', 12, 3, 'Disponible'),
(961, 37, 37001, 65, 'OFICINA HOBO', 'HOBO OFICINA PRINCIPAL', 'SAUL SUAZA', '2022-08-31', '2022-08-01', 14, 3, 'Disponible'),
(962, 1, 2034, 3659, 'OFICINA PPAL NEIVA CENTRO SUR', 'ALTICO', 'ANYI TATIANA  CHACON', '2022-09-03', '2022-08-03', 2, 1, 'Disponible'),
(963, 37, 37001, 394, 'OFICINA HOBO', 'HOBO OFICINA PRINCIPAL', 'YURI JOVEN', '2022-08-30', '2022-07-31', 17, 3, 'Eliminado'),
(964, 37, 37002, 943, 'OFICINA HOBO', 'PLAZAS ALCID', 'YISELA  CALDERON ', '2022-08-30', '2022-07-31', 8, 3, 'Eliminado'),
(965, 37, 37002, 943, 'OFICINA HOBO', 'PLAZAS ALCID', 'YISELA  CALDERON ', '2022-08-30', '2022-07-31', 12, 3, 'Eliminado'),
(966, 57, 57001, 2348, 'OFICINA NATAGA', 'NATAGA OFICINA PRINCIPAL', 'MAIRA YULISA PEREZ', '2022-08-31', '2022-08-01', 8, 3, 'Disponible'),
(967, 57, 57001, 2348, 'OFICINA NATAGA', 'NATAGA OFICINA PRINCIPAL', 'MAIRA YULISA PEREZ', '2022-08-31', '2022-08-01', 13, 3, 'Disponible'),
(968, 57, 57001, 3471, 'OFICINA NATAGA', 'NATAGA OFICINA PRINCIPAL', 'DIANA PAOLA CHACUE ', '2022-08-31', '2022-08-01', 17, 3, 'Disponible'),
(969, 55, 55001, 90, 'OFICINA PAICOL', 'PAICOL OFICINA PRINCIPAL', 'IDANIS MEDINA', '2022-08-31', '2022-08-01', 8, 3, 'Disponible'),
(970, 55, 55001, 90, 'OFICINA PAICOL', 'PAICOL OFICINA PRINCIPAL', 'IDANIS MEDINA', '2022-08-31', '2022-08-01', 12, 3, 'Disponible'),
(971, 55, 55001, 2202, 'OFICINA PAICOL', 'PAICOL OFICINA PRINCIPAL', 'TATIANA CERQUERA', '2022-08-31', '2022-08-01', 32, 3, 'Disponible'),
(972, 40, 40001, 72, 'OFICINA PRINCIPAL LA PLATA', 'LA PLATA OFICINA PRINCIPAL', 'DERLY SOFIA ARAUJO', '2022-08-31', '2022-08-01', 25, 3, 'Disponible'),
(973, 40, 40001, 72, 'OFICINA PRINCIPAL LA PLATA', 'LA PLATA OFICINA PRINCIPAL', 'DERLY SOFIA ARAUJO', '2022-08-31', '2022-08-01', 80, 3, 'Disponible'),
(974, 35, 35001, 61, 'OFICINA GIGANTE', 'OFICNA PRINCIPAL ', 'DIANA MARCELA CABRERA', '2022-08-31', '2022-08-01', 81, 3, 'Disponible'),
(976, 17, 14002, 218, 'LA VICTORIA OFICINA PRINCIPAL', 'SAN ALFONSO', 'JULIO CESAR PULECIO', '2022-08-31', '2022-08-01', 45, 4, 'Disponible'),
(977, 1, 1056, 2424, 'OFICINA PPAL NEIVA CENTRO SUR', 'LOS LUJOS', 'NARLY YASMIN CASTRO', '2022-08-31', '2022-08-03', 8, 1, 'Disponible'),
(978, 1, 1056, 2424, 'OFICINA PPAL NEIVA CENTRO SUR', 'LOS LUJOS', 'NARLY YASMIN CASTRO', '2022-08-31', '2022-08-03', 23, 1, 'Disponible'),
(979, 1, 1254, 537, 'OFICINA PPAL NEIVA CENTRO SUR', 'LA INMACULADA', 'SANDRA MILENA QUINAYAS', '2022-08-31', '2022-08-03', 8, 1, 'Disponible'),
(980, 1, 1254, 537, 'OFICINA PPAL NEIVA CENTRO SUR', 'LA INMACULADA', 'SANDRA MILENA QUINAYAS', '2022-08-31', '2022-08-03', 12, 1, 'Disponible'),
(984, 11, 11002, 157, 'RIVERA OFICINA PRINCIPAL', 'LA ULLOA', 'LEONOR MOSQUERA', '2022-08-31', '2022-08-01', 13, 4, 'Disponible'),
(985, 64, 64001, 957, 'OFICINA BELEN', 'BELEN OFICINA PRINCIPAL', 'CECILIA ARANGO', '2022-09-28', '2022-09-06', 23, 3, 'Eliminado'),
(986, 20, 20001, 1976, 'OFICINA PRINCIPAL PITALITO', 'PITALITO OFICINA PRINCIPAL', 'ESPERANZA MORA', '2022-08-30', '2022-07-31', 82, 2, 'Eliminado'),
(994, 65, 65002, 410, 'OFICINA PITAL', 'ECUADOR', 'MARGOT GAITAN', '2022-08-31', '2022-08-01', 72, 3, 'Disponible'),
(995, 20, 20038, 2644, 'OFICINA PRINCIPAL PITALITO', 'CASA DEL HIERRO', 'DURLEY CRUZ', '2022-08-31', '2022-08-01', 2, 2, 'Disponible'),
(996, 64, 64001, 957, 'OFICINA BELEN', 'BELEN OFICINA PRINCIPAL', 'CECILIA ARANGO', '2022-08-31', '2022-08-01', 8, 3, 'Disponible'),
(997, 64, 64001, 957, 'OFICINA BELEN', 'BELEN OFICINA PRINCIPAL', 'CECILIA ARANGO', '2022-08-31', '2022-08-01', 23, 3, 'Disponible'),
(998, 25, 25001, 1914, 'OFICINA PPAL CAMPOALEGRE', 'CAMPOALEGRE OFICINA PRINCIPAL', 'CINDY CAROLINA GARZON', '2022-08-06', '2022-08-01', 6, 3, 'Disponible'),
(999, 35, 35002, 388, 'OFICINA GIGANTE', 'OFICINA PRINCIPAL-GALERIA', 'YANITH ZULEIMA POLANCO', '2022-08-31', '2022-08-01', 19, 3, 'Disponible'),
(1000, 35, 35002, 388, 'OFICINA GIGANTE', 'OFICINA PRINCIPAL-GALERIA', 'YANITH ZULEIMA POLANCO', '2022-08-31', '2022-08-01', 68, 3, 'Disponible'),
(1001, 32, 32006, 26, 'OFICINA PRINCIPAL GARZON', 'GALERIA', 'BEATRIZ CONTRERAS', '2022-08-30', '2022-07-31', 7, 3, 'Eliminado'),
(1002, 32, 32006, 2464, 'OFICINA PRINCIPAL GARZON', 'GALERIA', 'JHON ALEXANDER  SERRANO', '2022-08-31', '2022-08-01', 5, 3, 'Disponible'),
(1003, 32, 32007, 24, 'OFICINA PRINCIPAL GARZON', 'HOSPITAL', 'ANGELINA PINEDA', '2022-08-31', '2022-08-01', 8, 3, 'Disponible'),
(1004, 32, 32007, 24, 'OFICINA PRINCIPAL GARZON', 'HOSPITAL', 'ANGELINA PINEDA', '2022-08-31', '2022-08-01', 12, 3, 'Disponible'),
(1005, 32, 32018, 8, 'OFICINA PRINCIPAL GARZON', 'NUEVO HORIZONTE', 'LILIANA CUELLAR', '2022-08-31', '2022-08-01', 69, 3, 'Disponible'),
(1006, 32, 32005, 11, 'OFICINA PRINCIPAL GARZON', 'COMCEL', 'LEIDY LORENA LLANOS', '2022-08-31', '2022-08-01', 7, 3, 'Disponible'),
(1007, 32, 32025, 28, 'OFICINA PRINCIPAL GARZON', 'SEMINARIO MAYOR', 'MARTHA LUCIA BARRERA', '2022-08-30', '2022-07-31', 8, 3, 'Eliminado'),
(1008, 32, 32025, 28, 'OFICINA PRINCIPAL GARZON', 'SEMINARIO MAYOR', 'MARTHA LUCIA BARRERA', '2022-08-30', '2022-07-31', 13, 3, 'Eliminado'),
(1009, 32, 32023, 29, 'OFICINA PRINCIPAL GARZON', 'SENA', 'YUDILIA URBINA', '2022-08-31', '2022-08-01', 8, 3, 'Disponible'),
(1010, 32, 32023, 29, 'OFICINA PRINCIPAL GARZON', 'SENA', 'YUDILIA URBINA', '2022-08-31', '2022-08-01', 87, 3, 'Disponible'),
(1011, 32, 32020, 649, 'OFICINA PRINCIPAL GARZON', 'MINUTO DE DIOS', 'LIDA VERONICA FIERRO', '2022-08-31', '2022-08-01', 8, 3, 'Disponible'),
(1012, 32, 32020, 649, 'OFICINA PRINCIPAL GARZON', 'MINUTO DE DIOS', 'LIDA VERONICA FIERRO', '2022-08-31', '2022-08-01', 12, 3, 'Disponible'),
(1013, 32, 32018, 8, 'OFICINA PRINCIPAL GARZON', 'NUEVO HORIZONTE', 'LILIANA CUELLAR', '2022-08-31', '2022-08-01', 86, 3, 'Disponible'),
(1014, 32, 32001, 30, 'OFICINA PRINCIPAL GARZON', 'GARZON OFICINA PRINCIPAL', 'ROSA MARIA YANDE', '2022-08-31', '2022-08-01', 10, 3, 'Disponible'),
(1015, 32, 32001, 30, 'OFICINA PRINCIPAL GARZON', 'GARZON OFICINA PRINCIPAL', 'ROSA MARIA YANDE', '2022-08-31', '2022-08-01', 9, 3, 'Disponible'),
(1016, 32, 32001, 20, 'OFICINA PRINCIPAL GARZON', 'GARZON OFICINA PRINCIPAL', 'ALEYDA MONTES', '2022-08-31', '2022-08-01', 3, 3, 'Disponible'),
(1017, 32, 32001, 20, 'OFICINA PRINCIPAL GARZON', 'GARZON OFICINA PRINCIPAL', 'ALEYDA MONTES', '2022-08-31', '2022-08-01', 18, 3, 'Disponible'),
(1018, 20, 20012, 4040, 'OFICINA PRINCIPAL PITALITO', 'SERVIMAS ', 'YESSICA LISETH MORENO', '2022-08-31', '2022-08-01', 8, 2, 'Disponible'),
(1019, 20, 20012, 4040, 'OFICINA PRINCIPAL PITALITO', 'SERVIMAS ', 'YESSICA LISETH MORENO', '2022-08-31', '2022-08-01', 13, 2, 'Disponible'),
(1020, 20, 20015, 3989, 'OFICINA PRINCIPAL PITALITO', 'ELECTRIFICADORA', 'MARLIN GISELLA MUÑOZ', '2022-08-30', '2022-07-31', 8, 2, 'Eliminado'),
(1021, 20, 20015, 3989, 'OFICINA PRINCIPAL PITALITO', 'ELECTRIFICADORA', 'MARLIN GISELLA MUÑOZ', '2022-08-30', '2022-07-31', 46, 2, 'Eliminado'),
(1022, 20, 20019, 1650, 'OFICINA PRINCIPAL PITALITO', 'LOS PINOS', 'AURA  ENEDI BOHORQUEZ ', '2022-08-30', '2022-07-31', 17, 2, 'Eliminado'),
(1023, 20, 20006, 4741, 'OFICINA PRINCIPAL PITALITO', 'GALERIA', 'ALEJANDRA ARTUNDUAGA', '2022-08-30', '2022-07-31', 17, 2, 'Eliminado'),
(1024, 20, 20001, 1197, 'OFICINA PRINCIPAL PITALITO', 'PITALITO OFICINA PRINCIPAL', 'ANYELA VERONICA PALACIOS ', '2022-08-30', '2022-07-31', 75, 2, 'Eliminado'),
(1025, 18, 18003, 181, 'YAGUARA OFICINA PRINCIPAL', 'AVENIDA PRINCIPAL', 'DAMARIS CAROLINA VALDERRAMA', '2022-08-31', '2022-08-01', 8, 4, 'Disponible'),
(1026, 18, 18003, 181, 'YAGUARA OFICINA PRINCIPAL', 'AVENIDA PRINCIPAL', 'DAMARIS CAROLINA VALDERRAMA', '2022-08-31', '2022-08-01', 13, 4, 'Disponible'),
(1027, 18, 18001, 184, 'YAGUARA OFICINA PRINCIPAL', 'YAGUARA OFICINA PRINCIPAL', 'FRANCY JOHANA RAMIREZ', '2022-08-31', '2022-08-01', 17, 4, 'Disponible'),
(1028, 18, 18001, 182, 'YAGUARA OFICINA PRINCIPAL', 'YAGUARA OFICINA PRINCIPAL', 'YANETH IBAÑEZ', '2022-08-31', '2022-08-01', 12, 4, 'Disponible'),
(1029, 76, 76001, 4341, 'OFICINA TARQUI', 'TARQUI OFICINA PRINCIPAL', 'CARLA FABIANA ORTIZ ', '2022-08-13', '2022-08-01', 17, 2, 'Disponible'),
(1030, 76, 76001, 167, 'OFICINA TARQUI', 'TARQUI OFICINA PRINCIPAL', 'ERIKA LILIANA NUÑEZ', '2022-08-13', '2022-08-01', 2, 2, 'Disponible'),
(1031, 76, 76001, 167, 'OFICINA TARQUI', 'TARQUI OFICINA PRINCIPAL', 'ERIKA LILIANA NUÑEZ', '2022-08-31', '2022-08-16', 17, 2, 'Disponible'),
(1032, 76, 76001, 4341, 'OFICINA TARQUI', 'TARQUI OFICINA PRINCIPAL', 'CARLA FABIANA ORTIZ ', '2022-08-31', '2022-08-16', 2, 2, 'Disponible'),
(1033, 76, 76001, 168, 'OFICINA TARQUI', 'TARQUI OFICINA PRINCIPAL', 'FABIO NELSON ORTIZ', '2022-08-31', '2022-08-01', 8, 2, 'Disponible'),
(1034, 76, 76001, 168, 'OFICINA TARQUI', 'TARQUI OFICINA PRINCIPAL', 'FABIO NELSON ORTIZ', '2022-08-31', '2022-08-01', 12, 2, 'Disponible'),
(1035, 10, 10002, 3669, 'AIPE OFICINA PRINCIPAL', 'GALERIAS', 'FRANCY ESPERANZA MUÑOZ ', '2022-08-31', '2022-08-01', 25, 4, 'Disponible'),
(1036, 10, 10002, 3669, 'AIPE OFICINA PRINCIPAL', 'GALERIAS', 'FRANCY ESPERANZA MUÑOZ ', '2022-08-31', '2022-08-01', 29, 4, 'Disponible'),
(1037, 14, 14001, 638, 'VILLAVIEJA OFICINA PRINCIPAL', 'VILLAVIEJA OFICINA PRINCIPAL', 'LIDA YANETH BARRETO', '2022-08-31', '2022-08-01', 8, 4, 'Disponible'),
(1038, 14, 14001, 638, 'VILLAVIEJA OFICINA PRINCIPAL', 'VILLAVIEJA OFICINA PRINCIPAL', 'LIDA YANETH BARRETO', '2022-08-31', '2022-08-01', 12, 4, 'Disponible'),
(1039, 1, 2021, 4528, 'OFICINA PPAL NEIVA CENTRO SUR', 'LAS VEGAS', 'LIZETH KARINA NARVAEZ', '2022-08-31', '2022-08-01', 2, 1, 'Disponible'),
(1040, 1, 1012, 1342, 'OFICINA PPAL NEIVA CENTRO SUR', 'CAMELLON DE LA 14', 'LADY KATHERINE  MENDEZ', '2022-08-31', '2022-08-01', 7, 1, 'Disponible'),
(1041, 20, 20038, 137, 'OFICINA PRINCIPAL PITALITO', 'CASA DEL HIERRO', 'YOHANA BELTRAN', '2022-08-31', '2022-08-01', 8, 2, 'Disponible'),
(1042, 20, 20004, 137, 'OFICINA PRINCIPAL PITALITO', 'BINGO LA CUARTA', 'YOHANA BELTRAN', '2022-08-31', '2022-08-01', 12, 2, 'Disponible'),
(1043, 20, 20019, 1300, 'OFICINA PRINCIPAL PITALITO', 'LOS PINOS', 'YUBELI ANDREA  GASCA ', '2022-08-30', '2022-07-31', 24, 2, 'Pendiente'),
(1044, 20, 20002, 1650, 'OFICINA PRINCIPAL PITALITO', 'CSC', 'AURA  ENEDI BOHORQUEZ ', '2022-08-31', '2022-08-01', 8, 2, 'Disponible'),
(1045, 20, 20002, 1650, 'OFICINA PRINCIPAL PITALITO', 'CSC', 'AURA  ENEDI BOHORQUEZ ', '2022-08-30', '2022-07-31', 8, 2, 'Eliminado'),
(1046, 20, 20002, 1650, 'OFICINA PRINCIPAL PITALITO', 'CSC', 'AURA  ENEDI BOHORQUEZ ', '2022-08-31', '2022-08-01', 12, 2, 'Disponible'),
(1047, 12, 12001, 2750, 'PALERMO OFICINA PRINCIPAL', 'PALERMO OFICINA PRINCIPAL', 'CLAUDIA MILENA PRIETO', '2022-08-31', '2022-08-01', 2, 4, 'Disponible'),
(1048, 21, 21001, 359, 'OFICINA SAN AGUSTIN', 'SAN AGUSTIN OFICINA PRINCIPAL', 'ELIANA ESTEFANI CHILITO', '2022-08-30', '2022-07-31', 17, 2, 'Pendiente'),
(1049, 21, 21001, 162, 'OFICINA SAN AGUSTIN', 'SAN AGUSTIN OFICINA PRINCIPAL', 'DEIMAR HUGO MUÑOZ', '2022-08-31', '2022-08-01', 8, 2, 'Disponible'),
(1050, 21, 21001, 162, 'OFICINA SAN AGUSTIN', 'SAN AGUSTIN OFICINA PRINCIPAL', 'DEIMAR HUGO MUÑOZ', '2022-08-31', '2022-08-01', 12, 2, 'Disponible'),
(1051, 21, 21001, 643, 'OFICINA SAN AGUSTIN', 'SAN AGUSTIN OFICINA PRINCIPAL', 'MARIA NANCY JIMENEZ', '2022-08-31', '2022-08-01', 2, 2, 'Disponible'),
(1052, 21, 21001, 3299, 'OFICINA SAN AGUSTIN', 'SAN AGUSTIN OFICINA PRINCIPAL', 'LEIDY PAOLA JIMENEZ', '2022-08-31', '2022-08-01', 8, 2, 'Disponible'),
(1053, 21, 21001, 3299, 'OFICINA SAN AGUSTIN', 'SAN AGUSTIN OFICINA PRINCIPAL', 'LEIDY PAOLA JIMENEZ', '2022-08-31', '2022-08-01', 13, 2, 'Disponible'),
(1054, 21, 21002, 4226, 'OFICINA SAN AGUSTIN', 'HOSPITAL SAN AGUSTIN', 'KAROL VIVIANA CORDOBA', '2022-08-31', '2022-08-01', 45, 2, 'Disponible'),
(1055, 21, 21002, 4226, 'OFICINA SAN AGUSTIN', 'HOSPITAL SAN AGUSTIN', 'KAROL VIVIANA CORDOBA', '2022-08-31', '2022-08-01', 59, 2, 'Disponible'),
(1056, 20, 20030, 4770, 'OFICINA PRINCIPAL PITALITO', 'SURGAS', 'ERIKA ROCIO POLANIA', '2022-08-31', '2022-08-01', 8, 2, 'Disponible'),
(1057, 20, 20030, 4770, 'OFICINA PRINCIPAL PITALITO', 'SURGAS', 'ERIKA ROCIO POLANIA', '2022-08-31', '2022-08-01', 46, 2, 'Disponible'),
(1058, 20, 20012, 4741, 'OFICINA PRINCIPAL PITALITO', 'SERVIMAS ', 'ALEJANDRA ARTUNDUAGA', '2022-08-31', '2022-08-01', 8, 2, 'Disponible'),
(1059, 20, 20012, 4741, 'OFICINA PRINCIPAL PITALITO', 'SERVIMAS ', 'ALEJANDRA ARTUNDUAGA', '2022-08-31', '2022-08-01', 13, 2, 'Disponible'),
(1060, 20, 20038, 3989, 'OFICINA PRINCIPAL PITALITO', 'CASA DEL HIERRO', 'MARLIN GISELLA MUÑOZ', '2022-08-31', '2022-08-01', 2, 2, 'Disponible'),
(1061, 20, 20015, 4558, 'OFICINA PRINCIPAL PITALITO', 'ELECTRIFICADORA', 'KATERINE BARRERA', '2022-08-31', '2022-08-01', 46, 2, 'Disponible'),
(1062, 51, 51001, 43, 'OFICINA BARAYA', 'BARAYA OFICINA PRINCIPAL', 'AMPARO ORTIZ', '2022-08-30', '2022-07-31', 39, 4, 'Eliminado'),
(1063, 51, 51001, 43, 'OFICINA BARAYA', 'BARAYA OFICINA PRINCIPAL', 'AMPARO ORTIZ', '2022-08-31', '2022-08-01', 39, 4, 'Disponible'),
(1064, 51, 51001, 1666, 'OFICINA BARAYA', 'BARAYA OFICINA PRINCIPAL', 'YESICA ALEJANDRA   SANCHEZ', '2022-08-31', '2022-08-01', 45, 4, 'Disponible'),
(1065, 51, 51001, 1666, 'OFICINA BARAYA', 'BARAYA OFICINA PRINCIPAL', 'YESICA ALEJANDRA   SANCHEZ', '2022-08-31', '2022-08-01', 38, 4, 'Disponible'),
(1066, 19, 19001, 2758, 'OFICINA BRUSELAS', 'BRUSELAS OFICINA PRINCIPAL', 'INGRID DAYANA RUBIANO', '2022-08-31', '2022-08-01', 2, 2, 'Disponible'),
(1067, 19, 19004, 2946, 'OFICINA BRUSELAS', 'TIENDA VARGAS', 'JORGE EDUARDO HERNANDEZ', '2022-08-31', '2022-08-01', 8, 2, 'Disponible'),
(1068, 19, 19004, 2946, 'OFICINA BRUSELAS', 'TIENDA VARGAS', 'JORGE EDUARDO HERNANDEZ', '2022-08-31', '2022-08-01', 13, 2, 'Disponible'),
(1069, 78, 78001, 585, 'OFICINA FORTALECILLAS', 'FORTALECILLAS OFICINA PRINCIPAL', 'DIGNORY OLAYA', '2022-08-31', '2022-08-01', 25, 4, 'Disponible'),
(1070, 78, 78001, 585, 'OFICINA FORTALECILLAS', 'FORTALECILLAS OFICINA PRINCIPAL', 'DIGNORY OLAYA', '2022-08-31', '2022-08-01', 42, 4, 'Disponible'),
(1071, 78, 78001, 1870, 'OFICINA FORTALECILLAS', 'FORTALECILLAS OFICINA PRINCIPAL', 'ADRIANA FERNANDA ZUÑIGA ', '2022-08-31', '2022-08-01', 2, 4, 'Disponible'),
(1072, 80, 80001, 48, 'OFICINA CAGUAN', 'CAGUAN OFICINA PRINCIPAL', 'FRANCY YURANY QUINTERO', '2022-08-22', '2022-08-01', 3, 4, 'Disponible'),
(1073, 80, 80001, 48, 'OFICINA CAGUAN', 'CAGUAN OFICINA PRINCIPAL', 'FRANCY YURANY QUINTERO', '2022-08-22', '2022-08-01', 12, 4, 'Disponible'),
(1074, 80, 80001, 2714, 'OFICINA CAGUAN', 'CAGUAN OFICINA PRINCIPAL', 'MICHELLE DAYANA  HERNANDEZ', '2022-08-31', '2022-08-01', 1, 4, 'Disponible'),
(1075, 35, 35001, 971, 'OFICINA GIGANTE', 'OFICNA PRINCIPAL ', 'VIVIANA MARCELA POLANCO', '2022-08-31', '2022-08-01', 6, 3, 'Disponible'),
(1076, 34, 34001, 1199, 'OFICINA ALTAMIRA', 'ALTAMIRA OFICINA PRINCIPAL', 'ANYI BANESSA GONZALEZ', '2022-08-31', '2022-08-01', 28, 2, 'Disponible'),
(1077, 34, 34001, 1199, 'OFICINA ALTAMIRA', 'ALTAMIRA OFICINA PRINCIPAL', 'ANYI BANESSA GONZALEZ', '2022-08-31', '2022-08-01', 42, 2, 'Disponible'),
(1078, 34, 34001, 4330, 'OFICINA ALTAMIRA', 'ALTAMIRA OFICINA PRINCIPAL', 'NATHALIA  ANDREA UMAÑA', '2022-08-31', '2022-08-01', 2, 2, 'Disponible'),
(1079, 37, 37002, 394, 'OFICINA HOBO', 'PLAZAS ALCID', 'YURI JOVEN', '2022-08-30', '2022-07-31', 8, 3, 'Eliminado'),
(1080, 37, 37002, 394, 'OFICINA HOBO', 'PLAZAS ALCID', 'YURI JOVEN', '2022-08-30', '2022-07-31', 12, 3, 'Eliminado'),
(1081, 37, 37001, 943, 'OFICINA HOBO', 'HOBO OFICINA PRINCIPAL', 'YISELA  CALDERON ', '2022-08-30', '2022-07-31', 17, 3, 'Eliminado'),
(1082, 24, 24002, 941, 'OFICINA ACEVEDO', 'GALERIA ACEVEDO', 'MARLOBY MURCIA ', '2022-08-31', '2022-08-01', 13, 2, 'Disponible'),
(1083, 11, 11006, 2102, 'RIVERA OFICINA PRINCIPAL', 'ALCALDIA RIVERA', 'CLAUDIA MILENA CARDOZO', '2022-08-31', '2022-08-01', 12, 4, 'Disponible'),
(1084, 11, 11001, 156, 'RIVERA OFICINA PRINCIPAL', 'RIVERA OFICINA PRINCIPAL', 'YOJANA ANDREA CARDOZO', '2022-08-31', '2022-08-01', 6, 4, 'Disponible'),
(1085, 36, 36001, 84, 'OFICINA MAITO', 'MAITO OFICINA PRINCIPAL', 'MARIA LORENA CORTES', '2022-08-31', '2022-08-01', 8, 2, 'Disponible'),
(1086, 36, 36001, 84, 'OFICINA MAITO', 'MAITO OFICINA PRINCIPAL', 'MARIA LORENA CORTES', '2022-08-31', '2022-08-01', 13, 2, 'Disponible'),
(1087, 26, 26001, 3377, 'OFICINA OPORAPA', 'OPORAPA OFICINA PRINCIPAL', 'VALENTINA MURCIA', '2022-08-31', '2022-08-01', 26, 2, 'Disponible'),
(1088, 26, 26001, 3377, 'OFICINA OPORAPA', 'OPORAPA OFICINA PRINCIPAL', 'VALENTINA MURCIA', '2022-08-31', '2022-08-01', 38, 2, 'Disponible'),
(1089, 26, 26001, 87, 'OFICINA OPORAPA', 'OPORAPA OFICINA PRINCIPAL', 'MATILDE PEÑA', '2022-08-31', '2022-08-01', 28, 2, 'Disponible'),
(1090, 26, 26001, 87, 'OFICINA OPORAPA', 'OPORAPA OFICINA PRINCIPAL', 'MATILDE PEÑA', '2022-08-31', '2022-08-01', 42, 2, 'Disponible'),
(1091, 54, 54001, 4691, 'OFICINA VEGALARGA', 'VEGALARGA OFICINA PRINCIPAL', 'KATHERYN JHOANA CARVAJAL', '2022-08-31', '2022-08-01', 23, 4, 'Disponible'),
(1092, 20, 20007, 3615, 'OFICINA PRINCIPAL PITALITO', 'MONTALLANTAS', 'SANDRA PATRICIA CLAROS ', '2022-08-31', '2022-08-01', 8, 2, 'Disponible'),
(1093, 20, 20007, 3615, 'OFICINA PRINCIPAL PITALITO', 'MONTALLANTAS', 'SANDRA PATRICIA CLAROS ', '2022-08-31', '2022-08-01', 46, 2, 'Disponible'),
(1094, 20, 20045, 3289, 'OFICINA PRINCIPAL PITALITO', 'DISTRIASEO', 'ELIZABETH VALDERRAMA', '2022-08-30', '2022-07-31', 8, 2, 'Eliminado'),
(1095, 20, 20045, 4401, 'OFICINA PRINCIPAL PITALITO', 'DISTRIASEO', 'ELISABETH MUÑOZ ', '2022-08-31', '2022-08-01', 23, 2, 'Disponible'),
(1096, 20, 20018, 4550, 'OFICINA PRINCIPAL PITALITO', 'GUACACALLO', 'SOFIA GONZALES', '2022-08-31', '2022-08-01', 8, 2, 'Disponible'),
(1097, 20, 20018, 4550, 'OFICINA PRINCIPAL PITALITO', 'GUACACALLO', 'SOFIA GONZALES', '2022-08-31', '2022-08-01', 13, 2, 'Disponible'),
(1098, 20, 20001, 4597, 'OFICINA PRINCIPAL PITALITO', 'PITALITO OFICINA PRINCIPAL', 'YINED PALADINEZ', '2022-08-31', '2022-08-01', 52, 2, 'Disponible'),
(1099, 20, 20045, 4401, 'OFICINA PRINCIPAL PITALITO', 'DISTRIASEO', 'ELISABETH MUÑOZ ', '2022-08-31', '2022-08-01', 8, 2, 'Disponible'),
(1100, 20, 20001, 4597, 'OFICINA PRINCIPAL PITALITO', 'PITALITO OFICINA PRINCIPAL', 'YINED PALADINEZ', '2022-08-31', '2022-08-01', 51, 2, 'Disponible'),
(1101, 35, 35003, 60, 'OFICINA GIGANTE', '8 DE MAYO', 'SANDRA MAGALY MANRIQUE', '2022-08-31', '2022-08-01', 8, 3, 'Disponible'),
(1102, 35, 35003, 60, 'OFICINA GIGANTE', '8 DE MAYO', 'SANDRA MAGALY MANRIQUE', '2022-08-31', '2022-08-01', 13, 3, 'Disponible');
INSERT INTO `asignar_turno_vendedor` (`id`, `id_oficina`, `id_sitio_venta`, `id_vendedor`, `nombre_oficina`, `nombre_sitio_venta`, `nombre_vendedor`, `fecha_final`, `fecha_inicio`, `id_turno`, `ide_subzona`, `estado`) VALUES
(1103, 35, 35004, 3387, 'OFICINA GIGANTE', 'PUENTE PEATONAL', 'JORDYS CAMILO RUBIO', '2022-08-31', '2022-08-01', 8, 3, 'Disponible'),
(1104, 35, 35004, 3387, 'OFICINA GIGANTE', 'PUENTE PEATONAL', 'JORDYS CAMILO RUBIO', '2022-08-31', '2022-08-01', 13, 3, 'Disponible'),
(1105, 35, 35001, 3179, 'OFICINA GIGANTE', 'OFICNA PRINCIPAL ', 'MAYRA ESTEFFANY ROJAS', '2022-08-30', '2022-07-31', 20, 3, 'Eliminado'),
(1106, 35, 35001, 3179, 'OFICINA GIGANTE', 'OFICNA PRINCIPAL ', 'MAYRA ESTEFFANY ROJAS', '2022-08-30', '2022-07-31', 25, 3, 'Eliminado'),
(1107, 37, 37001, 943, 'OFICINA HOBO', 'HOBO OFICINA PRINCIPAL', 'YISELA  CALDERON ', '2022-08-30', '2022-07-31', 8, 3, 'Eliminado'),
(1108, 37, 37001, 943, 'OFICINA HOBO', 'HOBO OFICINA PRINCIPAL', 'YISELA  CALDERON ', '2022-08-30', '2022-07-31', 12, 3, 'Eliminado'),
(1109, 37, 37002, 943, 'OFICINA HOBO', 'PLAZAS ALCID', 'YISELA  CALDERON ', '2022-08-31', '2022-08-01', 8, 3, 'Disponible'),
(1110, 37, 37002, 943, 'OFICINA HOBO', 'PLAZAS ALCID', 'YISELA  CALDERON ', '2022-08-31', '2022-08-01', 12, 3, 'Disponible'),
(1111, 37, 37001, 1848, 'OFICINA HOBO', 'HOBO OFICINA PRINCIPAL', 'KAROL JOHANA MEDINA', '2022-08-31', '2022-08-01', 17, 3, 'Disponible'),
(1112, 32, 32025, 9, 'OFICINA PRINCIPAL GARZON', 'SEMINARIO MAYOR', 'OSCAR IVAN VARGAS', '2022-08-31', '2022-08-01', 8, 3, 'Disponible'),
(1113, 32, 32025, 9, 'OFICINA PRINCIPAL GARZON', 'SEMINARIO MAYOR', 'OSCAR IVAN VARGAS', '2022-08-31', '2022-08-01', 13, 3, 'Disponible'),
(1114, 32, 32035, 1506, 'OFICINA PRINCIPAL GARZON', 'GUADUALES', 'DELIA  MILENA CHICA  ', '2022-08-31', '2022-08-01', 8, 3, 'Disponible'),
(1115, 32, 32035, 1506, 'OFICINA PRINCIPAL GARZON', 'GUADUALES', 'DELIA  MILENA CHICA  ', '2022-08-31', '2022-08-01', 12, 3, 'Disponible'),
(1116, 32, 32004, 26, 'OFICINA PRINCIPAL GARZON', 'COLACHO', 'BEATRIZ CONTRERAS', '2022-08-31', '2022-08-01', 6, 3, 'Disponible'),
(1117, 32, 32023, 6, 'OFICINA PRINCIPAL GARZON', 'SENA', 'NORFI MUÑOZ', '2022-08-31', '2022-08-01', 8, 3, 'Disponible'),
(1118, 32, 32023, 6, 'OFICINA PRINCIPAL GARZON', 'SENA', 'NORFI MUÑOZ', '2022-08-31', '2022-08-01', 87, 3, 'Disponible'),
(1119, 32, 32008, 3367, 'OFICINA PRINCIPAL GARZON', 'LAS MERCEDES', 'YISEL ALEXANDRA CEDIEL', '2022-08-31', '2022-08-01', 8, 3, 'Disponible'),
(1120, 32, 32008, 3367, 'OFICINA PRINCIPAL GARZON', 'LAS MERCEDES', 'YISEL ALEXANDRA CEDIEL', '2022-08-31', '2022-08-01', 12, 3, 'Disponible'),
(1121, 83, 83001, 1043, 'OFICINA ZULUAGA', 'PRINCIPAL ZULUAGA', 'RICAURTE  MENDEZ', '2022-08-31', '2022-08-01', 8, 3, 'Disponible'),
(1122, 83, 83001, 1043, 'OFICINA ZULUAGA', 'PRINCIPAL ZULUAGA', 'RICAURTE  MENDEZ', '2022-08-31', '2022-08-01', 23, 3, 'Disponible'),
(1123, 31, 31001, 3375, 'OFICINA SALADO BLANCO', 'SALADO BLANCO OFICINA PRINCIPAL', 'MONICA ANDREA ARCINIEGAS', '2022-08-31', '2022-08-01', 8, 2, 'Disponible'),
(1124, 31, 31001, 3375, 'OFICINA SALADO BLANCO', 'SALADO BLANCO OFICINA PRINCIPAL', 'MONICA ANDREA ARCINIEGAS', '2022-08-31', '2022-08-01', 12, 2, 'Disponible'),
(1125, 35, 35001, 3179, 'OFICINA GIGANTE', 'OFICNA PRINCIPAL ', 'MAYRA ESTEFFANY ROJAS', '2022-08-31', '2022-08-01', 19, 3, 'Disponible'),
(1126, 35, 35001, 3179, 'OFICINA GIGANTE', 'OFICNA PRINCIPAL ', 'MAYRA ESTEFFANY ROJAS', '2022-08-31', '2022-08-01', 20, 3, 'Disponible'),
(1127, 20, 20001, 1976, 'OFICINA PRINCIPAL PITALITO', 'PITALITO OFICINA PRINCIPAL', 'ESPERANZA MORA', '2022-08-31', '2022-08-01', 28, 2, 'Disponible'),
(1128, 10, 10001, 37, 'AIPE OFICINA PRINCIPAL', 'AIPE OFICINA PRINCIPAL', 'CLAUDIA MARCELA CHARRY', '2022-08-31', '2022-08-01', 25, 4, 'Disponible'),
(1129, 10, 10001, 37, 'AIPE OFICINA PRINCIPAL', 'AIPE OFICINA PRINCIPAL', 'CLAUDIA MARCELA CHARRY', '2022-08-31', '2022-08-01', 42, 4, 'Disponible'),
(1130, 22, 22001, 1068, 'OFICINA TIMANA', 'TIMANA OFICINA PRINCIPAL', 'NORMA CONSTANZA TORRES', '2022-09-30', '2022-09-01', 28, 2, 'Disponible'),
(1131, 22, 22001, 1068, 'OFICINA TIMANA', 'TIMANA OFICINA PRINCIPAL', 'NORMA CONSTANZA TORRES', '2022-09-30', '2022-09-01', 49, 2, 'Disponible'),
(1132, 22, 22001, 3202, 'OFICINA TIMANA', 'TIMANA OFICINA PRINCIPAL', 'SOLANYER MARIN', '2022-09-30', '2022-09-01', 24, 2, 'Disponible'),
(1133, 22, 22001, 177, 'OFICINA TIMANA', 'TIMANA OFICINA PRINCIPAL', 'MARIA JAZMIN CABRERA', '2022-09-30', '2022-09-01', 8, 2, 'Disponible'),
(1134, 22, 22001, 177, 'OFICINA TIMANA', 'TIMANA OFICINA PRINCIPAL', 'MARIA JAZMIN CABRERA', '2022-09-30', '2022-09-01', 22, 2, 'Disponible'),
(1135, 22, 22007, 1786, 'OFICINA TIMANA', 'LA TERCERA', 'MARIA CAMILA MUÑOZ', '2022-09-30', '2022-09-01', 17, 2, 'Disponible'),
(1136, 22, 22002, 175, 'OFICINA TIMANA', 'LA CUARTA', 'YESICA MILEDIS PEREZ', '2022-09-30', '2022-09-01', 2, 2, 'Disponible'),
(1137, 22, 22002, 1422, 'OFICINA TIMANA', 'LA CUARTA', 'KARY YURITZA BENAVIDES', '2022-09-30', '2022-09-01', 8, 2, 'Disponible'),
(1138, 22, 22007, 1422, 'OFICINA TIMANA', 'LA TERCERA', 'KARY YURITZA BENAVIDES', '2022-09-30', '2022-09-01', 12, 2, 'Disponible'),
(1139, 24, 24002, 941, 'OFICINA ACEVEDO', 'GALERIA ACEVEDO', 'MARLOBY MURCIA ', '2022-09-30', '2022-09-01', 8, 2, 'Disponible'),
(1140, 24, 24002, 941, 'OFICINA ACEVEDO', 'GALERIA ACEVEDO', 'MARLOBY MURCIA ', '2022-09-30', '2022-09-01', 13, 2, 'Disponible'),
(1141, 24, 24001, 1255, 'OFICINA ACEVEDO', 'ACEVEDO OFICINA PRINCIPAL', 'ANDREA YULIZA NAVARRETE', '2022-09-30', '2022-09-01', 8, 2, 'Disponible'),
(1142, 20, 20019, 137, 'OFICINA PRINCIPAL PITALITO', 'LOS PINOS', 'YOHANA BELTRAN', '2022-09-29', '2022-08-31', 24, 2, 'Eliminado'),
(1143, 20, 20036, 4712, 'OFICINA PRINCIPAL PITALITO', 'OLIMPICA JARDIN', 'LEIDY CAROLINA AGUDELO', '2022-09-30', '2022-09-01', 8, 2, 'Disponible'),
(1144, 20, 20036, 4712, 'OFICINA PRINCIPAL PITALITO', 'OLIMPICA JARDIN', 'LEIDY CAROLINA AGUDELO', '2022-09-30', '2022-09-01', 12, 2, 'Disponible'),
(1145, 24, 24001, 1255, 'OFICINA ACEVEDO', 'ACEVEDO OFICINA PRINCIPAL', 'ANDREA YULIZA NAVARRETE', '2022-09-30', '2022-09-01', 22, 2, 'Disponible'),
(1146, 20, 20008, 133, 'OFICINA PRINCIPAL PITALITO', 'SUPERMERCADO DE SIERRA', 'LUZ MILA ARIZA', '2022-09-30', '2022-09-01', 2, 2, 'Disponible'),
(1147, 20, 20002, 147, 'OFICINA PRINCIPAL PITALITO', 'CSC', '20AHIRA YESINET MONCADA', '2022-09-30', '2022-09-01', 8, 2, 'Disponible'),
(1148, 20, 20002, 147, 'OFICINA PRINCIPAL PITALITO', 'CSC', '20AHIRA YESINET MONCADA', '2022-09-30', '2022-09-01', 12, 2, 'Disponible'),
(1149, 20, 20004, 145, 'OFICINA PRINCIPAL PITALITO', 'BINGO LA CUARTA', 'FLOR AMPARO CARDONA', '2022-09-30', '2022-09-01', 17, 2, 'Disponible'),
(1150, 20, 20001, 1962, 'OFICINA PRINCIPAL PITALITO', 'PITALITO OFICINA PRINCIPAL', 'YALITZA CARVAJAL', '2022-09-30', '2022-09-01', 25, 2, 'Disponible'),
(1151, 20, 20001, 1962, 'OFICINA PRINCIPAL PITALITO', 'PITALITO OFICINA PRINCIPAL', 'YALITZA CARVAJAL', '2022-09-30', '2022-09-01', 49, 2, 'Disponible'),
(1152, 20, 20026, 3044, 'OFICINA PRINCIPAL PITALITO', 'SUPERMERCADO SAN ANTONIO', 'DEICY PAOLA CERON', '2022-09-29', '2022-08-31', 8, 2, 'Pendiente'),
(1153, 20, 20026, 3044, 'OFICINA PRINCIPAL PITALITO', 'SUPERMERCADO SAN ANTONIO', 'DEICY PAOLA CERON', '2022-09-30', '2022-09-01', 46, 2, 'Disponible'),
(1154, 20, 20037, 3149, 'OFICINA PRINCIPAL PITALITO', 'ESTACION BIOMAX', 'MONICA ALEJANDRA PUENTES', '2022-09-30', '2022-09-01', 8, 2, 'Disponible'),
(1155, 24, 24001, 4327, 'OFICINA ACEVEDO', 'ACEVEDO OFICINA PRINCIPAL', 'ANGIE XIMENA  MAJE', '2022-09-30', '2022-09-01', 28, 2, 'Disponible'),
(1156, 24, 24001, 4327, 'OFICINA ACEVEDO', 'ACEVEDO OFICINA PRINCIPAL', 'ANGIE XIMENA  MAJE', '2022-09-30', '2022-09-01', 88, 2, 'Disponible'),
(1157, 24, 24001, 4517, 'OFICINA ACEVEDO', 'ACEVEDO OFICINA PRINCIPAL', 'LEIDY JOHANA BARRAGAN', '2022-09-30', '2022-09-01', 24, 2, 'Disponible'),
(1158, 20, 20037, 3149, 'OFICINA PRINCIPAL PITALITO', 'ESTACION BIOMAX', 'MONICA ALEJANDRA PUENTES', '2022-09-30', '2022-09-01', 87, 2, 'Disponible'),
(1159, 24, 24005, 4096, 'OFICINA ACEVEDO', 'DROGUERIA LA ECONOMIA', 'ANYI NATALIA BONILLA', '2022-09-30', '2022-09-01', 28, 2, 'Disponible'),
(1160, 24, 24005, 4096, 'OFICINA ACEVEDO', 'DROGUERIA LA ECONOMIA', 'ANYI NATALIA BONILLA', '2022-09-30', '2022-09-01', 29, 2, 'Disponible'),
(1161, 24, 24005, 3601, 'OFICINA ACEVEDO', 'DROGUERIA LA ECONOMIA', 'EDNA ROCIO VARGAS', '2022-09-30', '2022-09-01', 8, 2, 'Disponible'),
(1162, 20, 20001, 1197, 'OFICINA PRINCIPAL PITALITO', 'PITALITO OFICINA PRINCIPAL', 'ANYELA VERONICA PALACIOS ', '2022-09-30', '2022-09-01', 6, 2, 'Disponible'),
(1163, 20, 20038, 1300, 'OFICINA PRINCIPAL PITALITO', 'CASA DEL HIERRO', 'YUBELI ANDREA  GASCA ', '2022-09-29', '2022-08-31', 8, 2, 'Pendiente'),
(1164, 24, 24005, 3601, 'OFICINA ACEVEDO', 'DROGUERIA LA ECONOMIA', 'EDNA ROCIO VARGAS', '2022-09-30', '2022-09-01', 37, 2, 'Disponible'),
(1165, 20, 20004, 1300, 'OFICINA PRINCIPAL PITALITO', 'BINGO LA CUARTA', 'YUBELI ANDREA  GASCA ', '2022-09-29', '2022-08-31', 12, 2, 'Pendiente'),
(1166, 20, 20038, 2644, 'OFICINA PRINCIPAL PITALITO', 'CASA DEL HIERRO', 'DURLEY CRUZ', '2022-09-29', '2022-08-31', 2, 2, 'Pendiente'),
(1167, 20, 20016, 1306, 'OFICINA PRINCIPAL PITALITO', ' LOS NOGALES', 'JHEIMY ALEXANDRA VIVEROS', '2022-09-30', '2022-09-01', 24, 2, 'Disponible'),
(1168, 20, 20002, 139, 'OFICINA PRINCIPAL PITALITO', 'CSC', 'CAROLINA CARVAJAL', '2022-09-30', '2022-09-01', 17, 2, 'Disponible'),
(1169, 20, 20002, 149, 'OFICINA PRINCIPAL PITALITO', 'CSC', 'ANGELICA MAZABEL', '2022-09-30', '2022-09-01', 6, 2, 'Disponible'),
(1170, 20, 20017, 2408, 'OFICINA PRINCIPAL PITALITO', 'PANORAMA', 'KERLY ZULEIMA TRIBIÑO', '2022-09-30', '2022-09-01', 8, 2, 'Disponible'),
(1171, 20, 20017, 2408, 'OFICINA PRINCIPAL PITALITO', 'PANORAMA', 'KERLY ZULEIMA TRIBIÑO', '2022-09-30', '2022-09-01', 41, 2, 'Disponible'),
(1172, 20, 20028, 135, 'OFICINA PRINCIPAL PITALITO', 'LOS GUADUALES', 'SONIA JUDITH ZUÑIGA', '2022-09-30', '2022-09-01', 8, 2, 'Disponible'),
(1173, 20, 20028, 135, 'OFICINA PRINCIPAL PITALITO', 'LOS GUADUALES', 'SONIA JUDITH ZUÑIGA', '2022-09-30', '2022-09-01', 46, 2, 'Disponible'),
(1174, 20, 20006, 108, 'OFICINA PRINCIPAL PITALITO', 'GALERIA', 'ANGELA YANGUMA', '2022-09-30', '2022-09-01', 47, 2, 'Disponible'),
(1175, 20, 20015, 1638, 'OFICINA PRINCIPAL PITALITO', 'ELECTRIFICADORA', 'NANCY  PAOLA   GIRON  ', '2022-09-30', '2022-09-01', 8, 2, 'Disponible'),
(1176, 20, 20015, 1638, 'OFICINA PRINCIPAL PITALITO', 'ELECTRIFICADORA', 'NANCY  PAOLA   GIRON  ', '2022-09-30', '2022-09-01', 46, 2, 'Disponible'),
(1177, 20, 20015, 1638, 'OFICINA PRINCIPAL PITALITO', 'ELECTRIFICADORA', 'NANCY  PAOLA   GIRON  ', '2022-09-29', '2022-08-31', 46, 2, 'Eliminado'),
(1178, 20, 20019, 1650, 'OFICINA PRINCIPAL PITALITO', 'LOS PINOS', 'AURA  ENEDI BOHORQUEZ ', '2022-09-29', '2022-08-31', 8, 2, 'Pendiente'),
(1179, 20, 20019, 1650, 'OFICINA PRINCIPAL PITALITO', 'LOS PINOS', 'AURA  ENEDI BOHORQUEZ ', '2022-09-29', '2022-08-31', 13, 2, 'Pendiente'),
(1180, 20, 20011, 1758, 'OFICINA PRINCIPAL PITALITO', 'SALIDA PALESTINA', 'LEIDY YULIETH GOMEZ', '2022-09-30', '2022-09-01', 2, 2, 'Disponible'),
(1181, 20, 20011, 936, 'OFICINA PRINCIPAL PITALITO', 'SALIDA PALESTINA', 'MARLY ROCIO REYES', '2022-09-29', '2022-08-31', 8, 2, 'Pendiente'),
(1182, 20, 20017, 936, 'OFICINA PRINCIPAL PITALITO', 'PANORAMA', 'MARLY ROCIO REYES', '2022-09-30', '2022-09-01', 22, 2, 'Disponible'),
(1183, 20, 20001, 1976, 'OFICINA PRINCIPAL PITALITO', 'PITALITO OFICINA PRINCIPAL', 'ESPERANZA MORA', '2022-09-30', '2022-09-01', 28, 2, 'Disponible'),
(1184, 20, 20001, 1976, 'OFICINA PRINCIPAL PITALITO', 'PITALITO OFICINA PRINCIPAL', 'ESPERANZA MORA', '2022-09-30', '2022-09-01', 42, 2, 'Disponible'),
(1185, 20, 20013, 3329, 'OFICINA PRINCIPAL PITALITO', 'TERMINAL DE TRANSPORTE', 'DIANA ROCIO SALAZAR', '2022-09-30', '2022-09-01', 8, 2, 'Disponible'),
(1186, 20, 20013, 3329, 'OFICINA PRINCIPAL PITALITO', 'TERMINAL DE TRANSPORTE', 'DIANA ROCIO SALAZAR', '2022-09-30', '2022-09-01', 13, 2, 'Disponible'),
(1187, 20, 20019, 3347, 'OFICINA PRINCIPAL PITALITO', 'LOS PINOS', 'FLORALBA AIDE MENESES', '2022-09-30', '2022-09-01', 43, 2, 'Disponible'),
(1188, 20, 20006, 3347, 'OFICINA PRINCIPAL PITALITO', 'GALERIA', 'FLORALBA AIDE MENESES', '2022-09-30', '2022-09-01', 53, 2, 'Disponible'),
(1189, 20, 20009, 1942, 'OFICINA PRINCIPAL PITALITO', 'PARQUE', 'CLAUDIA MERCEDES  LOPEZ ', '2022-09-30', '2022-09-01', 17, 2, 'Disponible'),
(1190, 20, 20016, 3609, 'OFICINA PRINCIPAL PITALITO', ' LOS NOGALES', 'KELLY JOHANA  CONGUTA', '2022-09-30', '2022-09-01', 8, 2, 'Disponible'),
(1191, 20, 20016, 3609, 'OFICINA PRINCIPAL PITALITO', ' LOS NOGALES', 'KELLY JOHANA  CONGUTA', '2022-09-30', '2022-09-01', 12, 2, 'Disponible'),
(1192, 20, 20018, 3615, 'OFICINA PRINCIPAL PITALITO', 'GUACACALLO', 'SANDRA PATRICIA CLAROS ', '2022-09-29', '2022-08-31', 8, 2, 'Pendiente'),
(1193, 20, 20018, 3615, 'OFICINA PRINCIPAL PITALITO', 'GUACACALLO', 'SANDRA PATRICIA CLAROS ', '2022-09-29', '2022-08-31', 23, 2, 'Pendiente'),
(1194, 20, 20001, 4040, 'OFICINA PRINCIPAL PITALITO', 'PITALITO OFICINA PRINCIPAL', 'YESSICA LISETH MORENO', '2022-09-29', '2022-08-31', 51, 2, 'Pendiente'),
(1195, 20, 20001, 4040, 'OFICINA PRINCIPAL PITALITO', 'PITALITO OFICINA PRINCIPAL', 'YESSICA LISETH MORENO', '2022-09-29', '2022-08-31', 52, 2, 'Pendiente'),
(1196, 20, 20009, 3989, 'OFICINA PRINCIPAL PITALITO', 'PARQUE', 'MARLIN GISELLA MUÑOZ', '2022-09-30', '2022-09-01', 13, 2, 'Disponible'),
(1197, 33, 33001, 1235, 'OFICINA GUADALUPE', 'GUADALUPE OFICINA PRINCIPAL', 'YULEIMY GUERRERO ', '2022-09-30', '2022-09-01', 17, 2, 'Disponible'),
(1198, 33, 33001, 4409, 'OFICINA GUADALUPE', 'GUADALUPE OFICINA PRINCIPAL', 'KAREN DAYANA JOVEN', '2022-09-30', '2022-09-01', 2, 2, 'Disponible'),
(1199, 33, 33001, 3667, 'OFICINA GUADALUPE', 'GUADALUPE OFICINA PRINCIPAL', 'SUCI QUIACHA', '2022-09-30', '2022-09-01', 3, 2, 'Disponible'),
(1200, 33, 33001, 3667, 'OFICINA GUADALUPE', 'GUADALUPE OFICINA PRINCIPAL', 'SUCI QUIACHA', '2022-09-30', '2022-09-01', 12, 2, 'Disponible'),
(1201, 33, 33002, 64, 'OFICINA GUADALUPE', 'BANCO AGRARIO', 'LUZ DARY CUELLAR', '2022-09-02', '2022-09-01', 28, 2, 'Disponible'),
(1202, 20, 20038, 137, 'OFICINA PRINCIPAL PITALITO', 'CASA DEL HIERRO', 'YOHANA BELTRAN', '2022-09-30', '2022-09-01', 8, 2, 'Disponible'),
(1203, 20, 20004, 137, 'OFICINA PRINCIPAL PITALITO', 'BINGO LA CUARTA', 'YOHANA BELTRAN', '2022-09-30', '2022-09-01', 12, 2, 'Disponible'),
(1204, 21, 21001, 359, 'OFICINA SAN AGUSTIN', 'SAN AGUSTIN OFICINA PRINCIPAL', 'ELIANA ESTEFANI CHILITO', '2022-09-30', '2022-09-01', 61, 2, 'Disponible'),
(1205, 21, 21001, 359, 'OFICINA SAN AGUSTIN', 'SAN AGUSTIN OFICINA PRINCIPAL', 'ELIANA ESTEFANI CHILITO', '2022-09-30', '2022-09-01', 56, 2, 'Disponible'),
(1206, 21, 21001, 162, 'OFICINA SAN AGUSTIN', 'SAN AGUSTIN OFICINA PRINCIPAL', 'DEIMAR HUGO MUÑOZ', '2022-09-30', '2022-09-01', 3, 2, 'Disponible'),
(1207, 21, 21001, 162, 'OFICINA SAN AGUSTIN', 'SAN AGUSTIN OFICINA PRINCIPAL', 'DEIMAR HUGO MUÑOZ', '2022-09-30', '2022-09-01', 22, 2, 'Disponible'),
(1208, 21, 21001, 3095, 'OFICINA SAN AGUSTIN', 'SAN AGUSTIN OFICINA PRINCIPAL', 'SINDY LORENA CUSPIAN', '2022-09-30', '2022-09-01', 24, 2, 'Disponible'),
(1209, 21, 21001, 643, 'OFICINA SAN AGUSTIN', 'SAN AGUSTIN OFICINA PRINCIPAL', 'MARIA NANCY JIMENEZ', '2022-09-30', '2022-09-01', 62, 2, 'Disponible'),
(1210, 21, 21004, 643, 'OFICINA SAN AGUSTIN', 'SAN JOSE', 'MARIA NANCY JIMENEZ', '2022-09-30', '2022-09-01', 12, 2, 'Disponible'),
(1211, 21, 21004, 3299, 'OFICINA SAN AGUSTIN', 'SAN JOSE', 'LEIDY PAOLA JIMENEZ', '2022-09-30', '2022-09-01', 17, 2, 'Disponible'),
(1212, 21, 21002, 4226, 'OFICINA SAN AGUSTIN', 'HOSPITAL SAN AGUSTIN', 'KAROL VIVIANA CORDOBA', '2022-09-30', '2022-09-01', 45, 2, 'Disponible'),
(1213, 19, 19001, 111, 'OFICINA BRUSELAS', 'BRUSELAS OFICINA PRINCIPAL', 'DIANA YISELA BAMBAGUE', '2022-09-30', '2022-09-01', 8, 2, 'Disponible'),
(1214, 19, 19001, 111, 'OFICINA BRUSELAS', 'BRUSELAS OFICINA PRINCIPAL', 'DIANA YISELA BAMBAGUE', '2022-09-30', '2022-09-01', 12, 2, 'Disponible'),
(1215, 19, 19001, 2758, 'OFICINA BRUSELAS', 'BRUSELAS OFICINA PRINCIPAL', 'INGRID DAYANA RUBIANO', '2022-09-30', '2022-09-01', 2, 2, 'Disponible'),
(1216, 19, 19004, 2946, 'OFICINA BRUSELAS', 'TIENDA VARGAS', 'JORGE EDUARDO HERNANDEZ', '2022-09-30', '2022-09-01', 8, 2, 'Disponible'),
(1217, 19, 19004, 2946, 'OFICINA BRUSELAS', 'TIENDA VARGAS', 'JORGE EDUARDO HERNANDEZ', '2022-09-30', '2022-09-01', 13, 2, 'Disponible'),
(1218, 37, 37001, 65, 'OFICINA HOBO', 'HOBO OFICINA PRINCIPAL', 'SAUL SUAZA', '2022-09-30', '2022-09-01', 14, 3, 'Disponible'),
(1219, 37, 37001, 1848, 'OFICINA HOBO', 'HOBO OFICINA PRINCIPAL', 'KAROL JOHANA MEDINA', '2022-09-30', '2022-09-01', 17, 3, 'Disponible'),
(1220, 37, 37002, 943, 'OFICINA HOBO', 'PLAZAS ALCID', 'YISELA  CALDERON ', '2022-09-30', '2022-09-01', 8, 3, 'Disponible'),
(1221, 37, 37002, 943, 'OFICINA HOBO', 'PLAZAS ALCID', 'YISELA  CALDERON ', '2022-09-30', '2022-09-01', 12, 3, 'Disponible'),
(1222, 10, 10001, 38, 'AIPE OFICINA PRINCIPAL', 'AIPE OFICINA PRINCIPAL', 'MARLY YOLIMA SERRANO', '2022-09-30', '2022-09-01', 2, 4, 'Disponible'),
(1223, 10, 10001, 1478, 'AIPE OFICINA PRINCIPAL', 'AIPE OFICINA PRINCIPAL', 'DARIS YALEIDA PABON ', '2022-09-30', '2022-09-01', 17, 4, 'Disponible'),
(1224, 10, 10001, 37, 'AIPE OFICINA PRINCIPAL', 'AIPE OFICINA PRINCIPAL', 'CLAUDIA MARCELA CHARRY', '2022-09-30', '2022-09-01', 25, 4, 'Disponible'),
(1225, 10, 10001, 37, 'AIPE OFICINA PRINCIPAL', 'AIPE OFICINA PRINCIPAL', 'CLAUDIA MARCELA CHARRY', '2022-09-30', '2022-09-01', 42, 4, 'Disponible'),
(1226, 10, 10002, 3669, 'AIPE OFICINA PRINCIPAL', 'GALERIAS', 'FRANCY ESPERANZA MUÑOZ ', '2022-09-30', '2022-09-01', 25, 4, 'Disponible'),
(1227, 20, 20011, 936, 'OFICINA PRINCIPAL PITALITO', 'SALIDA PALESTINA', 'MARLY ROCIO REYES', '2022-09-30', '2022-09-01', 8, 2, 'Disponible'),
(1228, 20, 20026, 3044, 'OFICINA PRINCIPAL PITALITO', 'SUPERMERCADO SAN ANTONIO', 'DEICY PAOLA CERON', '2022-09-30', '2022-09-01', 8, 2, 'Disponible'),
(1229, 20, 20009, 3989, 'OFICINA PRINCIPAL PITALITO', 'PARQUE', 'MARLIN GISELLA MUÑOZ', '2022-09-30', '2022-09-01', 8, 2, 'Disponible'),
(1230, 20, 20008, 4127, 'OFICINA PRINCIPAL PITALITO', 'SUPERMERCADO DE SIERRA', 'YASIRIS CUELLAR', '2022-09-30', '2022-09-01', 8, 2, 'Disponible'),
(1231, 20, 20009, 4127, 'OFICINA PRINCIPAL PITALITO', 'PARQUE', 'YASIRIS CUELLAR', '2022-09-30', '2022-09-01', 12, 2, 'Disponible'),
(1232, 20, 20010, 4405, 'OFICINA PRINCIPAL PITALITO', 'QUINCHE', 'MARTHA LILIANA ROMERO ', '2022-09-30', '2022-09-01', 54, 2, 'Disponible'),
(1233, 20, 20045, 4401, 'OFICINA PRINCIPAL PITALITO', 'DISTRIASEO', 'ELISABETH MUÑOZ ', '2022-09-30', '2022-09-01', 8, 2, 'Disponible'),
(1234, 20, 20045, 4401, 'OFICINA PRINCIPAL PITALITO', 'DISTRIASEO', 'ELISABETH MUÑOZ ', '2022-09-30', '2022-09-01', 23, 2, 'Disponible'),
(1235, 20, 20010, 4473, 'OFICINA PRINCIPAL PITALITO', 'QUINCHE', 'ARILED PERALTA', '2022-09-30', '2022-09-01', 10, 2, 'Disponible'),
(1236, 20, 20010, 4473, 'OFICINA PRINCIPAL PITALITO', 'QUINCHE', 'ARILED PERALTA', '2022-09-30', '2022-09-01', 13, 2, 'Disponible'),
(1237, 20, 20015, 4558, 'OFICINA PRINCIPAL PITALITO', 'ELECTRIFICADORA', 'KATERINE BARRERA', '2022-09-30', '2022-09-01', 8, 2, 'Disponible'),
(1238, 20, 20015, 4558, 'OFICINA PRINCIPAL PITALITO', 'ELECTRIFICADORA', 'KATERINE BARRERA', '2022-09-30', '2022-09-01', 46, 2, 'Disponible'),
(1239, 20, 20001, 4597, 'OFICINA PRINCIPAL PITALITO', 'PITALITO OFICINA PRINCIPAL', 'YINED PALADINEZ', '2022-09-30', '2022-09-01', 51, 2, 'Disponible'),
(1240, 20, 20001, 4597, 'OFICINA PRINCIPAL PITALITO', 'PITALITO OFICINA PRINCIPAL', 'YINED PALADINEZ', '2022-09-30', '2022-09-01', 52, 2, 'Disponible'),
(1241, 20, 20001, 4597, 'OFICINA PRINCIPAL PITALITO', 'PITALITO OFICINA PRINCIPAL', 'YINED PALADINEZ', '2022-09-30', '2022-09-01', 52, 2, 'Disponible'),
(1242, 20, 20042, 4610, 'OFICINA PRINCIPAL PITALITO', 'SAN MATEO', 'YEIMY JULIANA TORRES', '2022-09-30', '2022-09-01', 8, 2, 'Disponible'),
(1243, 20, 20042, 4610, 'OFICINA PRINCIPAL PITALITO', 'SAN MATEO', 'YEIMY JULIANA TORRES', '2022-09-30', '2022-09-01', 46, 2, 'Disponible'),
(1244, 20, 20040, 4619, 'OFICINA PRINCIPAL PITALITO', 'LA PRESENTACION', 'JENNIFER ÑAÑEZ', '2022-09-30', '2022-09-01', 50, 2, 'Disponible'),
(1245, 20, 20040, 4619, 'OFICINA PRINCIPAL PITALITO', 'LA PRESENTACION', 'JENNIFER ÑAÑEZ', '2022-09-30', '2022-09-01', 13, 2, 'Disponible'),
(1246, 20, 20020, 4743, 'OFICINA PRINCIPAL PITALITO', 'SAN ANTONIO', 'ERIKA CARVAJAL', '2022-09-30', '2022-09-01', 8, 2, 'Disponible'),
(1247, 20, 20020, 4743, 'OFICINA PRINCIPAL PITALITO', 'SAN ANTONIO', 'ERIKA CARVAJAL', '2022-09-30', '2022-09-01', 13, 2, 'Disponible'),
(1248, 20, 20043, 4745, 'OFICINA PRINCIPAL PITALITO', 'LOS CEDROS', 'MARICELA TORRES', '2022-09-30', '2022-09-01', 8, 2, 'Disponible'),
(1249, 20, 20043, 4745, 'OFICINA PRINCIPAL PITALITO', 'LOS CEDROS', 'MARICELA TORRES', '2022-09-30', '2022-09-01', 13, 2, 'Disponible'),
(1250, 20, 20030, 4770, 'OFICINA PRINCIPAL PITALITO', 'SURGAS', 'ERIKA ROCIO POLANIA', '2022-09-30', '2022-09-01', 8, 2, 'Disponible'),
(1251, 20, 20030, 4770, 'OFICINA PRINCIPAL PITALITO', 'SURGAS', 'ERIKA ROCIO POLANIA', '2022-09-30', '2022-09-01', 23, 2, 'Disponible'),
(1252, 20, 20019, 4822, 'OFICINA PRINCIPAL PITALITO', 'LOS PINOS', 'LEIDY MARIA BARBOSA ', '2022-09-30', '2022-09-01', 8, 2, 'Disponible'),
(1253, 20, 20019, 4822, 'OFICINA PRINCIPAL PITALITO', 'LOS PINOS', 'LEIDY MARIA BARBOSA ', '2022-09-30', '2022-09-01', 13, 2, 'Disponible'),
(1254, 20, 20006, 4824, 'OFICINA PRINCIPAL PITALITO', 'GALERIA', 'TANIA  TORRES MONTENEGRO', '2022-09-30', '2022-09-01', 53, 2, 'Disponible'),
(1255, 20, 20018, 2542, 'OFICINA PRINCIPAL PITALITO', 'GUACACALLO', 'DAINA  YURLEY TREJO', '2022-09-30', '2022-09-01', 8, 2, 'Disponible'),
(1256, 20, 20018, 2542, 'OFICINA PRINCIPAL PITALITO', 'GUACACALLO', 'DAINA  YURLEY TREJO', '2022-09-30', '2022-09-01', 13, 2, 'Disponible'),
(1257, 32, 32001, 3301, 'OFICINA PRINCIPAL GARZON', 'GARZON OFICINA PRINCIPAL', 'MARIA DEL PILAR MARTINEZ', '2022-09-30', '2022-09-01', 3, 3, 'Disponible'),
(1258, 32, 32001, 3301, 'OFICINA PRINCIPAL GARZON', 'GARZON OFICINA PRINCIPAL', 'MARIA DEL PILAR MARTINEZ', '2022-09-30', '2022-09-01', 9, 3, 'Disponible'),
(1259, 32, 32001, 23, 'OFICINA PRINCIPAL GARZON', 'GARZON OFICINA PRINCIPAL', 'EDILMA GOMEZ', '2022-09-30', '2022-09-01', 3, 3, 'Disponible'),
(1260, 32, 32001, 23, 'OFICINA PRINCIPAL GARZON', 'GARZON OFICINA PRINCIPAL', 'EDILMA GOMEZ', '2022-09-29', '2022-08-31', 3, 3, 'Pendiente'),
(1261, 32, 32001, 23, 'OFICINA PRINCIPAL GARZON', 'GARZON OFICINA PRINCIPAL', 'EDILMA GOMEZ', '2022-09-30', '2022-09-01', 9, 3, 'Disponible'),
(1262, 32, 32001, 1466, 'OFICINA PRINCIPAL GARZON', 'GARZON OFICINA PRINCIPAL', ' ZULY BARAHONA', '2022-09-30', '2022-09-01', 49, 3, 'Disponible'),
(1263, 32, 32001, 2818, 'OFICINA PRINCIPAL GARZON', 'GARZON OFICINA PRINCIPAL', 'LINA MARCELA CAMACHO', '2022-09-30', '2022-09-01', 83, 3, 'Disponible'),
(1264, 32, 32001, 2818, 'OFICINA PRINCIPAL GARZON', 'GARZON OFICINA PRINCIPAL', 'LINA MARCELA CAMACHO', '2022-09-30', '2022-09-01', 16, 3, 'Disponible'),
(1265, 32, 32001, 22, 'OFICINA PRINCIPAL GARZON', 'GARZON OFICINA PRINCIPAL', 'YANETH CONSTANZA RIVERA', '2022-09-30', '2022-09-01', 7, 3, 'Disponible'),
(1266, 32, 32035, 1506, 'OFICINA PRINCIPAL GARZON', 'GUADUALES', 'DELIA  MILENA CHICA  ', '2022-09-30', '2022-09-01', 8, 3, 'Disponible'),
(1267, 32, 32035, 1506, 'OFICINA PRINCIPAL GARZON', 'GUADUALES', 'DELIA  MILENA CHICA  ', '2022-09-30', '2022-09-01', 12, 3, 'Disponible'),
(1268, 32, 32004, 26, 'OFICINA PRINCIPAL GARZON', 'COLACHO', 'BEATRIZ CONTRERAS', '2022-09-30', '2022-09-01', 6, 3, 'Disponible'),
(1269, 32, 32004, 2464, 'OFICINA PRINCIPAL GARZON', 'COLACHO', 'JHON ALEXANDER  SERRANO', '2022-09-30', '2022-09-01', 11, 3, 'Disponible'),
(1270, 32, 32004, 18, 'OFICINA PRINCIPAL GARZON', 'COLACHO', 'MARISOL ARTUNDUAGA', '2022-09-30', '2022-09-01', 10, 3, 'Disponible'),
(1271, 32, 32023, 6, 'OFICINA PRINCIPAL GARZON', 'SENA', 'NORFI MUÑOZ', '2022-09-30', '2022-09-01', 8, 3, 'Disponible'),
(1272, 32, 32023, 6, 'OFICINA PRINCIPAL GARZON', 'SENA', 'NORFI MUÑOZ', '2022-09-30', '2022-09-01', 87, 3, 'Disponible'),
(1273, 32, 32002, 148, 'OFICINA PRINCIPAL GARZON', 'BINGO LA NOVENA', 'MARISOL AVILA', '2022-09-30', '2022-09-01', 6, 3, 'Disponible'),
(1274, 32, 32002, 1466, 'OFICINA PRINCIPAL GARZON', 'BINGO LA NOVENA', ' ZULY BARAHONA', '2022-09-30', '2022-09-01', 28, 3, 'Disponible'),
(1275, 32, 32025, 9, 'OFICINA PRINCIPAL GARZON', 'SEMINARIO MAYOR', 'OSCAR IVAN VARGAS', '2022-09-30', '2022-09-01', 8, 3, 'Disponible'),
(1276, 32, 32025, 9, 'OFICINA PRINCIPAL GARZON', 'SEMINARIO MAYOR', 'OSCAR IVAN VARGAS', '2022-09-30', '2022-09-01', 13, 3, 'Disponible'),
(1277, 32, 32006, 13, 'OFICINA PRINCIPAL GARZON', 'GALERIA', 'YULY TATIANA CHICA', '2022-09-30', '2022-09-01', 7, 3, 'Disponible'),
(1278, 32, 32006, 2464, 'OFICINA PRINCIPAL GARZON', 'GALERIA', 'JHON ALEXANDER  SERRANO', '2022-09-30', '2022-09-01', 5, 3, 'Disponible'),
(1279, 32, 32007, 24, 'OFICINA PRINCIPAL GARZON', 'HOSPITAL', 'ANGELINA PINEDA', '2022-09-30', '2022-09-01', 8, 3, 'Disponible'),
(1280, 32, 32007, 24, 'OFICINA PRINCIPAL GARZON', 'HOSPITAL', 'ANGELINA PINEDA', '2022-09-30', '2022-09-01', 12, 3, 'Disponible'),
(1281, 32, 32017, 21, 'OFICINA PRINCIPAL GARZON', 'LIMONAR', 'RUTH MIRYAM CARDENAS', '2022-09-30', '2022-09-01', 8, 3, 'Disponible'),
(1282, 32, 32018, 8, 'OFICINA PRINCIPAL GARZON', 'NUEVO HORIZONTE', 'LILIANA CUELLAR', '2022-09-30', '2022-09-01', 86, 3, 'Disponible'),
(1283, 32, 32018, 8, 'OFICINA PRINCIPAL GARZON', 'NUEVO HORIZONTE', 'LILIANA CUELLAR', '2022-09-30', '2022-09-01', 69, 3, 'Disponible'),
(1284, 32, 32019, 1362, 'OFICINA PRINCIPAL GARZON', 'LA JAGUA', 'DIANA BELEN FERNANDEZ', '2022-09-30', '2022-09-01', 8, 3, 'Disponible'),
(1285, 32, 32019, 1362, 'OFICINA PRINCIPAL GARZON', 'LA JAGUA', 'DIANA BELEN FERNANDEZ', '2022-09-30', '2022-09-01', 13, 3, 'Disponible'),
(1286, 32, 32005, 11, 'OFICINA PRINCIPAL GARZON', 'COMCEL', 'LEIDY LORENA LLANOS', '2022-09-30', '2022-09-01', 7, 3, 'Disponible'),
(1287, 32, 32005, 18, 'OFICINA PRINCIPAL GARZON', 'COMCEL', 'MARISOL ARTUNDUAGA', '2022-09-30', '2022-09-01', 13, 3, 'Disponible'),
(1288, 32, 32008, 3367, 'OFICINA PRINCIPAL GARZON', 'LAS MERCEDES', 'YISEL ALEXANDRA CEDIEL', '2022-09-30', '2022-09-01', 8, 3, 'Disponible'),
(1289, 32, 32008, 3367, 'OFICINA PRINCIPAL GARZON', 'LAS MERCEDES', 'YISEL ALEXANDRA CEDIEL', '2022-09-30', '2022-09-01', 12, 3, 'Disponible'),
(1290, 75, 75001, 166, 'OFICINA SUAZA', 'SUAZA OFICINA PRINCIPAL', 'MARTHA CECILIA SUAREZ', '2022-09-29', '2022-08-31', 8, 2, 'Pendiente'),
(1291, 75, 75001, 4058, 'OFICINA SUAZA', 'SUAZA OFICINA PRINCIPAL', 'ANGIE KATERIN PERDOMO', '2022-09-30', '2022-09-01', 17, 2, 'Disponible'),
(1292, 75, 75001, 165, 'OFICINA SUAZA', 'SUAZA OFICINA PRINCIPAL', 'NELSON ARTUNDUAGA', '2022-09-30', '2022-09-01', 8, 2, 'Disponible'),
(1293, 75, 75001, 165, 'OFICINA SUAZA', 'SUAZA OFICINA PRINCIPAL', 'NELSON ARTUNDUAGA', '2022-09-30', '2022-09-01', 9, 2, 'Disponible'),
(1294, 75, 75003, 4212, 'OFICINA SUAZA', 'SUPERMERCADO LA VEGUITA', 'CRISTINA CORREA', '2022-09-30', '2022-09-01', 8, 2, 'Disponible'),
(1295, 75, 75003, 4212, 'OFICINA SUAZA', 'SUPERMERCADO LA VEGUITA', 'CRISTINA CORREA', '2022-09-30', '2022-09-01', 12, 2, 'Disponible'),
(1296, 32, 32020, 649, 'OFICINA PRINCIPAL GARZON', 'MINUTO DE DIOS', 'LIDA VERONICA FIERRO', '2022-09-30', '2022-09-01', 8, 3, 'Disponible'),
(1297, 32, 32020, 649, 'OFICINA PRINCIPAL GARZON', 'MINUTO DE DIOS', 'LIDA VERONICA FIERRO', '2022-09-30', '2022-09-01', 12, 3, 'Disponible'),
(1298, 32, 32001, 30, 'OFICINA PRINCIPAL GARZON', 'GARZON OFICINA PRINCIPAL', 'ROSA MARIA YANDE', '2022-09-30', '2022-09-01', 10, 3, 'Disponible'),
(1299, 32, 32001, 30, 'OFICINA PRINCIPAL GARZON', 'GARZON OFICINA PRINCIPAL', 'ROSA MARIA YANDE', '2022-09-30', '2022-09-01', 9, 3, 'Disponible'),
(1300, 32, 32001, 20, 'OFICINA PRINCIPAL GARZON', 'GARZON OFICINA PRINCIPAL', 'ALEYDA MONTES', '2022-09-30', '2022-09-01', 3, 3, 'Disponible'),
(1301, 32, 32001, 20, 'OFICINA PRINCIPAL GARZON', 'GARZON OFICINA PRINCIPAL', 'ALEYDA MONTES', '2022-09-30', '2022-09-01', 18, 3, 'Disponible'),
(1302, 35, 35001, 3729, 'OFICINA GIGANTE', 'OFICNA PRINCIPAL ', 'MAIRA  ALEJANDRA HOME', '2022-09-30', '2022-09-01', 10, 3, 'Disponible'),
(1303, 35, 35001, 3729, 'OFICINA GIGANTE', 'OFICNA PRINCIPAL ', 'MAIRA  ALEJANDRA HOME', '2022-09-30', '2022-09-01', 18, 3, 'Disponible'),
(1304, 35, 35001, 3179, 'OFICINA GIGANTE', 'OFICNA PRINCIPAL ', 'MAYRA ESTEFFANY ROJAS', '2022-09-30', '2022-09-01', 19, 3, 'Disponible'),
(1305, 35, 35001, 3179, 'OFICINA GIGANTE', 'OFICNA PRINCIPAL ', 'MAYRA ESTEFFANY ROJAS', '2022-09-30', '2022-09-01', 20, 3, 'Disponible'),
(1306, 37, 37001, 65, 'OFICINA HOBO', 'HOBO OFICINA PRINCIPAL', 'SAUL SUAZA', '2022-09-30', '2022-09-01', 90, 3, 'Disponible'),
(1307, 35, 35001, 971, 'OFICINA GIGANTE', 'OFICNA PRINCIPAL ', 'VIVIANA MARCELA POLANCO', '2022-09-30', '2022-09-01', 6, 3, 'Disponible'),
(1308, 35, 35001, 61, 'OFICINA GIGANTE', 'OFICNA PRINCIPAL ', 'DIANA MARCELA CABRERA', '2022-09-30', '2022-09-01', 19, 3, 'Disponible'),
(1309, 35, 35001, 61, 'OFICINA GIGANTE', 'OFICNA PRINCIPAL ', 'DIANA MARCELA CABRERA', '2022-09-30', '2022-09-01', 81, 3, 'Disponible'),
(1310, 35, 35002, 388, 'OFICINA GIGANTE', 'OFICINA PRINCIPAL-GALERIA', 'YANITH ZULEIMA POLANCO', '2022-09-30', '2022-09-01', 19, 3, 'Disponible'),
(1311, 35, 35002, 388, 'OFICINA GIGANTE', 'OFICINA PRINCIPAL-GALERIA', 'YANITH ZULEIMA POLANCO', '2022-09-30', '2022-09-01', 68, 3, 'Disponible'),
(1312, 35, 35003, 60, 'OFICINA GIGANTE', '8 DE MAYO', 'SANDRA MAGALY MANRIQUE', '2022-09-30', '2022-09-01', 8, 3, 'Disponible'),
(1313, 35, 35003, 60, 'OFICINA GIGANTE', '8 DE MAYO', 'SANDRA MAGALY MANRIQUE', '2022-09-30', '2022-09-01', 13, 3, 'Disponible'),
(1314, 35, 35004, 3387, 'OFICINA GIGANTE', 'PUENTE PEATONAL', 'JORDYS CAMILO RUBIO', '2022-09-30', '2022-09-01', 8, 3, 'Disponible'),
(1315, 35, 35004, 3387, 'OFICINA GIGANTE', 'PUENTE PEATONAL', 'JORDYS CAMILO RUBIO', '2022-09-30', '2022-09-01', 13, 3, 'Disponible'),
(1316, 35, 35005, 2852, 'OFICINA GIGANTE', 'TRES ESQUINAS', 'INGRID CATHERINE PEDROZA', '2022-09-02', '2022-09-01', 8, 3, 'Disponible'),
(1317, 35, 35005, 2852, 'OFICINA GIGANTE', 'TRES ESQUINAS', 'INGRID CATHERINE PEDROZA', '2022-09-03', '2022-09-03', 8, 3, 'Disponible'),
(1318, 35, 35005, 2852, 'OFICINA GIGANTE', 'TRES ESQUINAS', 'INGRID CATHERINE PEDROZA', '2022-09-09', '2022-09-04', 8, 3, 'Disponible'),
(1319, 35, 35005, 2852, 'OFICINA GIGANTE', 'TRES ESQUINAS', 'INGRID CATHERINE PEDROZA', '2022-09-03', '2022-09-03', 13, 3, 'Disponible'),
(1320, 35, 35005, 2852, 'OFICINA GIGANTE', 'TRES ESQUINAS', 'INGRID CATHERINE PEDROZA', '2022-09-10', '2022-09-10', 13, 3, 'Disponible'),
(1321, 35, 35005, 2852, 'OFICINA GIGANTE', 'TRES ESQUINAS', 'INGRID CATHERINE PEDROZA', '2022-09-10', '2022-09-10', 8, 3, 'Disponible'),
(1322, 35, 35005, 2852, 'OFICINA GIGANTE', 'TRES ESQUINAS', 'INGRID CATHERINE PEDROZA', '2022-09-02', '2022-09-01', 23, 3, 'Disponible'),
(1323, 35, 35005, 2852, 'OFICINA GIGANTE', 'TRES ESQUINAS', 'INGRID CATHERINE PEDROZA', '2022-09-09', '2022-09-04', 23, 3, 'Disponible'),
(1324, 35, 35005, 2852, 'OFICINA GIGANTE', 'TRES ESQUINAS', 'INGRID CATHERINE PEDROZA', '2022-09-17', '2022-09-11', 8, 3, 'Disponible'),
(1325, 35, 35005, 2852, 'OFICINA GIGANTE', 'TRES ESQUINAS', 'INGRID CATHERINE PEDROZA', '2022-09-16', '2022-09-11', 23, 3, 'Disponible'),
(1326, 35, 35005, 2852, 'OFICINA GIGANTE', 'TRES ESQUINAS', 'INGRID CATHERINE PEDROZA', '2022-09-17', '2022-09-17', 13, 3, 'Disponible'),
(1327, 35, 35005, 2852, 'OFICINA GIGANTE', 'TRES ESQUINAS', 'INGRID CATHERINE PEDROZA', '2022-09-24', '2022-09-18', 8, 3, 'Disponible'),
(1328, 35, 35005, 2852, 'OFICINA GIGANTE', 'TRES ESQUINAS', 'INGRID CATHERINE PEDROZA', '2022-09-24', '2022-09-18', 23, 3, 'Disponible'),
(1329, 35, 35005, 2852, 'OFICINA GIGANTE', 'TRES ESQUINAS', 'INGRID CATHERINE PEDROZA', '2022-09-30', '2022-09-25', 8, 3, 'Disponible'),
(1330, 35, 35005, 2852, 'OFICINA GIGANTE', 'TRES ESQUINAS', 'INGRID CATHERINE PEDROZA', '2022-09-30', '2022-09-25', 23, 3, 'Disponible'),
(1331, 40, 40001, 398, 'OFICINA PRINCIPAL LA PLATA', 'LA PLATA OFICINA PRINCIPAL', 'DORA LILIANA VARGAS', '2022-09-30', '2022-09-01', 7, 3, 'Disponible'),
(1332, 40, 40001, 3181, 'OFICINA PRINCIPAL LA PLATA', 'LA PLATA OFICINA PRINCIPAL', 'ISNERY PASTRANA', '2022-09-30', '2022-09-01', 24, 3, 'Disponible'),
(1333, 40, 40023, 2244, 'OFICINA PRINCIPAL LA PLATA', 'LA PLATA OFICINA  PARQUE', 'LIDA YASMIN BERMUDES', '2022-09-30', '2022-09-01', 8, 3, 'Disponible'),
(1334, 40, 40023, 2806, 'OFICINA PRINCIPAL LA PLATA', 'LA PLATA OFICINA  PARQUE', 'JHON JAIRO DIAZ', '2022-09-30', '2022-09-01', 24, 3, 'Disponible'),
(1335, 40, 40023, 76, 'OFICINA PRINCIPAL LA PLATA', 'LA PLATA OFICINA  PARQUE', 'SANDRA MILENA CABRERA', '2022-09-30', '2022-09-01', 7, 3, 'Disponible'),
(1336, 40, 40023, 4664, 'OFICINA PRINCIPAL LA PLATA', 'LA PLATA OFICINA  PARQUE', 'BLANCA YAMILETH CARDENAS', '2022-09-30', '2022-09-01', 46, 3, 'Disponible'),
(1337, 40, 40023, 2196, 'OFICINA PRINCIPAL LA PLATA', 'LA PLATA OFICINA  PARQUE', 'YULEIDY ALEJANDRA GUAR', '2022-09-30', '2022-09-01', 1, 3, 'Disponible'),
(1338, 40, 40001, 72, 'OFICINA PRINCIPAL LA PLATA', 'LA PLATA OFICINA PRINCIPAL', 'DERLY SOFIA ARAUJO', '2022-09-30', '2022-09-01', 25, 3, 'Disponible'),
(1339, 40, 40003, 2244, 'OFICINA PRINCIPAL LA PLATA', 'LA POLA', 'LIDA YASMIN BERMUDES', '2022-09-30', '2022-09-01', 13, 3, 'Disponible'),
(1340, 40, 40003, 79, 'OFICINA PRINCIPAL LA PLATA', 'LA POLA', 'YASMIN QUINTERO', '2022-09-30', '2022-09-01', 7, 3, 'Disponible'),
(1341, 40, 40004, 82, 'OFICINA PRINCIPAL LA PLATA', 'EL OBRERO', 'MARIA FERNANDA URREA', '2022-09-30', '2022-09-01', 8, 3, 'Disponible'),
(1342, 40, 40004, 82, 'OFICINA PRINCIPAL LA PLATA', 'EL OBRERO', 'MARIA FERNANDA URREA', '2022-09-30', '2022-09-01', 12, 3, 'Disponible'),
(1343, 40, 40005, 3879, 'OFICINA PRINCIPAL LA PLATA', 'SAN RAFAEL', 'MARINELA HERRERA', '2022-09-30', '2022-09-01', 8, 3, 'Disponible'),
(1344, 40, 40005, 1660, 'OFICINA PRINCIPAL LA PLATA', 'SAN RAFAEL', 'SANDRA MILENA    GUTIERREZ', '2022-09-30', '2022-09-01', 2, 3, 'Disponible'),
(1345, 40, 40006, 3946, 'OFICINA PRINCIPAL LA PLATA', 'LA  AVENIDA-SAN ANTONIO', 'YEIMMY LIZETH BARRIGA', '2022-09-30', '2022-09-01', 2, 3, 'Disponible'),
(1346, 40, 40006, 4664, 'OFICINA PRINCIPAL LA PLATA', 'LA  AVENIDA-SAN ANTONIO', 'BLANCA YAMILETH CARDENAS', '2022-09-30', '2022-09-01', 8, 3, 'Disponible'),
(1347, 40, 40009, 2760, 'OFICINA PRINCIPAL LA PLATA', 'SAN SEBASTIAN', 'MARIA ISABEL BUITRON', '2022-09-30', '2022-09-01', 8, 3, 'Disponible'),
(1348, 40, 40009, 2760, 'OFICINA PRINCIPAL LA PLATA', 'SAN SEBASTIAN', 'MARIA ISABEL BUITRON', '2022-09-30', '2022-09-01', 23, 3, 'Disponible'),
(1349, 40, 40002, 3879, 'OFICINA PRINCIPAL LA PLATA', 'GALERIA', 'MARINELA HERRERA', '2022-09-30', '2022-09-01', 12, 3, 'Disponible'),
(1350, 40, 40002, 78, 'OFICINA PRINCIPAL LA PLATA', 'GALERIA', 'LIBIA INES RAMIREZ', '2022-09-30', '2022-09-01', 17, 3, 'Disponible'),
(1351, 25, 25001, 1914, 'OFICINA PPAL CAMPOALEGRE', 'CAMPOALEGRE OFICINA PRINCIPAL', 'CINDY CAROLINA GARZON', '2022-09-30', '2022-09-01', 6, 3, 'Disponible'),
(1352, 25, 25001, 3122, 'OFICINA PPAL CAMPOALEGRE', 'CAMPOALEGRE OFICINA PRINCIPAL', 'KAROL JULIETH CABRERA', '2022-09-30', '2022-09-01', 26, 3, 'Disponible'),
(1353, 25, 25001, 3122, 'OFICINA PPAL CAMPOALEGRE', 'CAMPOALEGRE OFICINA PRINCIPAL', 'KAROL JULIETH CABRERA', '2022-09-30', '2022-09-01', 27, 3, 'Disponible'),
(1354, 25, 25001, 54, 'OFICINA PPAL CAMPOALEGRE', 'CAMPOALEGRE OFICINA PRINCIPAL', 'GIRLEZA MARTINEZ', '2022-09-30', '2022-09-01', 17, 3, 'Disponible'),
(1355, 25, 25001, 51, 'OFICINA PPAL CAMPOALEGRE', 'CAMPOALEGRE OFICINA PRINCIPAL', 'LORENA ESCOVAR', '2022-09-30', '2022-09-01', 26, 3, 'Disponible'),
(1356, 25, 25001, 51, 'OFICINA PPAL CAMPOALEGRE', 'CAMPOALEGRE OFICINA PRINCIPAL', 'LORENA ESCOVAR', '2022-09-30', '2022-09-01', 30, 3, 'Disponible'),
(1357, 25, 25002, 4357, 'OFICINA PPAL CAMPOALEGRE', 'SAN ISIDRO', 'ELIZABETH ROJAS', '2022-09-30', '2022-09-01', 8, 3, 'Disponible'),
(1358, 25, 25002, 368, 'OFICINA PPAL CAMPOALEGRE', 'SAN ISIDRO', 'SAIDA MAGNOLIA RODRIGUEZ', '2022-09-30', '2022-09-01', 2, 3, 'Disponible'),
(1359, 25, 25003, 52, 'OFICINA PPAL CAMPOALEGRE', 'PAPATOS', 'ERIKA FIERRO', '2022-09-30', '2022-09-01', 8, 3, 'Disponible'),
(1360, 25, 25003, 52, 'OFICINA PPAL CAMPOALEGRE', 'PAPATOS', 'ERIKA FIERRO', '2022-09-30', '2022-09-01', 12, 3, 'Disponible'),
(1361, 25, 25004, 1928, 'OFICINA PPAL CAMPOALEGRE', 'ALFONSO LOPEZ', 'EDITH CAVIEDES ', '2022-09-30', '2022-09-01', 8, 3, 'Disponible'),
(1362, 25, 25004, 1928, 'OFICINA PPAL CAMPOALEGRE', 'ALFONSO LOPEZ', 'EDITH CAVIEDES ', '2022-09-30', '2022-09-01', 12, 3, 'Disponible'),
(1363, 25, 25010, 370, 'OFICINA PPAL CAMPOALEGRE', 'AVENIDA PRINCIPAL', 'YINETH MARIN', '2022-09-30', '2022-09-01', 7, 3, 'Disponible'),
(1364, 25, 25010, 4357, 'OFICINA PPAL CAMPOALEGRE', 'AVENIDA PRINCIPAL', 'ELIZABETH ROJAS', '2022-09-30', '2022-09-01', 13, 3, 'Disponible'),
(1365, 65, 65001, 96, 'OFICINA PITAL', 'PITAL OFICINA PRINCIPAL', 'YIDMI YOLIMA ROJAS', '2022-09-30', '2022-09-01', 31, 3, 'Disponible'),
(1366, 65, 65001, 96, 'OFICINA PITAL', 'PITAL OFICINA PRINCIPAL', 'YIDMI YOLIMA ROJAS', '2022-09-30', '2022-09-01', 16, 3, 'Disponible'),
(1367, 65, 65001, 412, 'OFICINA PITAL', 'PITAL OFICINA PRINCIPAL', 'MARLY YASMIN BRAVO', '2022-09-30', '2022-09-01', 17, 3, 'Disponible'),
(1368, 65, 65002, 410, 'OFICINA PITAL', 'ECUADOR', 'MARGOT GAITAN', '2022-09-30', '2022-09-01', 25, 3, 'Disponible'),
(1369, 65, 65002, 410, 'OFICINA PITAL', 'ECUADOR', 'MARGOT GAITAN', '2022-09-30', '2022-09-01', 72, 3, 'Disponible'),
(1370, 66, 66001, 34, 'OFICINA AGRADO', 'AGRADO OFICINA PRINCIPAL', 'MARIA EUGENIA SIERRA', '2022-09-30', '2022-09-01', 31, 3, 'Disponible'),
(1371, 66, 66001, 34, 'OFICINA AGRADO', 'AGRADO OFICINA PRINCIPAL', 'MARIA EUGENIA SIERRA', '2022-09-30', '2022-09-01', 16, 3, 'Disponible'),
(1372, 66, 66001, 411, 'OFICINA AGRADO', 'AGRADO OFICINA PRINCIPAL', 'BIBIANA OROZCO', '2022-09-30', '2022-09-01', 17, 3, 'Disponible'),
(1373, 56, 56001, 3961, 'OFICINA LA ARGENTINA', 'LA ARGENTINA OFICINA PRINCIPAL', 'JENNIFFER DEL PILAR ARENAS', '2022-09-30', '2022-09-01', 17, 3, 'Disponible'),
(1374, 56, 56001, 809, 'OFICINA LA ARGENTINA', 'LA ARGENTINA OFICINA PRINCIPAL', 'ANDREA MAGNOLIA ARIAS', '2022-09-30', '2022-09-01', 10, 3, 'Disponible'),
(1375, 56, 56001, 809, 'OFICINA LA ARGENTINA', 'LA ARGENTINA OFICINA PRINCIPAL', 'ANDREA MAGNOLIA ARIAS', '2022-09-30', '2022-09-01', 13, 3, 'Disponible'),
(1376, 64, 64001, 957, 'OFICINA BELEN', 'BELEN OFICINA PRINCIPAL', 'CECILIA ARANGO', '2022-09-30', '2022-09-01', 8, 3, 'Disponible'),
(1377, 64, 64001, 957, 'OFICINA BELEN', 'BELEN OFICINA PRINCIPAL', 'CECILIA ARANGO', '2022-09-30', '2022-09-01', 23, 3, 'Disponible'),
(1378, 57, 57001, 2348, 'OFICINA NATAGA', 'NATAGA OFICINA PRINCIPAL', 'MAIRA YULISA PEREZ', '2022-09-30', '2022-09-01', 8, 3, 'Disponible'),
(1379, 57, 57001, 2348, 'OFICINA NATAGA', 'NATAGA OFICINA PRINCIPAL', 'MAIRA YULISA PEREZ', '2022-09-30', '2022-09-01', 13, 3, 'Disponible'),
(1380, 57, 57001, 3471, 'OFICINA NATAGA', 'NATAGA OFICINA PRINCIPAL', 'DIANA PAOLA CHACUE ', '2022-09-30', '2022-09-01', 17, 3, 'Disponible'),
(1381, 55, 55001, 90, 'OFICINA PAICOL', 'PAICOL OFICINA PRINCIPAL', 'IDANIS MEDINA', '2022-09-08', '2022-09-01', 8, 3, 'Disponible'),
(1382, 55, 55001, 90, 'OFICINA PAICOL', 'PAICOL OFICINA PRINCIPAL', 'IDANIS MEDINA', '2022-09-08', '2022-09-01', 12, 3, 'Disponible'),
(1383, 55, 55001, 2202, 'OFICINA PAICOL', 'PAICOL OFICINA PRINCIPAL', 'TATIANA CERQUERA', '2022-09-30', '2022-09-01', 32, 3, 'Disponible'),
(1384, 42, 42001, 3625, 'OFICINA TESALIA', 'TESALIA OFICINA PRINCIPAL', 'ADRIANA MERCEDES ANDRADE', '2022-09-30', '2022-09-01', 1, 3, 'Disponible'),
(1385, 42, 42001, 2396, 'OFICINA TESALIA', 'TESALIA OFICINA PRINCIPAL', 'ANYELA JULIET CABRERA', '2022-09-30', '2022-09-01', 8, 3, 'Disponible'),
(1386, 42, 42001, 2396, 'OFICINA TESALIA', 'TESALIA OFICINA PRINCIPAL', 'ANYELA JULIET CABRERA', '2022-09-30', '2022-09-01', 12, 3, 'Disponible'),
(1387, 27, 27003, 1124, 'OFICINA ALGECIRAS', 'HOTEL TOLIMA', 'LORENA SARMINA HERNANDEZ', '2022-09-30', '2022-09-01', 12, 3, 'Disponible'),
(1388, 27, 27003, 4673, 'OFICINA ALGECIRAS', 'HOTEL TOLIMA', 'JEIDY JOHANNA GUEVARA', '2022-09-30', '2022-09-01', 17, 3, 'Disponible'),
(1389, 27, 27001, 1124, 'OFICINA ALGECIRAS', 'ALGECIRAS OFICINA PRINCIPAL', 'LORENA SARMINA HERNANDEZ', '2022-09-30', '2022-09-01', 8, 3, 'Disponible'),
(1390, 27, 27001, 1336, 'OFICINA ALGECIRAS', 'ALGECIRAS OFICINA PRINCIPAL', 'JENNY ALEXANDRA AGUDELO', '2022-09-30', '2022-09-01', 2, 3, 'Disponible'),
(1391, 27, 27001, 3529, 'OFICINA ALGECIRAS', 'ALGECIRAS OFICINA PRINCIPAL', 'JUAN DIEGO CARVALLO', '2022-09-30', '2022-09-01', 8, 3, 'Disponible'),
(1392, 27, 27001, 3529, 'OFICINA ALGECIRAS', 'ALGECIRAS OFICINA PRINCIPAL', 'JUAN DIEGO CARVALLO', '2022-09-30', '2022-09-01', 23, 3, 'Disponible'),
(1393, 27, 27001, 40, 'OFICINA ALGECIRAS', 'ALGECIRAS OFICINA PRINCIPAL', 'SANDRA PATRICIA RIVERA', '2022-09-30', '2022-09-01', 8, 3, 'Disponible'),
(1394, 27, 27001, 40, 'OFICINA ALGECIRAS', 'ALGECIRAS OFICINA PRINCIPAL', 'SANDRA PATRICIA RIVERA', '2022-09-30', '2022-09-01', 79, 3, 'Disponible'),
(1395, 11, 11001, 155, 'RIVERA OFICINA PRINCIPAL', 'RIVERA OFICINA PRINCIPAL', 'NANCY JIMENEZ', '2022-09-30', '2022-09-01', 3, 4, 'Disponible'),
(1396, 11, 11001, 155, 'RIVERA OFICINA PRINCIPAL', 'RIVERA OFICINA PRINCIPAL', 'NANCY JIMENEZ', '2022-09-30', '2022-09-01', 9, 4, 'Disponible'),
(1397, 11, 11001, 156, 'RIVERA OFICINA PRINCIPAL', 'RIVERA OFICINA PRINCIPAL', 'YOJANA ANDREA CARDOZO', '2022-09-30', '2022-09-01', 1, 4, 'Disponible'),
(1398, 11, 11001, 154, 'RIVERA OFICINA PRINCIPAL', 'RIVERA OFICINA PRINCIPAL', 'ANA MARIA VILLANUEVA', '2022-09-30', '2022-09-01', 60, 4, 'Disponible'),
(1399, 11, 11006, 1123, 'RIVERA OFICINA PRINCIPAL', 'ALCALDIA RIVERA', 'MARIADENI VALDERRAMA', '2022-09-30', '2022-09-01', 8, 4, 'Disponible'),
(1400, 11, 11006, 1123, 'RIVERA OFICINA PRINCIPAL', 'ALCALDIA RIVERA', 'MARIADENI VALDERRAMA', '2022-09-30', '2022-09-01', 12, 4, 'Disponible'),
(1401, 11, 11003, 3800, 'RIVERA OFICINA PRINCIPAL', 'HOSPITAL RIVERA', 'LEIDY TATIANA HERRERA', '2022-09-30', '2022-09-01', 8, 4, 'Disponible'),
(1402, 11, 11002, 157, 'RIVERA OFICINA PRINCIPAL', 'LA ULLOA', 'LEONOR MOSQUERA', '2022-09-30', '2022-09-01', 8, 4, 'Disponible'),
(1403, 11, 11002, 157, 'RIVERA OFICINA PRINCIPAL', 'LA ULLOA', 'LEONOR MOSQUERA', '2022-09-30', '2022-09-01', 13, 4, 'Disponible'),
(1404, 12, 12001, 217, 'PALERMO OFICINA PRINCIPAL', 'PALERMO OFICINA PRINCIPAL', 'AMINTA CORDOBA', '2022-09-29', '2022-08-31', 25, 4, 'Pendiente'),
(1405, 12, 12001, 3082, 'PALERMO OFICINA PRINCIPAL', 'PALERMO OFICINA PRINCIPAL', 'MARIA FERNANDA ALARCON', '2022-09-30', '2022-09-01', 2, 4, 'Disponible'),
(1406, 12, 12001, 2750, 'PALERMO OFICINA PRINCIPAL', 'PALERMO OFICINA PRINCIPAL', 'CLAUDIA MILENA PRIETO', '2022-09-30', '2022-09-01', 17, 4, 'Disponible'),
(1407, 12, 12003, 217, 'PALERMO OFICINA PRINCIPAL', 'GALERIA', 'AMINTA CORDOBA', '2022-09-29', '2022-08-31', 72, 4, 'Pendiente'),
(1408, 12, 12003, 1790, 'PALERMO OFICINA PRINCIPAL', 'GALERIA', 'MAYERLY NARVAEZ', '2022-09-29', '2022-08-31', 7, 4, 'Pendiente'),
(1409, 13, 13001, 3675, 'JUNCAL OFICINA PRINCIPAL', 'JUNCAL OFICINA PRINCIPAL', 'MARIANA BARRIOS ', '2022-09-30', '2022-09-01', 8, 4, 'Disponible'),
(1410, 13, 13001, 3675, 'JUNCAL OFICINA PRINCIPAL', 'JUNCAL OFICINA PRINCIPAL', 'MARIANA BARRIOS ', '2022-09-30', '2022-09-01', 13, 4, 'Disponible'),
(1411, 13, 13001, 3675, 'JUNCAL OFICINA PRINCIPAL', 'JUNCAL OFICINA PRINCIPAL', 'MARIANA BARRIOS ', '2022-09-30', '2022-09-01', 13, 4, 'Disponible'),
(1412, 14, 14001, 4512, 'VILLAVIEJA OFICINA PRINCIPAL', 'VILLAVIEJA OFICINA PRINCIPAL', 'CINTHYA DANIELA HERNANDEZ', '2022-09-30', '2022-09-01', 2, 4, 'Disponible'),
(1413, 14, 14001, 638, 'VILLAVIEJA OFICINA PRINCIPAL', 'VILLAVIEJA OFICINA PRINCIPAL', 'LIDA YANETH BARRETO', '2022-09-30', '2022-09-01', 8, 4, 'Disponible'),
(1414, 14, 14001, 638, 'VILLAVIEJA OFICINA PRINCIPAL', 'VILLAVIEJA OFICINA PRINCIPAL', 'LIDA YANETH BARRETO', '2022-09-30', '2022-09-01', 12, 4, 'Disponible'),
(1415, 17, 17001, 83, 'LA VICTORIA OFICINA PRINCIPAL', 'LA VICTORIA OFICINA PRINCIPAL', 'MERYI VANEGAS', '2022-09-29', '2022-08-31', 8, 4, 'Pendiente'),
(1416, 17, 14002, 303, 'LA VICTORIA OFICINA PRINCIPAL', 'SAN ALFONSO', 'FLORA IRIS TOLE', '2022-09-30', '2022-09-01', 45, 4, 'Disponible'),
(1417, 17, 14002, 303, 'LA VICTORIA OFICINA PRINCIPAL', 'SAN ALFONSO', 'FLORA IRIS TOLE', '2022-09-30', '2022-09-01', 27, 4, 'Disponible'),
(1418, 18, 18001, 184, 'YAGUARA OFICINA PRINCIPAL', 'YAGUARA OFICINA PRINCIPAL', 'FRANCY JOHANA RAMIREZ', '2022-09-30', '2022-09-01', 8, 4, 'Disponible'),
(1419, 18, 18001, 184, 'YAGUARA OFICINA PRINCIPAL', 'YAGUARA OFICINA PRINCIPAL', 'FRANCY JOHANA RAMIREZ', '2022-09-30', '2022-09-01', 13, 4, 'Disponible'),
(1420, 18, 18001, 182, 'YAGUARA OFICINA PRINCIPAL', 'YAGUARA OFICINA PRINCIPAL', 'YANETH IBAÑEZ', '2022-09-30', '2022-09-01', 8, 4, 'Disponible'),
(1421, 18, 18001, 182, 'YAGUARA OFICINA PRINCIPAL', 'YAGUARA OFICINA PRINCIPAL', 'YANETH IBAÑEZ', '2022-09-30', '2022-09-01', 13, 4, 'Disponible'),
(1422, 18, 18003, 181, 'YAGUARA OFICINA PRINCIPAL', 'AVENIDA PRINCIPAL', 'DAMARIS CAROLINA VALDERRAMA', '2022-09-30', '2022-09-01', 17, 4, 'Disponible'),
(1423, 18, 18003, 181, 'YAGUARA OFICINA PRINCIPAL', 'AVENIDA PRINCIPAL', 'DAMARIS CAROLINA VALDERRAMA', '2022-09-30', '2022-09-01', 17, 4, 'Disponible'),
(1424, 49, 49001, 4490, 'OFICINA TELLO', 'TELLO OFICINA PRINCIPAL', 'YOLIMAR PERDOMO', '2022-09-30', '2022-09-01', 8, 4, 'Disponible'),
(1425, 49, 49001, 4490, 'OFICINA TELLO', 'TELLO OFICINA PRINCIPAL', 'YOLIMAR PERDOMO', '2022-09-30', '2022-09-01', 37, 4, 'Disponible'),
(1426, 49, 49001, 170, 'OFICINA TELLO', 'TELLO OFICINA PRINCIPAL', 'ALIX MILENA AREVALO', '2022-09-30', '2022-09-01', 28, 4, 'Disponible'),
(1427, 49, 49001, 170, 'OFICINA TELLO', 'TELLO OFICINA PRINCIPAL', 'ALIX MILENA AREVALO', '2022-09-30', '2022-09-01', 42, 4, 'Disponible'),
(1428, 50, 50001, 2856, 'OFICINA SANTAMARIA', 'SANTA MARIA OFICINA PRINCIPAL', 'MAYERLY ANDREA AREVALO', '2022-09-30', '2022-09-01', 41, 4, 'Disponible'),
(1429, 50, 50001, 163, 'OFICINA SANTAMARIA', 'SANTA MARIA OFICINA PRINCIPAL', 'YENY PATRICIA SANABRIA', '2022-09-30', '2022-09-01', 43, 4, 'Disponible'),
(1430, 50, 50001, 163, 'OFICINA SANTAMARIA', 'SANTA MARIA OFICINA PRINCIPAL', 'YENY PATRICIA SANABRIA', '2022-09-30', '2022-09-01', 73, 4, 'Disponible'),
(1431, 51, 51001, 1666, 'OFICINA BARAYA', 'BARAYA OFICINA PRINCIPAL', 'YESICA ALEJANDRA   SANCHEZ', '2022-09-30', '2022-09-01', 45, 4, 'Disponible'),
(1432, 51, 51001, 1666, 'OFICINA BARAYA', 'BARAYA OFICINA PRINCIPAL', 'YESICA ALEJANDRA   SANCHEZ', '2022-09-30', '2022-09-01', 38, 4, 'Disponible'),
(1433, 51, 51001, 1666, 'OFICINA BARAYA', 'BARAYA OFICINA PRINCIPAL', 'YESICA ALEJANDRA   SANCHEZ', '2022-09-30', '2022-09-01', 38, 4, 'Disponible'),
(1434, 51, 51001, 43, 'OFICINA BARAYA', 'BARAYA OFICINA PRINCIPAL', 'AMPARO ORTIZ', '2022-09-30', '2022-09-01', 39, 4, 'Disponible'),
(1435, 51, 51001, 43, 'OFICINA BARAYA', 'BARAYA OFICINA PRINCIPAL', 'AMPARO ORTIZ', '2022-09-30', '2022-09-01', 58, 4, 'Disponible'),
(1436, 52, 52001, 66, 'OFICINA IQUIRA', 'IQUIRA OFICINA PRINCIPAL', 'INGRID YISETH YUSTRES', '2022-09-30', '2022-09-01', 17, 4, 'Disponible'),
(1437, 52, 52001, 67, 'OFICINA IQUIRA', 'IQUIRA OFICINA PRINCIPAL', 'MARIA DEL SOCORRO GARCIA', '2022-09-30', '2022-09-01', 3, 4, 'Disponible'),
(1438, 52, 52001, 67, 'OFICINA IQUIRA', 'IQUIRA OFICINA PRINCIPAL', 'MARIA DEL SOCORRO GARCIA', '2022-09-30', '2022-09-01', 12, 4, 'Disponible'),
(1439, 54, 54001, 4691, 'OFICINA VEGALARGA', 'VEGALARGA OFICINA PRINCIPAL', 'KATHERYN JHOANA CARVAJAL', '2022-09-30', '2022-09-01', 8, 4, 'Disponible'),
(1440, 54, 54001, 4691, 'OFICINA VEGALARGA', 'VEGALARGA OFICINA PRINCIPAL', 'KATHERYN JHOANA CARVAJAL', '2022-09-30', '2022-09-01', 23, 4, 'Disponible'),
(1441, 54, 54001, 4691, 'OFICINA VEGALARGA', 'VEGALARGA OFICINA PRINCIPAL', 'KATHERYN JHOANA CARVAJAL', '2022-09-29', '2022-08-31', 23, 4, 'Pendiente'),
(1442, 68, 68001, 1271, 'OFICINA TERUEL', 'TERUEL OFICINA PRINCIPAL', 'NINI YOHANA  TAMAYO', '2022-09-30', '2022-09-01', 8, 4, 'Disponible'),
(1443, 68, 68001, 1271, 'OFICINA TERUEL', 'TERUEL OFICINA PRINCIPAL', 'NINI YOHANA  TAMAYO', '2022-09-30', '2022-09-01', 23, 4, 'Disponible'),
(1444, 72, 72001, 1968, 'OFICINA COLOMBIA', 'COLOMBIA OFICINA PRINCIPAL', 'LUDY LILIAN CORDOBA', '2022-09-29', '2022-08-31', 14, 4, 'Pendiente'),
(1445, 72, 72001, 1968, 'OFICINA COLOMBIA', 'COLOMBIA OFICINA PRINCIPAL', 'LUDY LILIAN CORDOBA', '2022-09-29', '2022-08-31', 14, 4, 'Pendiente'),
(1446, 72, 72001, 4735, 'OFICINA COLOMBIA', 'COLOMBIA OFICINA PRINCIPAL', 'VICTOR HUGO HERNANDEZ', '2022-09-30', '2022-09-01', 14, 4, 'Disponible'),
(1447, 78, 78001, 1870, 'OFICINA FORTALECILLAS', 'FORTALECILLAS OFICINA PRINCIPAL', 'ADRIANA FERNANDA ZUÑIGA ', '2022-09-30', '2022-09-01', 75, 4, 'Disponible'),
(1448, 78, 78001, 585, 'OFICINA FORTALECILLAS', 'FORTALECILLAS OFICINA PRINCIPAL', 'DIGNORY OLAYA', '2022-09-30', '2022-09-01', 40, 4, 'Disponible'),
(1449, 80, 80001, 493, 'OFICINA CAGUAN', 'CAGUAN OFICINA PRINCIPAL', 'MARTHA ISABEL CASTRO', '2022-09-30', '2022-09-01', 3, 4, 'Disponible'),
(1450, 80, 80001, 493, 'OFICINA CAGUAN', 'CAGUAN OFICINA PRINCIPAL', 'MARTHA ISABEL CASTRO', '2022-09-30', '2022-09-01', 12, 4, 'Disponible'),
(1451, 80, 80001, 2714, 'OFICINA CAGUAN', 'CAGUAN OFICINA PRINCIPAL', 'MICHELLE DAYANA  HERNANDEZ', '2022-09-30', '2022-09-01', 1, 4, 'Disponible'),
(1452, 1, 2008, 4445, 'OFICINA PPAL NEIVA CENTRO SUR', 'BISCOCHERIA MARTICA', 'CHESLY STEFANIA RIVERA', '2022-10-01', '2022-09-03', 1, 1, 'Disponible'),
(1453, 1, 2008, 4594, 'OFICINA PPAL NEIVA CENTRO SUR', 'BISCOCHERIA MARTICA', 'YULIETH YISETH SALINAS', '2022-10-01', '2022-09-03', 9, 1, 'Disponible'),
(1454, 12, 12001, 1748, 'PALERMO OFICINA PRINCIPAL', 'PALERMO OFICINA PRINCIPAL', 'DANIELA URAZAN', '2022-09-30', '2022-09-01', 25, 4, 'Disponible'),
(1455, 12, 12001, 1748, 'PALERMO OFICINA PRINCIPAL', 'PALERMO OFICINA PRINCIPAL', 'DANIELA URAZAN', '2022-09-30', '2022-09-01', 42, 4, 'Disponible');
INSERT INTO `asignar_turno_vendedor` (`id`, `id_oficina`, `id_sitio_venta`, `id_vendedor`, `nombre_oficina`, `nombre_sitio_venta`, `nombre_vendedor`, `fecha_final`, `fecha_inicio`, `id_turno`, `ide_subzona`, `estado`) VALUES
(1456, 29, 29001, 2526, 'OFICINA PALESTINA', 'PALESTINA OFICINA PRINCIPAL', 'MILDRED YULIANA  RAMIREZ ', '2022-10-31', '2022-10-01', 8, 2, 'Disponible');

-- --------------------------------------------------------

--
-- Estructura de tabla para la tabla `categoria`
--

CREATE TABLE `categoria` (
  `id` bigint(20) NOT NULL,
  `descripcion` varchar(300) NOT NULL,
  `id_estado` bigint(20) NOT NULL
) ENGINE=InnoDB DEFAULT CHARSET=utf8mb4;

--
-- Volcado de datos para la tabla `categoria`
--

INSERT INTO `categoria` (`id`, `descripcion`, `id_estado`) VALUES
(1, 'Papelería\r\n', 49),
(5, 'Tecnologia', 49);

-- --------------------------------------------------------

--
-- Estructura de tabla para la tabla `chat_remitente`
--

CREATE TABLE `chat_remitente` (
  `id` bigint(20) NOT NULL,
  `asunto` varchar(500) NOT NULL,
  `mensaje` longtext NOT NULL,
  `id_solicitud_sc` bigint(20) NOT NULL,
  `id_usuario_envia` bigint(20) NOT NULL,
  `id_usuario_recibe` bigint(20) NOT NULL
) ENGINE=InnoDB DEFAULT CHARSET=utf8mb4;

-- --------------------------------------------------------

--
-- Estructura de tabla para la tabla `cliente_sc`
--

CREATE TABLE `cliente_sc` (
  `id` bigint(20) NOT NULL,
  `apellido` varchar(100) NOT NULL,
  `correo` varchar(250) NOT NULL,
  `documento` varchar(250) NOT NULL,
  `nombre` varchar(100) NOT NULL,
  `telefono` varchar(255) NOT NULL,
  `id_tipodocumento` bigint(20) NOT NULL
) ENGINE=InnoDB DEFAULT CHARSET=utf8mb4;

--
-- Volcado de datos para la tabla `cliente_sc`
--

INSERT INTO `cliente_sc` (`id`, `apellido`, `correo`, `documento`, `nombre`, `telefono`, `id_tipodocumento`) VALUES
(1, 'Perez', 'sami@gmail.com', '123458', 'Samuel', '3125116895', 2),
(2, 'Cortes', 'maria@gmail.com', '152462', 'Mariana', '3154865923', 1),
(3, 'Bravo Reyes', 'antonio@gmail.com', '10549578587', 'Pablo Antonio', '3152486957', 1),
(4, 'Murcia C', 'chelsy@gmail.com', '1056589578', 'Chelsy Tatiana', '3125486975', 1),
(6, 'motta', 'chelsyt@gmail.com', '312', 'Mariana', '3432', 1),
(7, 'asdsada', 'sadsda', '315', 'sdsada', '21421', 1),
(8, 'aaa', 'olip@gmail.com', '31565415', 'asdsad', '32432', 1),
(9, 'Zuñiga', 'cami@gmail.com', '1750168510', 'Andres', '5012465120', 1),
(10, 'Rubiano', 'const@gmail', '1054812521', 'Constanza', '3152468957', 1),
(11, 'Leon Zuleta', 'felipe@gmail.com', '1527452154', 'Andres Felipe', '3154869578', 1),
(12, 'Cortes', 'mariana@gmail.com', '1025485693', 'Mariana', '3125486974', 1),
(13, 'Fernand', 'NA', '12343122', 'sergio', '3014165209', 1),
(14, 'Trujillo', 'NA', '43423344', 'Sebastian', '651151', 1),
(15, 'Bravo', 'EDINOSN@GMIAL.COM', '1524215', 'Edinson', '31511', 1);

-- --------------------------------------------------------

--
-- Estructura de tabla para la tabla `compras`
--

CREATE TABLE `compras` (
  `id` bigint(20) NOT NULL,
  `cantidad` int(11) NOT NULL,
  `id_articulo` bigint(20) NOT NULL,
  `id_usuario` bigint(20) NOT NULL
) ENGINE=InnoDB DEFAULT CHARSET=utf8mb4;

--
-- Volcado de datos para la tabla `compras`
--

INSERT INTO `compras` (`id`, `cantidad`, `id_articulo`, `id_usuario`) VALUES
(16, 5, 4, 35),
(17, 9, 5, 35),
(18, 3, 2, 35),
(19, 4, 3, 35);

-- --------------------------------------------------------

--
-- Estructura de tabla para la tabla `configuracion`
--

CREATE TABLE `configuracion` (
  `id` bigint(20) NOT NULL,
  `descripcion` varchar(60) NOT NULL,
  `nombre` varchar(80) NOT NULL,
  `valor` varchar(500) NOT NULL
) ENGINE=InnoDB DEFAULT CHARSET=utf8mb4;

--
-- Volcado de datos para la tabla `configuracion`
--

INSERT INTO `configuracion` (`id`, `descripcion`, `nombre`, `valor`) VALUES
(1, 'Tiempo de duración para generar visita detalle', 'tiempo_max_visita', '3'),
(2, 'Tiempo limite capturar información ', 'tiempo_limite_busq_historial', '60'),
(3, 'Tiempo maximo de ingreso tarde', 'tiempo_max_ingreso', '5'),
(4, 'Mensaje para la solicitud final', 'mensaje_solicitud_final', 'Acepta que su solicitud ha sido entregada con satisfacción?'),
(5, 'Nombre de la empresa', 'nombre_entidad', 'Apuestas Nacionales de Colombia\n'),
(6, 'Nombre de gerencia general', 'Nombre_Gerencia', 'Zaida Varon'),
(7, 'Correo para realizar procesos del aplicativo.', 'correo_gecco', 'ntfgecco@suchance.com.co'),
(8, 'Contraseña para el envió de correos', 'contraseña_correo', 'gecco.123'),
(9, 'Tiempo', 'tiempo_limite', '7'),
(10, 'caducado', 'tiempo_caducado', '3\n'),
(11, 'Nit de la empresa', 'nit_empresa', '125415'),
(12, 'asdsaa', 'tiempo_limite_busq_historiala', '4'),
(14, 'mosmdoasas', 'masodmo', 'msad');

-- --------------------------------------------------------

--
-- Estructura de tabla para la tabla `cotizacion`
--

CREATE TABLE `cotizacion` (
  `id` bigint(20) NOT NULL,
  `id_estado` bigint(20) NOT NULL,
  `id_solicitud` bigint(20) NOT NULL,
  `id_usuario` bigint(20) NOT NULL
) ENGINE=InnoDB DEFAULT CHARSET=utf8mb4;

--
-- Volcado de datos para la tabla `cotizacion`
--

INSERT INTO `cotizacion` (`id`, `id_estado`, `id_solicitud`, `id_usuario`) VALUES
(135, 33, 124, 33),
(136, 33, 126, 33),
(137, 32, 125, 33),
(138, 33, 125, 33),
(139, 33, 127, 33),
(140, 32, 129, 35),
(141, 33, 129, 35),
(142, 33, 130, 35),
(143, 33, 131, 35),
(144, 33, 133, 9),
(145, 33, 135, 35),
(146, 33, 136, 35),
(147, 33, 137, 35),
(148, 33, 138, 35),
(149, 33, 139, 35),
(150, 33, 140, 35),
(151, 33, 141, 35),
(152, 33, 142, 35),
(153, 33, 143, 35),
(154, 33, 144, 35),
(155, 33, 145, 35),
(156, 33, 146, 35),
(157, 33, 147, 35),
(158, 33, 149, 35);

-- --------------------------------------------------------

--
-- Estructura de tabla para la tabla `cotizacion_pdf`
--

CREATE TABLE `cotizacion_pdf` (
  `id` bigint(20) NOT NULL,
  `nombre_pdf` varchar(255) NOT NULL,
  `id_cotizacion` bigint(20) NOT NULL,
  `id_estado` bigint(20) NOT NULL
) ENGINE=InnoDB DEFAULT CHARSET=utf8mb4;

--
-- Volcado de datos para la tabla `cotizacion_pdf`
--

INSERT INTO `cotizacion_pdf` (`id`, `nombre_pdf`, `id_cotizacion`, `id_estado`) VALUES
(208, 'MAYORISTAS SEPTIEMBRE.pdf', 135, 39),
(209, 'WILLINTON RIVERA20220908_18204215 (1).pdf', 136, 39),
(210, 'tipo_documento.sql', 137, 40),
(211, 'rol.sql', 137, 38),
(212, 'rol.sql', 138, 39),
(213, 'configuracion (2).sql', 139, 39),
(214, 'ExportExcel_export_1663177993786.xlsx', 140, 40),
(215, 'ExportExcel_export_1663177976034.xlsx', 140, 40),
(216, 'historial_solicitudes.sql', 140, 38),
(217, 'historial_solicitudes.sql', 141, 39),
(218, 'Rosa%20Pastelería%20Unicornio%20Catálogo%20Delicado%20Simple%20Flyer.pdf', 142, 39),
(219, 'WILSON%20BOLÑOS20220915_18012148.pdf', 143, 39),
(220, 'division de tareas.png', 144, 39),
(221, 'Bitacora 7 - Hallys Andrea Escobar Paloma.docx', 145, 39),
(222, '5d812ef19bf8b.jpeg', 146, 39),
(223, 'compras.xlsx', 147, 39),
(224, 'PRUEBA.txt', 148, 39),
(225, 'hallyscollares.txt', 149, 39),
(226, 'validarJenny.txt', 150, 39),
(227, 'informacion.txt', 151, 39),
(228, 'Captura de pantalla 2022-09-09 132250.png', 152, 39),
(229, 'FROZEB.jpg', 153, 39),
(230, 'DELINEADOR-EN-PINCEL-TRENDY-ELEPHANT-REF-ELE1-3.jpg', 154, 39),
(231, 'SOMBRA-CITRIC-TRENDY-REF-C44-.jpg', 155, 39),
(232, 'DELINEADOR-EN-PINCEL-TRENDY-ELEPHANT-REF-ELE1-3 - copia (2).jpg', 156, 39),
(233, 'trendy-labial-tono-4a.jpg', 157, 39),
(234, 'listaSolicitudesCotizacion.xlsx', 158, 39);

-- --------------------------------------------------------

--
-- Estructura de tabla para la tabla `detalle_articulo`
--

CREATE TABLE `detalle_articulo` (
  `id` bigint(20) NOT NULL,
  `codigo_unico` varchar(100) NOT NULL,
  `marca` varchar(150) NOT NULL,
  `placa` varchar(100) NOT NULL,
  `serial` varchar(100) NOT NULL,
  `id_articulo` bigint(20) NOT NULL,
  `id_estado` bigint(20) NOT NULL,
  `id_tipo_activo` bigint(20) NOT NULL,
  `id_usuario` bigint(20) NOT NULL,
  `codigo_contable` varchar(150) NOT NULL
) ENGINE=InnoDB DEFAULT CHARSET=utf8mb4;

--
-- Volcado de datos para la tabla `detalle_articulo`
--

INSERT INTO `detalle_articulo` (`id`, `codigo_unico`, `marca`, `placa`, `serial`, `id_articulo`, `id_estado`, `id_tipo_activo`, `id_usuario`, `codigo_contable`) VALUES
(41, '832849522', 'Pencil', 'POli23', 'P14', 2, 74, 1, 35, '231312'),
(42, '198644922', 'Motorola', 'Hi22', 'P23', 2, 74, 1, 35, 'lkdsfk'),
(43, '3717688855', 'julipm', 'kok2', 'pl223', 5, 74, 1, 35, 'kok3'),
(44, '3049925705', 'unu2', 'nsun22', 'kion3', 5, 74, 1, 35, '23hu'),
(45, '2175512484', ' djfklsd', 'plo3', 'P1', 4, 74, 1, 35, 'a23s'),
(46, '3252901084', '151', 'as1', '555', 4, 74, 2, 35, '151515'),
(47, '622231173', '324', '32', '555', 3, 74, 1, 35, '151515');

-- --------------------------------------------------------

--
-- Estructura de tabla para la tabla `detalle_solicitud`
--

CREATE TABLE `detalle_solicitud` (
  `id` bigint(20) NOT NULL,
  `cantidad` int(11) NOT NULL,
  `observacion` longtext NOT NULL,
  `valor_total` double NOT NULL,
  `valor_unitario` double NOT NULL,
  `id_articulos` bigint(20) NOT NULL,
  `id_estado` bigint(20) NOT NULL,
  `id_solicitud` bigint(20) NOT NULL
) ENGINE=InnoDB DEFAULT CHARSET=utf8mb4;

--
-- Volcado de datos para la tabla `detalle_solicitud`
--

INSERT INTO `detalle_solicitud` (`id`, `cantidad`, `observacion`, `valor_total`, `valor_unitario`, `id_articulos`, `id_estado`, `id_solicitud`) VALUES
(1, 2, 'sss', 4000, 2000, 6, 37, 124),
(2, 2, 'ssss', 2000, 1000, 4, 37, 124),
(3, 5, 'sas', 0, 0, 2, 59, 125),
(4, 2, 'Preuba 2', 40000, 20000, 4, 37, 126),
(5, 5, 'prueba 1', 15000, 3000, 2, 37, 126),
(6, 5, 'sas', 11110, 2222, 2, 37, 125),
(7, 6, 'SASA', 0, 0, 2, 59, 127),
(8, 1, 'SSS', 0, 0, 3, 59, 127),
(9, 2, 'SS', 0, 0, 19, 59, 127),
(10, 3, 'SSS', 0, 0, 9, 59, 127),
(11, 7, 'SAS', 0, 0, 6, 59, 127),
(12, 9, 'ASA\n', 0, 0, 5, 59, 127),
(13, 9, 'SSS\n', 0, 0, 4, 59, 127),
(14, 34, 'SSS', 0, 0, 7, 59, 127),
(15, 1, 'SSS', 2000, 2000, 3, 37, 127),
(16, 2, 'SS', 2000, 1000, 19, 37, 127),
(17, 6, 'SASA', 6000, 1000, 2, 37, 127),
(18, 7, 'SAS', 3500, 500, 6, 37, 127),
(19, 9, 'SSS\n', 10800, 1200, 4, 37, 127),
(20, 9, 'ASA\n', 18000, 2000, 5, 37, 127),
(21, 34, 'SSS', 680000, 20000, 7, 37, 127),
(22, 2, 'ssss', 0, 0, 2, 59, 128),
(23, 4, 'asa', 2000, 500, 2, 37, 129),
(24, 4, 'Pruebas', 0, 0, 2, 59, 130),
(25, 4, 'Pruebas', 0, 0, 2, 59, 130),
(26, 4, 'Pruebas', 80000, 20000, 2, 37, 130),
(27, 5, 'sss', 25000, 5000, 5, 37, 130),
(28, 5, 'sas', 5000, 1000, 6, 37, 131),
(29, 2, 'sss', 4000, 2000, 4, 37, 131),
(30, 2, 'sss', 200, 100, 2, 37, 131),
(31, 2, 'sas', 0, 0, 2, 59, 132),
(32, 5, 'pruebas', 0, 0, 4, 59, 132),
(33, 6, 'sas', 60000, 10000, 2, 37, 133),
(34, 9, 'ss', 900, 100, 5, 37, 133),
(35, 5, 'pruebas', 0, 0, 4, 56, 132),
(36, 2, 'sas', 0, 0, 2, 56, 132),
(37, 2, 'ssss', 0, 0, 2, 59, 128),
(38, 2, 'ssss', 0, 0, 2, 56, 128),
(45, 2, 'sas', 4000, 2000, 2, 37, 136),
(46, 9, 'sss', 18000, 2000, 46, 37, 137),
(47, 5, 'sss', 50000, 10000, 5, 37, 137),
(48, 3, 'sas', 3000, 1000, 2, 37, 137),
(49, 5, 'sss', 5000, 1000, 47, 37, 138),
(50, 2, 'sas', 4000, 2000, 2, 37, 138),
(51, 3, 'ss', 300, 100, 5, 37, 138),
(52, 2, 'sas', 200, 100, 3, 37, 139),
(53, 2, 'sss', 400, 200, 5, 37, 139),
(54, 2, 'sss', 20000, 10000, 4, 37, 140),
(55, 3, 'sas', 6000, 2000, 2, 37, 140),
(56, 1, 'sas', 1000, 1000, 50, 37, 141),
(57, 3, 'sss', 6000, 2000, 3, 37, 141),
(58, 3, 'sss', 3000, 1000, 4, 37, 142),
(59, 5, 'ssss', 1000, 200, 3, 37, 142),
(60, 1, 'sas', 300, 300, 2, 37, 142),
(61, 2, 'sas', 2000, 1000, 2, 37, 143),
(62, 6, 'sassss', 12000, 2000, 5, 37, 143),
(63, 3, 'sss', 600, 200, 4, 37, 143),
(64, 3, 'sss', 3000, 1000, 7, 37, 144),
(65, 1, 'sasss', 200, 200, 2, 37, 144),
(66, 3, 'sss', 600, 200, 5, 37, 144),
(67, 3, 'sss', 30000, 10000, 4, 37, 145),
(68, 1, 'sas', 2000, 2000, 2, 37, 145),
(69, 5, 'sss', 1000, 200, 5, 37, 145),
(70, 3, 'sss', 300, 100, 4, 37, 146),
(71, 4, 'sss', 800, 200, 5, 37, 146),
(72, 1, 'sas', 2000, 2000, 2, 37, 146),
(73, 3, 's', 3000, 1000, 5, 37, 147),
(74, 2, 'sss', 4000, 2000, 4, 37, 147),
(75, 2, 'sas', 200, 100, 2, 37, 147),
(76, 2222, 'sasas', 0, 0, 2, 54, 148),
(77, 2, 'sas', 24644, 12322, 3, 37, 149);

-- --------------------------------------------------------

--
-- Estructura de tabla para la tabla `elementos_visita`
--

CREATE TABLE `elementos_visita` (
  `id` bigint(20) NOT NULL,
  `descripcion` varchar(250) NOT NULL
) ENGINE=InnoDB DEFAULT CHARSET=utf8mb4;

--
-- Volcado de datos para la tabla `elementos_visita`
--

INSERT INTO `elementos_visita` (`id`, `descripcion`) VALUES
(1, 'Computadores'),
(2, 'Teclados'),
(3, 'Mouse'),
(4, 'Mesas'),
(5, 'Sillitas'),
(7, 'tableros de resultados');

-- --------------------------------------------------------

--
-- Estructura de tabla para la tabla `eliminacion_turno_vendedor`
--

CREATE TABLE `eliminacion_turno_vendedor` (
  `id` bigint(20) NOT NULL,
  `observacion` varchar(250) NOT NULL,
  `id_asignar_turno_vendedor` bigint(20) NOT NULL,
  `id_usuario` bigint(20) NOT NULL,
  `estado` varchar(50) NOT NULL
) ENGINE=InnoDB DEFAULT CHARSET=utf8mb4;

--
-- Volcado de datos para la tabla `eliminacion_turno_vendedor`
--

INSERT INTO `eliminacion_turno_vendedor` (`id`, `observacion`, `id_asignar_turno_vendedor`, `id_usuario`, `estado`) VALUES
(18, 'Prueba', 816, 35, 'Pendiente');

-- --------------------------------------------------------

--
-- Estructura de tabla para la tabla `escala_solicitud`
--

CREATE TABLE `escala_solicitud` (
  `id` bigint(20) NOT NULL,
  `descripcion` varchar(400) NOT NULL
) ENGINE=InnoDB DEFAULT CHARSET=utf8mb4;

--
-- Volcado de datos para la tabla `escala_solicitud`
--

INSERT INTO `escala_solicitud` (`id`, `descripcion`) VALUES
(1, 'Oficina Principal'),
(3, 'Mesa de servicio Matrix');

-- --------------------------------------------------------

--
-- Estructura de tabla para la tabla `estado`
--

CREATE TABLE `estado` (
  `id` bigint(20) NOT NULL,
  `descripcion` varchar(30) NOT NULL,
  `id_modulo` bigint(20) NOT NULL,
  `observacion` varchar(30) NOT NULL
) ENGINE=InnoDB DEFAULT CHARSET=utf8mb4;

--
-- Volcado de datos para la tabla `estado`
--

INSERT INTO `estado` (`id`, `descripcion`, `id_modulo`, `observacion`) VALUES
(1, 'Activo', 1, ''),
(2, 'Inactivo', 1, ''),
(3, 'Activo', 2, ''),
(4, 'Inactivo', 2, ''),
(5, 'Activo', 4, ''),
(6, 'Inactivo', 4, ''),
(7, 'Activo', 3, ''),
(8, 'Inactivo', 3, ''),
(9, 'Vuelta', 2, ''),
(11, 'Activo', 5, ''),
(12, 'Inactivo', 5, ''),
(13, 'Activo', 6, ''),
(14, 'Inactivo', 6, ''),
(15, 'Cumplio', 7, ''),
(16, 'Incumplio', 7, ''),
(17, 'Aun no es hora', 7, ''),
(18, 'No Ingreso', 7, ''),
(25, 'Sitio de venta diferente', 7, ''),
(26, 'Disponible', 22, ''),
(27, 'Inaccesible', 22, ''),
(28, 'Solicitud', 23, ''),
(29, 'Viable', 23, 'Viable'),
(30, 'Rechazado', 23, 'Rechazado'),
(31, 'Cotización', 24, ''),
(32, 'Rechazado', 24, ''),
(33, 'Finalizado', 24, ''),
(34, 'Finalizado', 23, ''),
(35, 'Rechazo cotización', 23, ''),
(36, 'Cotización', 23, ''),
(37, 'Registro', 23, ''),
(38, 'Pendiente', 25, 'Pendiente'),
(39, 'Aceptado', 25, 'Aceptado'),
(40, 'Rechazado', 25, 'Rechazado\n'),
(41, 'Activo', 26, ''),
(42, 'Inactivo', 26, ''),
(43, 'Registro', 27, ''),
(44, 'Aprobado', 27, ''),
(45, 'Rechazado', 27, ''),
(46, 'Aprobado Registro', 23, ''),
(47, 'Rechazado Registro', 23, ''),
(49, 'Disponible', 31, ''),
(50, 'Pendiente', 32, ''),
(51, 'Aprobado', 32, ''),
(52, 'No más opiniones', 32, ''),
(53, 'Más Opiniones', 32, ''),
(54, 'Pendiente Comentario', 23, ''),
(55, 'Más Comentarios', 23, ''),
(56, 'No más comentarios', 23, ''),
(57, 'Comentario Agregado', 23, ''),
(58, 'Comentario Agregado', 32, ''),
(59, 'Solicitud Anterior', 23, ''),
(60, 'Solicitud Aceptada', 23, ''),
(61, 'Solicitud Rechazada', 23, ''),
(62, 'Solicitud PQRS', 38, ''),
(63, 'Pendiente PQRS', 38, ''),
(64, 'Respuesta PQRS', 38, ''),
(65, 'Pendiente Historial', 39, ''),
(66, 'Respuesta Historial', 39, ''),
(67, 'Finalizado PQRS', 38, ''),
(68, 'Peticion Remision', 38, ' '),
(69, 'Prorroga PQRS', 38, ''),
(72, 'Ingreso', 49, '\n'),
(73, 'Salida', 49, ''),
(74, 'Articulo Activo', 53, ''),
(75, 'Articulo Inactivo', 53, ''),
(76, 'Aprobado Asignacion', 56, ''),
(77, 'Rechazo Asignación', 56, ''),
(78, 'Pendiente Asignacion', 56, ''),
(79, 'Cambio de Asignación', 56, ''),
(80, 'Pendiente Baja Articulo', 60, ''),
(81, 'Autorizada Baja Articulo', 60, ''),
(82, 'Confirmada Baja Articulo', 60, ''),
(83, 'Rechazo Solicitud Compras', 60, ''),
(84, 'Rechazo Baja Lider Proceso', 60, '\n');

-- --------------------------------------------------------

--
-- Estructura de tabla para la tabla `firmas`
--

CREATE TABLE `firmas` (
  `id` bigint(20) NOT NULL,
  `firma` varchar(250) NOT NULL,
  `id_usuario` bigint(20) NOT NULL
) ENGINE=InnoDB DEFAULT CHARSET=utf8mb4;

--
-- Volcado de datos para la tabla `firmas`
--

INSERT INTO `firmas` (`id`, `firma`, `id_usuario`) VALUES
(2, '7-peliculas-animadas-la-sirenita-cke.jpg', 35),
(3, '54384b5fd4634be174c409ecf47a38be.jpeg', 9);

-- --------------------------------------------------------

--
-- Estructura de tabla para la tabla `gestion_proceso`
--

CREATE TABLE `gestion_proceso` (
  `id` bigint(20) NOT NULL,
  `comentario` varchar(300) NOT NULL,
  `id_detalle_solicitud` bigint(20) NOT NULL,
  `id_estado` bigint(20) NOT NULL,
  `id_proceso` bigint(20) NOT NULL,
  `id_usuario` bigint(20) NOT NULL
) ENGINE=InnoDB DEFAULT CHARSET=utf8mb4;

--
-- Volcado de datos para la tabla `gestion_proceso`
--

INSERT INTO `gestion_proceso` (`id`, `comentario`, `id_detalle_solicitud`, `id_estado`, `id_proceso`, `id_usuario`) VALUES
(1, 'Comentario: Validando. ', 3, 58, 4, 33),
(2, 'Comentario: todo perfecto.. ', 14, 58, 4, 33),
(3, 'Comentario: SOlicito que sean mas validaciones. . ', 9, 58, 11, 33),
(4, 'Comentario: SE OSLOO. ', 10, 58, 4, 33),
(5, 'Comentario: VALIDAR.. ', 11, 58, 4, 33),
(6, 'Comentario: SEGUIR.. ', 12, 58, 4, 33),
(7, 'Comentario: SSS. ', 13, 58, 4, 33),
(8, 'Comentario: SSS. ', 14, 58, 4, 33),
(9, 'Comentario: Perfecto. . ', 25, 58, 4, 35),
(10, 'Comentario: Perfecto. . ', 32, 58, 4, 9),
(11, '', 76, 58, 12, 35),
(12, 'Comentario: Perfecto. . ', 77, 58, 7, 35),
(13, 'Comentario: Esta todo perfecto. \n. ', 77, 58, 4, 35);

-- --------------------------------------------------------

--
-- Estructura de tabla para la tabla `historial_articulo`
--

CREATE TABLE `historial_articulo` (
  `id` bigint(20) NOT NULL,
  `fecha` date NOT NULL,
  `observacion` longtext NOT NULL,
  `id_detalle_articulo` bigint(20) NOT NULL,
  `id_usuario` bigint(20) NOT NULL
) ENGINE=InnoDB DEFAULT CHARSET=utf8mb4;

--
-- Volcado de datos para la tabla `historial_articulo`
--

INSERT INTO `historial_articulo` (`id`, `fecha`, `observacion`, `id_detalle_articulo`, `id_usuario`) VALUES
(1, '2022-10-05', 'Se registro el articulo borrador con el serial P14 y la placa POli23, quedando a cargo del usuario Shirly Valentina Figueroa Rodriguez.', 41, 35),
(2, '2022-10-05', 'Se registro el articulo borrador con el serial P23 y la placa Hi22, quedando a cargo del usuario Shirly Valentina Figueroa Rodriguez.', 42, 35),
(3, '2022-10-05', 'Se reasignó el artículo Borrador al usuario miii olpo del área Gestión del Talento Humano', 41, 35),
(4, '2022-10-05', 'Se reasignó el artículo borrador al usuario Shirly Valentina Figueroa Rodriguez del área Gestión del Talento Humano', 41, 32),
(5, '2022-10-05', 'Se reasignó el artículo Borrador del usuario miii olpo del área Gestión del Talento Humano al usuario Sergio Vargas del área Gestión del Talento Humano', 41, 35),
(6, '2022-10-05', 'Se reasignó el artículo borrador al usuario Shirly Valentina Figueroa Rodriguez del área Gestión del Talento Humano', 41, 33),
(7, '2022-10-05', 'Se reasignó el artículo Borrador del usuario Shirly Valentina Figueroa Rodriguez del área Gestión del Talento Humano al usuario miii olpo del área Gestión del Talento Humano', 41, 35),
(8, '2022-10-05', 'Se reasignó el artículo Borrador del usuario Shirly Valentina Figueroa Rodriguez del área Gestión del Talento Humano al usuario Sergio Vargas del área Gestión del Talento Humano', 41, 32),
(9, '2022-10-05', 'Se reasignó el artículo borrador al usuario Shirly Valentina Figueroa Rodriguez del área Gestión del Talento Humano', 41, 33),
(10, '2022-10-05', 'Se reasignó el artículo borrador al usuario miii olpo del área gestión del talento humano', 41, 35),
(11, '2022-10-05', 'Se reasignó el artículo borrador al usuario miii olpo del área gestión del talento humano', 42, 35),
(12, '2022-10-05', 'Se reasignó el artículo borrador al usuario Shirly Valentina Figueroa Rodriguez del área Gestión del Talento Humano', 42, 32),
(13, '2022-10-05', 'Se realizo una nueva asignación del articulo borrador a la oficina oficina ppal neiva centro sur del sitio de venta oficina ppal neiva.', 41, 32),
(14, '2022-10-06', 'Se realizo una nueva asignación del articulo borrador a la oficina aipe oficina principal del sitio de venta aipe oficina principal.', 42, 35),
(15, '2022-10-06', 'Se registro el articulo corrector  con el serial pl223 y la placa kok2, quedando a cargo del usuario Shirly Valentina Figueroa Rodriguez.', 43, 35),
(16, '2022-10-06', 'Se registro el articulo corrector  con el serial kion3 y la placa nsun22, quedando a cargo del usuario Shirly Valentina Figueroa Rodriguez.', 44, 35),
(17, '2022-10-06', 'Se realizo una nueva asignación del articulo corrector  a la oficina oficina ppal neiva centro sur del sitio de venta oficina ppal neiva.', 44, 35),
(18, '2022-10-06', 'Se realizo una nueva asignación del articulo corrector  a la oficina rivera oficina principal del sitio de venta rivera oficina principal.', 43, 35),
(19, '2022-10-06', 'Se registro el articulo sacapuntas con el serial P1 y la placa plo3, quedando a cargo del usuario Shirly Valentina Figueroa Rodriguez.', 45, 35),
(20, '2022-10-06', 'Se reasignó el artículo corrector  al usuario miii olpo del área gestión del talento humano', 44, 35),
(21, '2022-10-06', 'Se reasignó el artículo corrector  al usuario shirly valentina figueroa rodriguez del área gestión del talento humano', 44, 32),
(22, '2022-10-07', 'Se reasignó el artículo corrector  al usuario shirly valentina figueroa rodriguez del área gestión del talento humano', 44, 35),
(23, '2022-10-12', 'Se reasignó el artículo corrector  al usuario miii olpo del área gestión del talento humano', 43, 35),
(24, '2022-10-13', 'Se registro el articulo sacapuntas con el serial 555 y la placa as1, quedando a cargo del usuario Shirly Valentina Figueroa Rodriguez.', 46, 35),
(25, '2022-10-13', 'Se registro el articulo lapices con el serial 555 y la placa 32, quedando a cargo del usuario Shirly Valentina Figueroa Rodriguez.', 47, 35),
(26, '2022-10-13', 'Se reasignó el artículo Corrector  de miii olpo  del área Gestión del Talento Humano al usuario Shirly Valentina Figueroa Rodriguez del área Gestión Comercial', 43, 35),
(27, '2022-10-13', 'Se reasignó el artículo Corrector  del usuario miii olpo del área Gestión del Talento Humano al usuario mariani josefa del área Gestión Comercial', 43, 35),
(28, '2022-10-13', 'Se reasignó el artículo Corrector  de mariani josefa  del área Gestión Comercial al usuario Shirly Valentina Figueroa Rodriguez del área Gestión Comercial', 43, 35),
(29, '2022-10-15', 'Se reasignó el artículo corrector  al usuario mariani josefa del área gestión comercial', 43, 35),
(30, '2022-10-15', 'Se reasignó el artículo Corrector  de mariani josefa  del área Gestión Comercial al usuario Shirly Valentina Figueroa Rodriguez del área Gestión Comercial', 43, 35),
(31, '2022-10-15', 'Se reasignó el artículo Corrector  del usuario mariani josefa del área Gestión Comercial al usuario Sergio Vargas del área Gestión del Talento Humano', 43, 35),
(32, '2022-10-15', 'Se reasignó el artículo Corrector  de Sergio Vargas  del área Gestión del Talento Humano al usuario Shirly Valentina Figueroa Rodriguez del área Gestión Comercial', 43, 35);

-- --------------------------------------------------------

--
-- Estructura de tabla para la tabla `historial_solicitudes`
--

CREATE TABLE `historial_solicitudes` (
  `id` bigint(20) NOT NULL,
  `observacion` varchar(500) NOT NULL,
  `id_estado` bigint(20) NOT NULL,
  `id_solicitud_sc` bigint(20) NOT NULL,
  `id_usuario` bigint(20) NOT NULL
) ENGINE=InnoDB DEFAULT CHARSET=utf8mb4;

--
-- Volcado de datos para la tabla `historial_solicitudes`
--

INSERT INTO `historial_solicitudes` (`id`, `observacion`, `id_estado`, `id_solicitud_sc`, `id_usuario`) VALUES
(215, 'asdsad', 66, 128, 9),
(216, 'asdasd', 66, 128, 28),
(217, '5151', 66, 128, 33),
(218, 'opkok', 66, 128, 32),
(219, 'sdds', 66, 131, 35),
(220, 'Logro dar solucción. ', 66, 131, 35),
(221, 'Prueba ', 66, 132, 35),
(222, 'Validando ', 66, 132, 35),
(223, 'Si :3', 66, 132, 32),
(224, 'sadad', 66, 130, 35),
(225, '', 65, 130, 28),
(226, '', 65, 130, 35),
(227, 'dsfdsf', 66, 129, 35),
(228, '', 65, 129, 35),
(229, '', 65, 129, 32),
(230, 'dsfsfsfdf', 66, 133, 35),
(231, '', 65, 133, 35),
(232, 'asdsasdsd', 66, 134, 35),
(233, '', 65, 134, 35);

-- --------------------------------------------------------

--
-- Estructura de tabla para la tabla `ingreso_personal_empresa`
--

CREATE TABLE `ingreso_personal_empresa` (
  `id` bigint(20) NOT NULL,
  `apellido` varchar(50) NOT NULL,
  `documento` varchar(15) NOT NULL,
  `fecha` date NOT NULL,
  `hora_ingreso` varchar(20) NOT NULL,
  `hora_salida` varchar(20) NOT NULL,
  `ide_oficina` int(11) NOT NULL,
  `nombre` varchar(50) NOT NULL,
  `id_area` bigint(20) NOT NULL,
  `id_estado` bigint(20) NOT NULL,
  `id_sedes` bigint(20) NOT NULL,
  `id_tipo_documento` bigint(20) NOT NULL,
  `rh` varchar(10) NOT NULL,
  `arl` varchar(100) NOT NULL,
  `eps` varchar(100) NOT NULL,
  `nombre_imagen` varchar(250) NOT NULL,
  `telefono` varchar(250) NOT NULL
) ENGINE=InnoDB DEFAULT CHARSET=utf8mb4;

--
-- Volcado de datos para la tabla `ingreso_personal_empresa`
--

INSERT INTO `ingreso_personal_empresa` (`id`, `apellido`, `documento`, `fecha`, `hora_ingreso`, `hora_salida`, `ide_oficina`, `nombre`, `id_area`, `id_estado`, `id_sedes`, `id_tipo_documento`, `rh`, `arl`, `eps`, `nombre_imagen`, `telefono`) VALUES
(1, 'Cortes', '10758965421', '2022-09-16', '12:28', '12:29', 1, 'Mariana', 1, 73, 2, 1, '0+', '1', 'sanitas', 'ssss', '3126116198'),
(2, 'Cortes', '10758965421', '2022-09-17', '12:29', '', 1, 'Mariana', 3, 72, 2, 1, 'a+', '1', 'sanitas', 'ss', '3126116198'),
(3, 'Gonzales', '5132843250', '2022-09-18', '10:08', '10:53', 1, 'Arnulfo', 2, 73, 3, 1, 'a+', '2', 'sanitas', 'sa', '3126116198'),
(4, 'Gonzales', '156651', '2022-09-20', '18:46', '', 13, 'Luis', 1, 72, 3, 1, 'A+', 'Positiva', 'Sanitas', '156651-Luis-Gonzales.jpeg', '312051633221'),
(5, 'Gonzales', '65164849', '2022-09-20', '18:46', '', 13, 'Luis', 1, 72, 3, 1, 'A+', 'Positiva', 'Sanitas', '65164849-Luis-Gonzales.jpeg', '312051633221'),
(6, 'Bravo Reyes', '10749685758', '2022-09-20', '18:54', '18:54', 1, 'Sofia', 1, 73, 2, 1, 'o+', ' SS', 'Sanitas', '10749685758-Sofia-Bravo Reyes.jpeg', '31261168597'),
(7, 'Bravo Reyes', '10749685758', '2022-09-20', '18:55', '18:55', 1, 'Sofia', 2, 73, 3, 1, 'o+', ' SS', 'Sanitas', '10749685758-Sofia-Bravo Reyes.jpeg', '31261168597'),
(8, 'Cortes', '15789578564', '2022-09-22', '9:20', '', 1, 'Dahira', 1, 72, 2, 1, 'o+', 'ASS', 'Sanitas', '15789578564-Dahira-Cortes.jpeg', '3111111'),
(9, 'Bravo Reyes', '10749685758', '2022-09-22', '9:33', '', 1, 'Sofia', 2, 72, 3, 1, 'o+', ' SS', 'Sanitas', '10749685758-Sofia-Bravo Reyes.jpeg', '31261168597'),
(10, 'Emilio', '10526597855', '2022-09-22', '9:49', '', 1, 'Cristian ', 1, 72, 2, 1, 'A+', ' AAA', 'Sanitas', '10526597855-Cristian -Emilio.jpeg', '3215155968'),
(11, 'Saldaña', '10579578547', '2022-09-22', '9:49', '', 1, 'Cristian ', 1, 72, 2, 1, 'A+', ' AAA', 'Sanitas', '10579578547-Cristian -Saldaña.jpeg', '3215155968'),
(12, 'Murica', '151151515', '2022-10-12', '16:13', '16:13', 11, 'Joselito', 3, 73, 3, 2, 'o+', 'AAA', 'sanitas', '151151515-Joselito-Murica.jpeg', '31511221458');

-- --------------------------------------------------------

--
-- Estructura de tabla para la tabla `inventario`
--

CREATE TABLE `inventario` (
  `id` bigint(20) NOT NULL,
  `cantidad` int(11) NOT NULL,
  `fecha` date NOT NULL,
  `id_detalle_articulo` bigint(20) NOT NULL,
  `id_usuario` bigint(20) NOT NULL
) ENGINE=InnoDB DEFAULT CHARSET=utf8mb4;

--
-- Volcado de datos para la tabla `inventario`
--

INSERT INTO `inventario` (`id`, `cantidad`, `fecha`, `id_detalle_articulo`, `id_usuario`) VALUES
(1, 2, '2022-10-05', 41, 35),
(2, 1, '2022-10-05', 42, 35),
(3, 3, '2022-10-06', 43, 35),
(4, 3, '2022-10-06', 44, 35),
(5, 2, '2022-10-06', 45, 35),
(6, 1, '2022-10-13', 46, 35),
(7, 1, '2022-10-13', 47, 35);

-- --------------------------------------------------------

--
-- Estructura de tabla para la tabla `jerarquia`
--

CREATE TABLE `jerarquia` (
  `id` bigint(20) NOT NULL,
  `descripcion` varchar(30) NOT NULL
) ENGINE=InnoDB DEFAULT CHARSET=utf8mb4;

--
-- Volcado de datos para la tabla `jerarquia`
--

INSERT INTO `jerarquia` (`id`, `descripcion`) VALUES
(2, 'Todo'),
(3, 'Zona'),
(4, 'Oficina'),
(9, 'zonar');

-- --------------------------------------------------------

--
-- Estructura de tabla para la tabla `matriz_necesidad`
--

CREATE TABLE `matriz_necesidad` (
  `id` bigint(20) NOT NULL,
  `cantidad` int(11) NOT NULL,
  `cantidad_ejecuciones` int(11) NOT NULL,
  `costo_estimado` double NOT NULL,
  `costo_total` double NOT NULL,
  `costo_unitario` double NOT NULL,
  `detalle` varchar(500) NOT NULL,
  `fecha` date NOT NULL,
  `porcentaje_total` double NOT NULL,
  `id_sub_proceso` bigint(20) NOT NULL,
  `id_tipo_necesidad` bigint(20) NOT NULL
) ENGINE=InnoDB DEFAULT CHARSET=utf8mb4;

--
-- Volcado de datos para la tabla `matriz_necesidad`
--

INSERT INTO `matriz_necesidad` (`id`, `cantidad`, `cantidad_ejecuciones`, `costo_estimado`, `costo_total`, `costo_unitario`, `detalle`, `fecha`, `porcentaje_total`, `id_sub_proceso`, `id_tipo_necesidad`) VALUES
(17, 3, 2, 30000, 2005, 10000, 'sassss', '2022-10-13', 100, 1, 1),
(18, 1, 1, 1, 7000, 1, 'SASSSSSSSSSSSSSSSSSSSSS', '2022-10-13', 100, 1, 1),
(19, 3, 2, 30000, 0, 10000, 'Solicitud para la encargada Jenny', '2022-10-13', 0, 1, 2),
(20, 3, 2, 30000, 0, 10000, 'Solicitar a Jenny', '2022-10-13', 0, 1, 2),
(21, 3, 2, 30000, 0, 10000, 'Solicitar a Jennyt', '2022-10-13', 0, 1, 1),
(22, 3, 2, 300000, 204, 100000, 'Solicitar Jenny', '2022-10-13', 100, 1, 2);

-- --------------------------------------------------------

--
-- Estructura de tabla para la tabla `matriz_necesidad_detalle`
--

CREATE TABLE `matriz_necesidad_detalle` (
  `id` bigint(20) NOT NULL,
  `cantidad_comprada` int(11) NOT NULL,
  `cantidad_ejecuciones` int(11) NOT NULL,
  `cantidad_estimada` int(11) NOT NULL,
  `costo_ejecucion_comprada` double NOT NULL,
  `fecha` date NOT NULL,
  `porcentaje` double NOT NULL,
  `id_matriz_necesidad` bigint(20) NOT NULL,
  `cantidad_ejecuciones_cumplidas` int(11) NOT NULL,
  `descripcion` longtext NOT NULL
) ENGINE=InnoDB DEFAULT CHARSET=utf8mb4;

--
-- Volcado de datos para la tabla `matriz_necesidad_detalle`
--

INSERT INTO `matriz_necesidad_detalle` (`id`, `cantidad_comprada`, `cantidad_ejecuciones`, `cantidad_estimada`, `costo_ejecucion_comprada`, `fecha`, `porcentaje`, `id_matriz_necesidad`, `cantidad_ejecuciones_cumplidas`, `descripcion`) VALUES
(13, 22, 1, 2, 2000, '2022-03-11', 50, 17, 1, 'Comprar varios computadores para sistemas por fallos electricos. '),
(14, 100, 1, 1, 5, '2022-10-11', 50, 17, 1, 'COmprar varias reglas para cntabilidad que se encuentran pendientes aun '),
(15, 2, 1, 1, 7000, '2022-07-11', 100, 18, 1, 'asdsadsa'),
(16, 0, 1, 2, 0, '2022-02-11', 0, 21, 0, 'Comprar Reglas'),
(17, 0, 1, 1, 0, '2022-06-11', 0, 21, 0, 'Comprar auriculares'),
(18, 10, 1, 1, 200, '2022-10-11', 50, 22, 1, 'COmprar auriculareds'),
(19, 4, 1, 2, 4, '2022-07-11', 50, 22, 1, 'Comprar reglas');

-- --------------------------------------------------------

--
-- Estructura de tabla para la tabla `medios_radiacion`
--

CREATE TABLE `medios_radiacion` (
  `id` bigint(20) NOT NULL,
  `descripcion` varchar(30) NOT NULL
) ENGINE=InnoDB DEFAULT CHARSET=utf8mb4;

--
-- Volcado de datos para la tabla `medios_radiacion`
--

INSERT INTO `medios_radiacion` (`id`, `descripcion`) VALUES
(1, 'Correo'),
(2, 'Fisico');

-- --------------------------------------------------------

--
-- Estructura de tabla para la tabla `modulo`
--

CREATE TABLE `modulo` (
  `id` bigint(20) NOT NULL,
  `descripcion` varchar(30) NOT NULL
) ENGINE=InnoDB DEFAULT CHARSET=utf8mb4;

--
-- Volcado de datos para la tabla `modulo`
--

INSERT INTO `modulo` (`id`, `descripcion`) VALUES
(1, 'Tipo Turno'),
(2, 'Turnos'),
(3, 'Rol'),
(4, 'Tipo Documento'),
(5, 'Usuario'),
(6, 'Asignacion de Turno'),
(7, 'Malla'),
(10, 'Modulo'),
(11, 'Jerarquia'),
(12, 'Tipo Novedades'),
(13, 'Asignar Turno Vendedor'),
(14, 'Reportes'),
(15, 'Agregar Visita Detalle'),
(16, 'Elementos Visita'),
(17, 'Opciones Visita'),
(18, 'Reportes Visita'),
(19, 'Configuracion'),
(20, 'Malla de Cierre'),
(21, 'Aprobacion'),
(22, 'Articulos'),
(23, 'Solicitudes'),
(24, 'Cotización'),
(25, 'CotizacionPdf'),
(26, 'Proveedor'),
(27, 'Registro'),
(28, 'Raspas'),
(29, 'Solicitudes Realizadas'),
(30, 'Generar Solicitud'),
(31, 'Categorias'),
(32, 'Observación'),
(33, 'Asignación de categoria'),
(38, 'Recepción de datos y PQRS'),
(39, 'Remisiones de PQRS'),
(40, 'Presupuesto Venta Mensual'),
(41, 'Reporte Asesor'),
(42, 'Tipo Servicio PQRS'),
(43, 'Escalas Solicitudes PQRS'),
(44, 'Motivos Solicitud PQRS'),
(45, 'Clientes SC PQRS'),
(46, 'Asignación Usuario PQRS'),
(47, 'Área Usuario PQRS'),
(49, 'Registro ingreso personal'),
(50, 'Sedes registro ingreso'),
(51, 'Tipo activo'),
(52, 'Tipo proceso'),
(53, 'Detalle articulo'),
(54, 'Historial articulo'),
(55, 'Asignacion proceso a usuarios'),
(56, 'Asignacion articulo a usuario'),
(57, 'Asignar punto venta articulo'),
(58, 'Firmas Usuario'),
(59, 'Mis articulos'),
(60, 'Solicitudes bajas articulos'),
(61, 'Lista bajas lider proceso'),
(62, 'Lista articulo inventario'),
(63, 'Subproceso matriz necesidad'),
(64, 'Matriz necesidad'),
(65, 'Tipo necesidad matriz'),
(66, 'Medios de radicacion');

-- --------------------------------------------------------

--
-- Estructura de tabla para la tabla `motivo_solicitud`
--

CREATE TABLE `motivo_solicitud` (
  `id` bigint(20) NOT NULL,
  `descripcion` varchar(400) NOT NULL,
  `id_area` bigint(20) NOT NULL
) ENGINE=InnoDB DEFAULT CHARSET=utf8mb4;

--
-- Volcado de datos para la tabla `motivo_solicitud`
--

INSERT INTO `motivo_solicitud` (`id`, `descripcion`, `id_area`) VALUES
(1, 'Historial de Giros', 1);

-- --------------------------------------------------------

--
-- Estructura de tabla para la tabla `movimiento_compras_inventario`
--

CREATE TABLE `movimiento_compras_inventario` (
  `id` bigint(20) NOT NULL,
  `cantidad` int(11) NOT NULL,
  `id_articulo` bigint(20) NOT NULL
) ENGINE=InnoDB DEFAULT CHARSET=utf8mb4;

--
-- Volcado de datos para la tabla `movimiento_compras_inventario`
--

INSERT INTO `movimiento_compras_inventario` (`id`, `cantidad`, `id_articulo`) VALUES
(112, 3, 5),
(113, 2, 4),
(114, 0, 2),
(115, 3, 3);

-- --------------------------------------------------------

--
-- Estructura de tabla para la tabla `novedades`
--

CREATE TABLE `novedades` (
  `id` bigint(20) NOT NULL,
  `fecha` date NOT NULL,
  `observacion` text NOT NULL,
  `id_asignar_turno_vendedor` bigint(20) NOT NULL,
  `id_tipo_novedad` bigint(20) NOT NULL,
  `id_usuario` bigint(20) NOT NULL,
  `hora` varchar(100) NOT NULL,
  `estado` varchar(60) NOT NULL,
  `tipo_malla` varchar(100) NOT NULL
) ENGINE=InnoDB DEFAULT CHARSET=utf8mb4;

--
-- Volcado de datos para la tabla `novedades`
--

INSERT INTO `novedades` (`id`, `fecha`, `observacion`, `id_asignar_turno_vendedor`, `id_tipo_novedad`, `id_usuario`, `hora`, `estado`, `tipo_malla`) VALUES
(28, '2022-09-14', 'Prueba1', 1146, 3, 35, '12:43', 'No Ingreso', 'Malla Ingreso');

-- --------------------------------------------------------

--
-- Estructura de tabla para la tabla `opciones_visita`
--

CREATE TABLE `opciones_visita` (
  `id` bigint(20) NOT NULL,
  `descripcion` varchar(30) NOT NULL
) ENGINE=InnoDB DEFAULT CHARSET=utf8mb4;

--
-- Volcado de datos para la tabla `opciones_visita`
--

INSERT INTO `opciones_visita` (`id`, `descripcion`) VALUES
(1, 'Bueno'),
(2, 'Regular'),
(3, 'Malo'),
(7, 'medio');

-- --------------------------------------------------------

--
-- Estructura de tabla para la tabla `opcion_articulo_baja`
--

CREATE TABLE `opcion_articulo_baja` (
  `id` bigint(20) NOT NULL,
  `descripcion` varchar(200) NOT NULL
) ENGINE=InnoDB DEFAULT CHARSET=utf8mb4;

--
-- Volcado de datos para la tabla `opcion_articulo_baja`
--

INSERT INTO `opcion_articulo_baja` (`id`, `descripcion`) VALUES
(1, 'Daño'),
(2, 'Deterioro');

-- --------------------------------------------------------

--
-- Estructura de tabla para la tabla `orden_compra`
--

CREATE TABLE `orden_compra` (
  `id` bigint(20) NOT NULL,
  `anticipo_porcentaje` double NOT NULL,
  `descuento` double NOT NULL,
  `subtotal` double NOT NULL,
  `valor_anticipo` double NOT NULL,
  `id_estado` bigint(20) NOT NULL,
  `id_proveedor` bigint(20) NOT NULL,
  `id_solicitud` bigint(20) NOT NULL,
  `id_usuario` bigint(20) NOT NULL
) ENGINE=InnoDB DEFAULT CHARSET=utf8mb4;

--
-- Volcado de datos para la tabla `orden_compra`
--

INSERT INTO `orden_compra` (`id`, `anticipo_porcentaje`, `descuento`, `subtotal`, `valor_anticipo`, `id_estado`, `id_proveedor`, `id_solicitud`, `id_usuario`) VALUES
(1, 0, 0, 6000, 6000, 44, 1, 124, 33),
(2, 0, 0, 55000, 55000, 44, 1, 126, 33),
(3, 0, 0, 722300, 722300, 44, 1, 127, 33),
(4, 0, 0, 11110, 11110, 43, 1, 125, 33),
(5, 0, 0, 2000, 4000, 44, 1, 129, 35),
(6, 22, 23100, 105000, 81900, 45, 1, 130, 35),
(8, 0, 0, 60900, 60900, 43, 1, 133, 9),
(9, 0, 0, 9200, 9200, 45, 1, 131, 35),
(10, 0, 0, 86000, 86000, 43, 1, 134, 35),
(11, 0, 0, 10000, 10000, 44, 1, 135, 35),
(12, 0, 0, 4000, 4000, 44, 1, 136, 35),
(13, 0, 0, 71000, 71000, 44, 1, 137, 35),
(14, 0, 0, 9300, 9300, 43, 1, 138, 35),
(15, 0, 0, 600, 600, 44, 1, 139, 35),
(16, 0, 0, 26000, 26000, 43, 1, 140, 35),
(17, 0, 0, 7000, 7000, 43, 1, 141, 35),
(18, 0, 0, 4300, 4300, 44, 1, 142, 35),
(19, 0, 0, 14600, 14600, 44, 1, 143, 35),
(20, 0, 0, 3800, 3800, 44, 1, 144, 35),
(21, 0, 0, 33000, 33000, 44, 1, 145, 35),
(22, 0, 0, 3100, 3100, 44, 1, 146, 35),
(23, 0, 0, 7200, 7200, 44, 1, 147, 35),
(24, 0, 0, 24644, 24644, 44, 1, 149, 35);

-- --------------------------------------------------------

--
-- Estructura de tabla para la tabla `presupuesto_venta_mensual`
--

CREATE TABLE `presupuesto_venta_mensual` (
  `id` bigint(20) NOT NULL,
  `valor_presupuesto` int(11) NOT NULL,
  `id_sitio_venta` int(11) NOT NULL,
  `mes` date NOT NULL,
  `nombre_sitio_venta` varchar(30) NOT NULL
) ENGINE=InnoDB DEFAULT CHARSET=utf8mb4;

--
-- Volcado de datos para la tabla `presupuesto_venta_mensual`
--

INSERT INTO `presupuesto_venta_mensual` (`id`, `valor_presupuesto`, `id_sitio_venta`, `mes`, `nombre_sitio_venta`) VALUES
(1, 15000, 14002, '2022-08-11', 'SAN ALFONSO'),
(2, 5000000, 14002, '2022-06-16', 'SAN ALFONSO'),
(3, 6000000, 11001, '2022-09-16', 'RIVERA OFICINA PRINCIPAL'),
(4, 9000000, 11002, '2022-03-16', 'LA ULLOA'),
(5, 3498969, 35003, '2022-08-11', 'OFICINA PRINCIPAL-GALERIA'),
(6, 3000000, 32001, '2022-08-08', 'OFICINA PRINCIPAL GARZON'),
(7, 20000000, 32008, '2022-08-18', 'HOSPITAL'),
(8, 4000000, 32005, '2022-08-11', 'COMCEL'),
(9, 7000000, 32006, '2022-08-11', 'GALERIA'),
(10, 3000000, 1001, '2022-08-11', 'OFICINA PPAL NEIVA'),
(11, 200000, 13001, '2022-10-11', 'JUNCAL OFICINA PRINCIPAL');

-- --------------------------------------------------------

--
-- Estructura de tabla para la tabla `proceso`
--

CREATE TABLE `proceso` (
  `id` bigint(20) NOT NULL,
  `id_categoria` bigint(20) NOT NULL,
  `id_usuario` bigint(20) NOT NULL
) ENGINE=InnoDB DEFAULT CHARSET=utf8mb4;

--
-- Volcado de datos para la tabla `proceso`
--

INSERT INTO `proceso` (`id`, `id_categoria`, `id_usuario`) VALUES
(2, 5, 33),
(4, 1, 32),
(5, 5, 9),
(7, 1, 27),
(10, 1, 34),
(11, 5, 32),
(12, 1, 35);

-- --------------------------------------------------------

--
-- Estructura de tabla para la tabla `proveedor`
--

CREATE TABLE `proveedor` (
  `id` bigint(20) NOT NULL,
  `direccion` varchar(50) NOT NULL,
  `documento` varchar(50) NOT NULL,
  `nombre` varchar(50) NOT NULL,
  `observacion` varchar(250) NOT NULL,
  `telefono` varchar(50) NOT NULL,
  `id_estado` bigint(20) NOT NULL,
  `id_tipo_documento` bigint(20) NOT NULL
) ENGINE=InnoDB DEFAULT CHARSET=utf8mb4;

--
-- Volcado de datos para la tabla `proveedor`
--

INSERT INTO `proveedor` (`id`, `direccion`, `documento`, `nombre`, `observacion`, `telefono`, `id_estado`, `id_tipo_documento`) VALUES
(1, 'CRA 1 DW 65-41', '1003864960', 'Santiago Narváez', 'aaaa', '3138463532', 41, 1),
(2, 'calle 14 #30-72', '1587', 'Samuel Perez', 'samii :3', '31211111', 41, 1),
(4, 'asddasaaaaaa', '3242', 'asds', 'asdsa', '242245432', 41, 1);

-- --------------------------------------------------------

--
-- Estructura de tabla para la tabla `raspas`
--

CREATE TABLE `raspas` (
  `id` bigint(20) NOT NULL,
  `estado` int(11) NOT NULL,
  `fec_pago` date NOT NULL,
  `fec_venta` date NOT NULL,
  `ide_oficina` int(11) NOT NULL,
  `raspa` varchar(50) NOT NULL,
  `apellido1` varchar(50) NOT NULL,
  `emision_raspa` varchar(50) NOT NULL,
  `nombres` varchar(50) NOT NULL
) ENGINE=InnoDB DEFAULT CHARSET=utf8mb4;

--
-- Volcado de datos para la tabla `raspas`
--

INSERT INTO `raspas` (`id`, `estado`, `fec_pago`, `fec_venta`, `ide_oficina`, `raspa`, `apellido1`, `emision_raspa`, `nombres`) VALUES
(19, 28, '2022-07-01', '2022-02-02', 1, '000001400001110578', 'ORTIZ', '000001', 'ANDREA PAOLA'),
(20, 28, '2022-07-08', '2022-02-14', 1, '000001400001111978', 'ROMERO', '000001', 'DIANA GISELLA'),
(21, 28, '2022-07-12', '2022-02-15', 1, '000002400000970801', 'ORTIZ', '000002', 'ANDREA PAOLA'),
(22, 28, '2022-08-01', '2022-07-31', 1, '000009400001257277', 'CEBALLES', '000009', 'ALBA CECILIA'),
(23, 28, '2022-08-01', '2022-07-31', 1, '000018400001266937', 'PALACIOS', '000018', 'ANDREA INELDA'),
(24, 28, '2022-08-01', '2022-07-31', 1, '000009400001257288', 'CEBALLES', '000009', 'ALBA CECILIA'),
(25, 28, '2022-08-01', '2022-07-31', 1, '000009400001257282', 'CEBALLES', '000009', 'ALBA CECILIA'),
(26, 28, '2022-08-01', '2022-07-30', 1, '000015400000426053', 'CELIS', '000015', 'ANGELICA JOHANA'),
(27, 28, '2022-08-01', '2022-08-01', 1, '000011400001544693', 'MUÑOZ', '000011', 'KARLA XIOMARA'),
(28, 28, '2022-08-01', '2022-08-01', 1, '000016400000498351', 'MUÑOZ', '000016', 'KARLA XIOMARA'),
(29, 28, '2022-08-01', '2022-08-01', 1, '000018400001660068', 'MUÑOZ', '000018', 'KARLA XIOMARA'),
(30, 28, '2022-08-01', '2022-08-01', 1, '000016400000584007', 'MUÑOZ', '000016', 'KARLA XIOMARA'),
(31, 28, '2022-08-01', '2022-07-31', 1, '000009400000247257', 'MUÑOZ', '000009', 'KARLA XIOMARA');

-- --------------------------------------------------------

--
-- Estructura de tabla para la tabla `recordatorio`
--

CREATE TABLE `recordatorio` (
  `id` bigint(20) NOT NULL,
  `descripcion` longtext NOT NULL,
  `fecha` date NOT NULL,
  `hora` varchar(255) NOT NULL,
  `envio` varchar(30) NOT NULL
) ENGINE=InnoDB DEFAULT CHARSET=utf8mb4;

--
-- Volcado de datos para la tabla `recordatorio`
--

INSERT INTO `recordatorio` (`id`, `descripcion`, `fecha`, `hora`, `envio`) VALUES
(1, 'Solicitar una cita medica para Jaz. ', '2022-10-13', '16:46', 'no'),
(2, 'Necesito realizar el cafe del ing. Cris. ', '2022-10-14', '15:17', 'no');

-- --------------------------------------------------------

--
-- Estructura de tabla para la tabla `registro_correo`
--

CREATE TABLE `registro_correo` (
  `id` bigint(20) NOT NULL,
  `fecha` date NOT NULL,
  `registro` varchar(20) NOT NULL,
  `id_usuario` bigint(20) NOT NULL
) ENGINE=InnoDB DEFAULT CHARSET=utf8mb4;

--
-- Volcado de datos para la tabla `registro_correo`
--

INSERT INTO `registro_correo` (`id`, `fecha`, `registro`, `id_usuario`) VALUES
(1, '2022-08-20', 'Si', 35),
(2, '2022-08-22', 'Si', 35),
(3, '2022-08-23', 'Si', 35),
(4, '2022-08-24', 'Si', 35),
(5, '2022-08-25', 'Si', 35),
(6, '2022-08-29', 'Si', 35),
(7, '2022-08-30', 'Si', 35),
(8, '2022-08-30', 'Si', 9),
(9, '2022-08-31', 'Si', 9),
(10, '2022-08-31', 'Si', 35),
(11, '2022-09-01', 'Si', 35),
(12, '2022-09-02', 'Si', 35),
(13, '2022-09-03', 'Si', 35),
(14, '2022-09-05', 'Si', 35),
(15, '2022-09-06', 'Si', 35),
(16, '2022-09-06', 'Si', 28),
(17, '2022-09-07', 'Si', 35),
(18, '2022-09-07', 'Si', 9),
(19, '2022-09-07', 'Si', 28),
(20, '2022-09-09', 'Si', 33),
(21, '2022-09-12', 'Si', 33),
(22, '2022-09-13', 'Si', 33),
(23, '2022-09-13', 'Si', 35),
(24, '2022-09-14', 'Si', 35),
(25, '2022-09-15', 'Si', 35),
(26, '2022-09-16', 'Si', 35),
(27, '2022-09-22', 'Si', 35),
(28, '2022-09-23', 'Si', 35),
(29, '2022-09-27', 'Si', 35),
(30, '2022-09-30', 'Si', 35),
(31, '2022-10-05', 'Si', 35),
(32, '2022-10-06', 'Si', 35),
(33, '2022-10-07', 'Si', 35),
(34, '2022-10-08', 'Si', 35),
(35, '2022-10-11', 'Si', 35),
(36, '2022-10-12', 'Si', 35),
(37, '2022-10-13', 'Si', 35),
(38, '2022-10-14', 'Si', 35),
(39, '2022-10-15', 'Si', 35);

-- --------------------------------------------------------

--
-- Estructura de tabla para la tabla `rol`
--

CREATE TABLE `rol` (
  `id` bigint(20) NOT NULL,
  `descripcion` varchar(30) NOT NULL,
  `id_estado` bigint(20) NOT NULL,
  `id_jerarquia` bigint(20) NOT NULL
) ENGINE=InnoDB DEFAULT CHARSET=utf8mb4;

--
-- Volcado de datos para la tabla `rol`
--

INSERT INTO `rol` (`id`, `descripcion`, `id_estado`, `id_jerarquia`) VALUES
(1, 'Director', 8, 2),
(6, 'Lider comercial', 7, 3),
(7, 'Vendedor', 7, 3),
(8, 'Para olpo y josefa', 7, 2),
(9, 'Lider del Proceso', 7, 2),
(10, 'Compras', 7, 2),
(11, 'Cotizacion', 7, 2),
(12, 'Comentarios Solicitudes', 7, 2),
(13, 'Recepción PQRS', 7, 2),
(14, 'Respuestas PQRS', 7, 2),
(18, 'Gerencia', 7, 2);

-- --------------------------------------------------------

--
-- Estructura de tabla para la tabla `sedes`
--

CREATE TABLE `sedes` (
  `id` bigint(20) NOT NULL,
  `descripcion` varchar(50) NOT NULL
) ENGINE=InnoDB DEFAULT CHARSET=utf8mb4;

--
-- Volcado de datos para la tabla `sedes`
--

INSERT INTO `sedes` (`id`, `descripcion`) VALUES
(2, 'Principal, Cra4'),
(3, 'Principal, Cra5');

-- --------------------------------------------------------

--
-- Estructura de tabla para la tabla `siga_raspas`
--

CREATE TABLE `siga_raspas` (
  `id` bigint(20) NOT NULL,
  `fec_pago` date NOT NULL,
  `fec_venta` date NOT NULL,
  `estado` int(11) NOT NULL,
  `ide_oficina` int(11) NOT NULL,
  `raspa` varchar(50) NOT NULL,
  `apellido1` varchar(50) NOT NULL,
  `emision_raspa` varchar(50) NOT NULL,
  `nombres` varchar(50) NOT NULL
) ENGINE=InnoDB DEFAULT CHARSET=utf8mb4;

-- --------------------------------------------------------

--
-- Estructura de tabla para la tabla `solicitud`
--

CREATE TABLE `solicitud` (
  `id` bigint(20) NOT NULL,
  `fecha` date NOT NULL,
  `id_estado` bigint(20) NOT NULL,
  `id_usuario` bigint(20) NOT NULL
) ENGINE=InnoDB DEFAULT CHARSET=utf8mb4;

--
-- Volcado de datos para la tabla `solicitud`
--

INSERT INTO `solicitud` (`id`, `fecha`, `id_estado`, `id_usuario`) VALUES
(124, '2022-09-08', 46, 33),
(125, '2022-09-08', 37, 33),
(126, '2022-09-09', 60, 33),
(127, '2022-09-09', 60, 35),
(128, '2022-09-12', 29, 35),
(129, '2022-09-14', 60, 35),
(130, '2022-09-14', 47, 35),
(131, '2022-09-17', 47, 35),
(132, '2022-09-19', 30, 9),
(133, '2022-09-19', 37, 9),
(134, '2022-09-26', 37, 35),
(135, '2022-09-26', 60, 35),
(136, '2022-09-27', 60, 35),
(137, '2022-10-01', 46, 35),
(138, '2022-10-01', 37, 35),
(139, '2022-10-01', 46, 35),
(140, '2022-10-01', 37, 35),
(141, '2022-10-01', 37, 35),
(142, '2022-10-01', 37, 35),
(143, '2022-10-01', 37, 35),
(144, '2022-10-01', 37, 35),
(145, '2022-10-01', 37, 35),
(146, '2022-10-01', 46, 35),
(147, '2022-10-01', 46, 35),
(148, '2022-10-14', 28, 35),
(149, '2022-10-14', 46, 35);

-- --------------------------------------------------------

--
-- Estructura de tabla para la tabla `solicitud_bajas_articulos`
--

CREATE TABLE `solicitud_bajas_articulos` (
  `id` bigint(20) NOT NULL,
  `fecha` date NOT NULL,
  `usuario_autorizacion` int(11) NOT NULL,
  `usuario_confirmacion` int(11) NOT NULL,
  `id_estado` bigint(20) NOT NULL,
  `id_usuario` bigint(20) NOT NULL
) ENGINE=InnoDB DEFAULT CHARSET=utf8mb4;

--
-- Volcado de datos para la tabla `solicitud_bajas_articulos`
--

INSERT INTO `solicitud_bajas_articulos` (`id`, `fecha`, `usuario_autorizacion`, `usuario_confirmacion`, `id_estado`, `id_usuario`) VALUES
(4, '2022-09-19', 35, 35, 82, 35),
(5, '2022-10-11', 35, 35, 82, 35);

-- --------------------------------------------------------

--
-- Estructura de tabla para la tabla `solicitud_sc`
--

CREATE TABLE `solicitud_sc` (
  `id` bigint(20) NOT NULL,
  `auxiliar_radicacion` varchar(200) NOT NULL,
  `fecha` date NOT NULL,
  `incidente` varchar(100) NOT NULL,
  `medio_radicacion` varchar(100) NOT NULL,
  `municipio` varchar(50) NOT NULL,
  `prorroga` varchar(50) NOT NULL,
  `vence` date NOT NULL,
  `id_cliente_sc` bigint(20) NOT NULL,
  `id_escala` bigint(20) NOT NULL,
  `id_estado` bigint(20) NOT NULL,
  `id_motivo_solicitud` bigint(20) NOT NULL,
  `id_tipo_servicio` bigint(20) NOT NULL
) ENGINE=InnoDB DEFAULT CHARSET=utf8mb4;

--
-- Volcado de datos para la tabla `solicitud_sc`
--

INSERT INTO `solicitud_sc` (`id`, `auxiliar_radicacion`, `fecha`, `incidente`, `medio_radicacion`, `municipio`, `prorroga`, `vence`, `id_cliente_sc`, `id_escala`, `id_estado`, `id_motivo_solicitud`, `id_tipo_servicio`) VALUES
(128, 'Andrea', '2022-09-06', '', 'Fisico', 'Aipe', '', '2022-09-21', 1, 1, 64, 1, 1),
(129, 'Andrea', '2022-09-12', '', 'Fisico', 'Colombia', 'No', '2022-09-29', 2, 3, 63, 1, 1),
(130, 'Andrea', '2022-09-14', '', 'Fisico', 'Isnos', 'No', '2022-09-23', 2, 3, 63, 1, 1),
(131, 'Andrea', '2022-09-14', '55555', 'Fisico', 'Hobo', 'No', '2022-09-16', 1, 3, 64, 1, 1),
(132, 'Andrea', '2022-09-16', '2222', 'Fisico', 'Neiva', '', '2022-09-21', 4, 3, 67, 1, 1),
(133, 'Andrea', '2022-09-27', '', 'Correo', 'Guadalupe', 'No', '2022-09-30', 1, 1, 63, 1, 1),
(134, 'GUCCI', '2022-10-10', '', 'Fisico', 'Guadalupe', 'No', '2022-11-30', 1, 1, 63, 1, 1),
(135, 'Andrea', '2022-10-11', '', 'Fisico', 'Aipe', 'No', '2022-10-19', 13, 1, 62, 1, 1),
(136, 'Andrea', '2022-10-11', '', 'Fisico', 'Neiva', 'No', '2022-10-26', 2, 1, 62, 1, 1),
(137, 'Andrea', '2022-10-14', '', 'Correo', 'Acevedo', 'No', '2022-11-01', 1, 1, 62, 1, 1);

-- --------------------------------------------------------

--
-- Estructura de tabla para la tabla `soporte_sc`
--

CREATE TABLE `soporte_sc` (
  `id` bigint(20) NOT NULL,
  `descripcion` varchar(200) NOT NULL,
  `id_historial` bigint(20) NOT NULL,
  `id_solicitud_sc` bigint(20) NOT NULL,
  `id_usuario` bigint(20) NOT NULL
) ENGINE=InnoDB DEFAULT CHARSET=utf8mb4;

--
-- Volcado de datos para la tabla `soporte_sc`
--

INSERT INTO `soporte_sc` (`id`, `descripcion`, `id_historial`, `id_solicitud_sc`, `id_usuario`) VALUES
(102, 'Captura de pantalla 2022-09-09 132250.png', 217, 128, 33),
(103, 'Rosa%20Pastelería%20Unicornio%20Catálogo%20Delicado%20Simple%20Flyer.pdf', 221, 132, 35),
(104, '504170.jpg-c_310_420_x-f_jpg-q_x-xxyxx.jpg', 219, 131, 35),
(105, '5d812ef19bf8b.jpeg', 219, 131, 35),
(106, 'teruel 1.jpg', 224, 130, 35),
(107, 'Pluto.webp', 230, 133, 35);

-- --------------------------------------------------------

--
-- Estructura de tabla para la tabla `sub_proceso`
--

CREATE TABLE `sub_proceso` (
  `id` bigint(20) NOT NULL,
  `descripcion` varchar(250) NOT NULL,
  `id_tipo_proceso` bigint(20) NOT NULL
) ENGINE=InnoDB DEFAULT CHARSET=utf8mb4;

--
-- Volcado de datos para la tabla `sub_proceso`
--

INSERT INTO `sub_proceso` (`id`, `descripcion`, `id_tipo_proceso`) VALUES
(1, 'Mecanicas de computadores', 2);

-- --------------------------------------------------------

--
-- Estructura de tabla para la tabla `tipos_procesos`
--

CREATE TABLE `tipos_procesos` (
  `id` bigint(20) NOT NULL,
  `descripcion` varchar(150) NOT NULL
) ENGINE=InnoDB DEFAULT CHARSET=utf8mb4;

--
-- Volcado de datos para la tabla `tipos_procesos`
--

INSERT INTO `tipos_procesos` (`id`, `descripcion`) VALUES
(1, 'Gestión del Talento Humano'),
(2, 'Gestión Comercial');

-- --------------------------------------------------------

--
-- Estructura de tabla para la tabla `tipo_activo`
--

CREATE TABLE `tipo_activo` (
  `id` bigint(20) NOT NULL,
  `descripcion` varchar(150) NOT NULL
) ENGINE=InnoDB DEFAULT CHARSET=utf8mb4;

--
-- Volcado de datos para la tabla `tipo_activo`
--

INSERT INTO `tipo_activo` (`id`, `descripcion`) VALUES
(1, 'Activo Fijo'),
(2, 'Activo Control');

-- --------------------------------------------------------

--
-- Estructura de tabla para la tabla `tipo_documento`
--

CREATE TABLE `tipo_documento` (
  `id` bigint(20) NOT NULL,
  `descripcion` varchar(30) NOT NULL,
  `id_estado` bigint(20) NOT NULL
) ENGINE=InnoDB DEFAULT CHARSET=utf8mb4;

--
-- Volcado de datos para la tabla `tipo_documento`
--

INSERT INTO `tipo_documento` (`id`, `descripcion`, `id_estado`) VALUES
(1, 'CC', 5),
(2, 'T.I', 5);

-- --------------------------------------------------------

--
-- Estructura de tabla para la tabla `tipo_necesidad`
--

CREATE TABLE `tipo_necesidad` (
  `id` bigint(20) NOT NULL,
  `descripcion` varchar(500) NOT NULL
) ENGINE=InnoDB DEFAULT CHARSET=utf8mb4;

--
-- Volcado de datos para la tabla `tipo_necesidad`
--

INSERT INTO `tipo_necesidad` (`id`, `descripcion`) VALUES
(1, 'Impresoras'),
(2, 'Moviles');

-- --------------------------------------------------------

--
-- Estructura de tabla para la tabla `tipo_novedades`
--

CREATE TABLE `tipo_novedades` (
  `id` bigint(20) NOT NULL,
  `descripcion` varchar(30) NOT NULL,
  `observacion` varchar(256) NOT NULL
) ENGINE=InnoDB DEFAULT CHARSET=utf8mb4;

--
-- Volcado de datos para la tabla `tipo_novedades`
--

INSERT INTO `tipo_novedades` (`id`, `descripcion`, `observacion`) VALUES
(3, 'Salud', ''),
(6, 'Incapacidad', 'Incapacidad');

-- --------------------------------------------------------

--
-- Estructura de tabla para la tabla `tipo_servicio`
--

CREATE TABLE `tipo_servicio` (
  `id` bigint(20) NOT NULL,
  `descripcion` varchar(400) NOT NULL
) ENGINE=InnoDB DEFAULT CHARSET=utf8mb4;

--
-- Volcado de datos para la tabla `tipo_servicio`
--

INSERT INTO `tipo_servicio` (`id`, `descripcion`) VALUES
(1, 'Mi giro');

-- --------------------------------------------------------

--
-- Estructura de tabla para la tabla `tipo_turno`
--

CREATE TABLE `tipo_turno` (
  `id` bigint(20) NOT NULL,
  `descripcion` varchar(30) NOT NULL,
  `id_estado` bigint(20) NOT NULL
) ENGINE=InnoDB DEFAULT CHARSET=utf8mb4;

--
-- Volcado de datos para la tabla `tipo_turno`
--

INSERT INTO `tipo_turno` (`id`, `descripcion`, `id_estado`) VALUES
(1, 'Turno Completo', 1),
(2, 'Medio Turno', 1),
(3, 'Cuarto de Turno', 1),
(9, 'Medimom', 2);

-- --------------------------------------------------------

--
-- Estructura de tabla para la tabla `turnos`
--

CREATE TABLE `turnos` (
  `id` bigint(20) NOT NULL,
  `descripcion` varchar(30) NOT NULL,
  `hora_final` varchar(20) NOT NULL,
  `hora_inicio` varchar(20) NOT NULL,
  `id_estado` bigint(20) NOT NULL,
  `id_tipo_turno` bigint(20) NOT NULL
) ENGINE=InnoDB DEFAULT CHARSET=utf8mb4;

--
-- Volcado de datos para la tabla `turnos`
--

INSERT INTO `turnos` (`id`, `descripcion`, `hora_final`, `hora_inicio`, `id_estado`, `id_tipo_turno`) VALUES
(1, 'Turno 1', '17:00', '09:00', 3, 1),
(2, 'Turno 2', '20:00', '12:00', 3, 1),
(3, 'Turno 3', '11:00', '07:00', 3, 1),
(4, 'Turno 4', '17:00', '11:00', 3, 1),
(5, 'Turno 5', '21:00', '15:00', 3, 1),
(6, 'Turno 6', '21:00', '13:00', 3, 1),
(7, 'Turno 7', '15:00', '07:00', 3, 1),
(8, 'Turno 8', '12:00', '08:00', 3, 2),
(9, 'Turno 9', '21:00', '17:00', 3, 2),
(10, 'Turno 10', '13:00', '09:00', 3, 2),
(11, 'Turno 11', '09:00', '07:00', 3, 2),
(12, 'Turno 12', '20:00', '16:00', 3, 2),
(13, 'Turno 13', '19:00', '15:00', 3, 2),
(14, 'Turno 14', '10:00', '08:00', 3, 2),
(15, 'Turno 15', '13:00', '10:00', 3, 2),
(16, 'Turno 16', '20:00', '15:00', 3, 2),
(17, 'Turno 17', '16:00', '08:00', 3, 1),
(18, 'Turno 18', '21:30', '17:30', 3, 2),
(19, 'Turno 19', '12:00', '07:30', 3, 2),
(20, 'Turno 20', '17:30', '14:00', 3, 2),
(21, 'Turno 21', '21:30', '17:00', 3, 2),
(22, 'Turno 22', '20:30', '16:30', 3, 2),
(23, 'Turno 23', '18:00', '14:00', 3, 2),
(24, 'Turno 24', '20:30', '12:30', 3, 1),
(25, 'Turno 25', '12:00', '07:00', 3, 2),
(26, 'Turno 26', '11:00', '08:00', 3, 2),
(27, 'Turno 27', '21:00', '16:00', 3, 2),
(28, 'Turno 28', '13:00', '08:00', 3, 2),
(29, 'Turno 29', '19:00', '16:00', 3, 2),
(30, 'Turno 30', '22:00', '17:00', 3, 2),
(31, 'Turno 31', '10:00', '07:00', 3, 2),
(32, 'Turno 32', '16:00', '12:00', 3, 2),
(33, 'Turno 33', '13:00', '07:30', 3, 2),
(34, 'Turno 34', '21:00', '18:30', 3, 2),
(35, 'Turno 35', '20:00', '13:00', 3, 1),
(36, 'Turno 36', '17:00', '01:00', 3, 2),
(37, 'Turno 37', '17:00', '13:00', 3, 2),
(38, 'Turno 38', '18:00', '13:00', 3, 2),
(39, 'Turno 39', '13:00', '07:00', 3, 1),
(40, 'Turno 40', '14:00', '06:00', 3, 1),
(41, 'Turno 41', '16:30', '12:30', 3, 2),
(42, 'Turno 42', '20:00', '17:00', 3, 2),
(43, 'Turno 43', '12:30', '08:00', 3, 2),
(44, 'Turno 44', '21:30', '16:30', 3, 2),
(45, 'Turno 45', '12:00', '09:00', 3, 2),
(46, 'Turno 46', '18:30', '14:30', 3, 2),
(47, 'Turno 47', '15:30', '07:30', 3, 1),
(48, 'Turno 48', '16:30', '13:00', 3, 2),
(49, 'Turno 49', '17:00', '14:00', 3, 2),
(50, 'Turno 50', '12:30', '08:30', 3, 1),
(51, 'Turno 51', '14:00', '09:00', 3, 2),
(52, 'Turno 52', '21:30', '18:30', 3, 2),
(53, 'Turno 53', '19:00', '15:30', 3, 2),
(54, 'Turno 54', '18:00', '10:00', 3, 1),
(55, 'Turno 55', '13:30', '08:00', 3, 2),
(56, 'Turno 56', '16:30', '14:00', 3, 2),
(57, 'Turno 57', '14:00', '08:00', 3, 2),
(58, 'Turno 58', '19:00', '17:00', 3, 2),
(59, 'Turno 59', '19:00', '14:00', 3, 2),
(60, 'Turno 60', '19:00', '11:00', 3, 1),
(61, 'Turno 61', '12:30', '07:00', 3, 2),
(62, 'Turno 62', '14:00', '10:00', 3, 2),
(63, 'Turno 63', '21:45', '13:45', 3, 1),
(64, 'Turno 64', '21:45', '17:45', 3, 2),
(65, 'Turno 65', '14:30', '06:30', 3, 1),
(66, 'Turno 66', '19:30', '16:00', 3, 2),
(67, 'Turno 67', '12:00', '10:00', 3, 2),
(68, 'Turno 68', '18:00', '14:30', 3, 2),
(69, 'Turno 69', '20:30', '16:00', 3, 2),
(70, 'Turno 70', '20:00', '18:00', 3, 2),
(71, 'Turno 71', '18:00', '17:00', 3, 2),
(72, 'Turno 72', '18:00', '15:00', 3, 2),
(73, 'Turno 73', '20:00', '16:30', 3, 2),
(74, 'Turno 74', '19:00', '13:00', 3, 2),
(75, 'Turno 75', '21:30', '13:30', 3, 2),
(76, 'Turno 76', '11:30', '07:30', 3, 2),
(77, 'Turno 77', '19:30', '11:30', 3, 1),
(78, 'Turno 78', '13:00', '05:00', 3, 1),
(79, 'Turno 79', '22:00', '18:00', 3, 2),
(80, 'Turno 80', '20:30', '17:30', 3, 2),
(81, 'Turno 81', '20:30', '17:00', 3, 2),
(82, 'Turno 82', '13:30', '08:30', 3, 2),
(83, 'Turno 83', '14:00', '11:00', 3, 2),
(84, 'Turno 84', '20:30', '08:30', 3, 2),
(85, 'Turno 85', '20:30', '04:00', 3, 2),
(86, 'Turno 86', '12:00', '08:30', 3, 2),
(87, 'Turno 87', '19:30', '15:30', 3, 2),
(88, 'Turno 88', '16:30', '13:30', 3, 2),
(89, 'Turno 89', '21:00', '16:30', 3, 2),
(90, 'Turno 90', '22:00', '16:00', 3, 2),
(91, 'Turno 91', '19:46', '04:41', 9, 2);

-- --------------------------------------------------------

--
-- Estructura de tabla para la tabla `usuario`
--

CREATE TABLE `usuario` (
  `id` bigint(20) NOT NULL,
  `apellido` varchar(60) NOT NULL,
  `correo` varchar(250) NOT NULL,
  `documento` int(11) NOT NULL,
  `nombre` varchar(60) NOT NULL,
  `id_estado` bigint(20) NOT NULL,
  `id_rol` bigint(20) NOT NULL,
  `id_tipodocumento` bigint(20) NOT NULL,
  `password` varchar(250) NOT NULL,
  `ide_oficina` int(11) NOT NULL,
  `ide_subzona` int(11) NOT NULL
) ENGINE=InnoDB DEFAULT CHARSET=utf8mb4;

--
-- Volcado de datos para la tabla `usuario`
--

INSERT INTO `usuario` (`id`, `apellido`, `correo`, `documento`, `nombre`, `id_estado`, `id_rol`, `id_tipodocumento`, `password`, `ide_oficina`, `ide_subzona`) VALUES
(9, 'Pilares', 'gokut777@gmail.com', 1077, 'Andrea', 11, 11, 1, 'U2FsdGVkX19vZ0gxR8HMlua57bBPR9VVv4VblmYyoe4=', 11, 4),
(27, 'josefa', 'gokut777@gmail.com', 445, 'mariani', 11, 12, 2, 'U2FsdGVkX19LhE3DuPG0oKte0mp1z7Aukvfagg8MtGo=', 11, 4),
(28, 'Murcia', 'narvaezsantiago140@gmail.com', 1077729852, 'Santiago', 11, 14, 1, 'U2FsdGVkX1+E7Z7caUTuenJIULNsNW3yMkFV+o2JBCE=', 13, 4),
(32, 'olpo', 'hallysandrea@gmail.com', 58746, 'miii', 11, 12, 2, 'U2FsdGVkX18f4DjJ0/oLtcrNXZP5kaipfZIMRYjUzWA=', 29, 2),
(33, 'Vargas', 'hallysandrea@gmail.com', 1075254304, 'Sergio', 11, 13, 1, 'U2FsdGVkX1+LItP1oS/JElowggOr3JMdGfnuLhjQy9A=', 1, 1),
(34, 'pao', 'paulita@gmail.com', 1555, 'paulita', 11, 10, 2, 'U2FsdGVkX18Z/kjaciJaorLPb3Uiw2C6UhyKNNiAJx0=', 26, 2),
(35, 'Figueroa Rodriguez', 'hallysandrea@gmail.com', 123456789, 'Shirly Valentina', 11, 1, 1, 'U2FsdGVkX18ajaVD6rbmav2xWGIYKXvgRN3kdJZ6S4E=', 12, 4),
(38, 'Montealegre', 'juancho@gmail.com', 415151, 'Juan Sebass', 11, 10, 2, 'U2FsdGVkX1+13XYPgr299kfoN3pxXuoAicB57MYAAC4=', 1, 1);

-- --------------------------------------------------------

--
-- Estructura de tabla para la tabla `usuarios_administracion`
--

CREATE TABLE `usuarios_administracion` (
  `id` bigint(20) NOT NULL,
  `id_solicitud` bigint(20) NOT NULL,
  `id_usuario` bigint(20) NOT NULL
) ENGINE=InnoDB DEFAULT CHARSET=utf8mb4;

--
-- Volcado de datos para la tabla `usuarios_administracion`
--

INSERT INTO `usuarios_administracion` (`id`, `id_solicitud`, `id_usuario`) VALUES
(12, 136, 35),
(13, 147, 35),
(14, 146, 35),
(15, 145, 35),
(16, 144, 35),
(17, 143, 35),
(18, 142, 35),
(19, 147, 35),
(20, 147, 35),
(21, 147, 35),
(22, 147, 35),
(23, 147, 35),
(24, 147, 35),
(25, 147, 35),
(26, 147, 35),
(27, 147, 35),
(28, 147, 35),
(29, 146, 35),
(30, 147, 35),
(31, 146, 35),
(32, 147, 35),
(33, 147, 35),
(34, 147, 35),
(35, 147, 35),
(36, 147, 35),
(37, 147, 35),
(38, 147, 35),
(39, 146, 35),
(40, 147, 35),
(41, 147, 35),
(42, 147, 35),
(43, 146, 35),
(44, 147, 35),
(45, 147, 35),
(46, 146, 35),
(47, 145, 35),
(48, 147, 35),
(49, 147, 35),
(50, 147, 35),
(51, 147, 35),
(52, 147, 35),
(53, 147, 35),
(54, 147, 35),
(55, 147, 35),
(56, 146, 35),
(57, 147, 35),
(58, 146, 35),
(59, 147, 35),
(60, 147, 35),
(61, 146, 35),
(62, 147, 35),
(63, 146, 35),
(64, 147, 35),
(65, 146, 35),
(66, 147, 35),
(67, 146, 35),
(68, 147, 35),
(69, 144, 35),
(70, 147, 35),
(71, 139, 35),
(72, 139, 35),
(73, 147, 35),
(74, 139, 35),
(75, 147, 35),
(76, 139, 35),
(77, 147, 35),
(78, 147, 35),
(79, 147, 35),
(80, 147, 35),
(81, 147, 35),
(82, 147, 35),
(83, 147, 35),
(84, 147, 35),
(85, 139, 35),
(86, 147, 35),
(87, 139, 35),
(88, 147, 35),
(89, 139, 35),
(90, 137, 35),
(91, 147, 35),
(92, 146, 35),
(93, 147, 35),
(94, 146, 35),
(95, 139, 35),
(96, 147, 35),
(97, 146, 35),
(98, 145, 35),
(99, 139, 35),
(100, 147, 35),
(101, 146, 35),
(102, 139, 35),
(103, 147, 35),
(104, 147, 35),
(105, 146, 35),
(106, 139, 35),
(107, 147, 35),
(108, 146, 35),
(109, 139, 35),
(110, 149, 35);

-- --------------------------------------------------------

--
-- Estructura de tabla para la tabla `visitas`
--

CREATE TABLE `visitas` (
  `id` bigint(20) NOT NULL,
  `fecha_registro` date NOT NULL,
  `id_usuario` bigint(20) NOT NULL
) ENGINE=InnoDB DEFAULT CHARSET=utf8mb4;

--
-- Volcado de datos para la tabla `visitas`
--

INSERT INTO `visitas` (`id`, `fecha_registro`, `id_usuario`) VALUES
(110, '2022-07-11', 27),
(111, '2022-07-11', 33),
(112, '2022-07-15', 33),
(113, '2022-07-15', 33),
(114, '2022-07-15', 33),
(115, '2022-07-15', 33),
(116, '2022-07-15', 33),
(117, '2022-07-15', 33),
(118, '2022-07-15', 33),
(119, '2022-08-26', 35),
(120, '2022-08-26', 35),
(121, '2022-08-26', 35);

-- --------------------------------------------------------

--
-- Estructura de tabla para la tabla `visita_detalle`
--

CREATE TABLE `visita_detalle` (
  `id` bigint(20) NOT NULL,
  `descripcion` varchar(30) NOT NULL,
  `id_opcionesvisita` bigint(20) NOT NULL,
  `id_visitas` bigint(20) NOT NULL,
  `id_elementosvisita` bigint(20) NOT NULL,
  `ide_sitioventa` int(11) NOT NULL,
  `nom_sitioventa` varchar(60) NOT NULL
) ENGINE=InnoDB DEFAULT CHARSET=utf8mb4;

--
-- Volcado de datos para la tabla `visita_detalle`
--

INSERT INTO `visita_detalle` (`id`, `descripcion`, `id_opcionesvisita`, `id_visitas`, `id_elementosvisita`, `ide_sitioventa`, `nom_sitioventa`) VALUES
(103, 'Visita 110', 3, 110, 3, 1080, 'TERMINAL'),
(104, 'Visita 110', 3, 110, 5, 1080, 'TERMINAL'),
(105, 'Visita 110', 2, 110, 7, 1080, 'TERMINAL'),
(106, 'Visita 110', 7, 110, 4, 1080, 'TERMINAL'),
(107, 'Visita 110', 1, 110, 1, 1080, 'TERMINAL'),
(108, 'Visita 110', 7, 110, 2, 1080, 'TERMINAL'),
(109, 'Visita 111', 1, 111, 1, 1001, 'OFICINA PPAL NEIVA'),
(110, 'Visita 111', 3, 111, 7, 1001, 'OFICINA PPAL NEIVA'),
(111, 'Visita 111', 3, 111, 4, 1001, 'OFICINA PPAL NEIVA'),
(112, 'Visita 111', 2, 111, 2, 1001, 'OFICINA PPAL NEIVA'),
(113, 'Visita 111', 2, 111, 5, 1001, 'OFICINA PPAL NEIVA'),
(114, 'Visita 111', 3, 111, 3, 1001, 'OFICINA PPAL NEIVA'),
(127, 'Visita 114', 2, 114, 2, 1001, 'OFICINA PPAL NEIVA'),
(128, 'Visita 114', 2, 114, 3, 1001, 'OFICINA PPAL NEIVA'),
(129, 'Visita 114', 1, 114, 1, 1001, 'OFICINA PPAL NEIVA'),
(130, 'Visita 114', 3, 114, 7, 1001, 'OFICINA PPAL NEIVA'),
(131, 'Visita 114', 2, 114, 4, 1001, 'OFICINA PPAL NEIVA'),
(132, 'Visita 114', 3, 114, 5, 1001, 'OFICINA PPAL NEIVA'),
(133, 'Visita 115', 1, 115, 1, 1001, 'OFICINA PPAL NEIVA'),
(134, 'Visita 115', 3, 115, 3, 1001, 'OFICINA PPAL NEIVA'),
(135, 'Visita 115', 2, 115, 2, 1001, 'OFICINA PPAL NEIVA'),
(136, 'Visita 115', 3, 115, 5, 1001, 'OFICINA PPAL NEIVA'),
(137, 'Visita 115', 2, 115, 4, 1001, 'OFICINA PPAL NEIVA'),
(138, 'Visita 115', 3, 115, 7, 1001, 'OFICINA PPAL NEIVA'),
(139, 'Visita 116', 2, 116, 2, 1001, 'OFICINA PPAL NEIVA'),
(140, 'Visita 116', 2, 116, 3, 1001, 'OFICINA PPAL NEIVA'),
(141, 'Visita 116', 1, 116, 1, 1001, 'OFICINA PPAL NEIVA'),
(142, 'Visita 116', 2, 116, 4, 1001, 'OFICINA PPAL NEIVA'),
(143, 'Visita 116', 3, 116, 5, 1001, 'OFICINA PPAL NEIVA'),
(144, 'Visita 116', 3, 116, 7, 1001, 'OFICINA PPAL NEIVA'),
(145, 'Visita 117', 2, 117, 2, 1001, 'OFICINA PPAL NEIVA'),
(146, 'Visita 117', 3, 117, 4, 1001, 'OFICINA PPAL NEIVA'),
(147, 'Visita 117', 1, 117, 1, 1001, 'OFICINA PPAL NEIVA'),
(148, 'Visita 117', 3, 117, 7, 1001, 'OFICINA PPAL NEIVA'),
(149, 'Visita 117', 3, 117, 3, 1001, 'OFICINA PPAL NEIVA'),
(150, 'Visita 117', 2, 117, 5, 1001, 'OFICINA PPAL NEIVA'),
(151, 'Visita 118', 1, 118, 1, 1001, 'OFICINA PPAL NEIVA'),
(152, 'Visita 118', 3, 118, 2, 1001, 'OFICINA PPAL NEIVA'),
(153, 'Visita 118', 2, 118, 5, 1001, 'OFICINA PPAL NEIVA'),
(154, 'Visita 118', 3, 118, 3, 1001, 'OFICINA PPAL NEIVA'),
(155, 'Visita 118', 3, 118, 7, 1001, 'OFICINA PPAL NEIVA');

--
-- Índices para tablas volcadas
--

--
-- Indices de la tabla `accesos`
--
ALTER TABLE `accesos`
  ADD PRIMARY KEY (`id`),
  ADD KEY `FKsb40posxm2ql4x5v7t2q8vmp0` (`id_modulo`),
  ADD KEY `FKbndoj8gtn2jr54nya68h41y6` (`id_rol`);

--
-- Indices de la tabla `archivo_solicitud`
--
ALTER TABLE `archivo_solicitud`
  ADD PRIMARY KEY (`id`),
  ADD KEY `FKdvd03krtnjxsccjt6ujg6q8kq` (`id_solicitudsc`);

--
-- Indices de la tabla `area`
--
ALTER TABLE `area`
  ADD PRIMARY KEY (`id`);

--
-- Indices de la tabla `articulos`
--
ALTER TABLE `articulos`
  ADD PRIMARY KEY (`id`),
  ADD KEY `FK3tbi6hyytukcr8r3wyji0wa78` (`id_estado`),
  ADD KEY `FK1vyltp3vft3shsxv1u0y86qnw` (`id_categoria`);

--
-- Indices de la tabla `articulos_baja`
--
ALTER TABLE `articulos_baja`
  ADD PRIMARY KEY (`id`),
  ADD KEY `FKn8x9nret5yc3r3f37irywvng5` (`id_detalle_articulo`),
  ADD KEY `FKd6his7dl2s21nolqrvm7vyp7t` (`id_opcion_baja`),
  ADD KEY `FK70ry6rx49owa0yvxvvt8ecub` (`id_solicitud_baja`),
  ADD KEY `FKp934s63o5dt9l1buae8md03xw` (`id_estado`);

--
-- Indices de la tabla `asignaciones_articulos`
--
ALTER TABLE `asignaciones_articulos`
  ADD PRIMARY KEY (`id`),
  ADD KEY `FKsel3f0yy4mujscf7m1mbu6bk9` (`id_asignaciones_procesos`),
  ADD KEY `FKekelhasrvhojce9dxmrbeum37` (`id_detalle_articulo`),
  ADD KEY `FK6rpvey94q5unmpgggltd7tatm` (`id_estado`);

--
-- Indices de la tabla `asignaciones_procesos`
--
ALTER TABLE `asignaciones_procesos`
  ADD PRIMARY KEY (`id`),
  ADD KEY `FKbppywrbqi6m3we0l5am2b9ol8` (`id_tipos_procesos`),
  ADD KEY `FKswv3r3hugrj9bvywvlxcp79vs` (`id_usuario`);

--
-- Indices de la tabla `asignacion_punto_venta_articulo`
--
ALTER TABLE `asignacion_punto_venta_articulo`
  ADD PRIMARY KEY (`id`),
  ADD KEY `FK8y2afl1dreqduqg1ihi53riql` (`id_asignaciones_articulos`);

--
-- Indices de la tabla `asignacion_usuarios_pqrs`
--
ALTER TABLE `asignacion_usuarios_pqrs`
  ADD PRIMARY KEY (`id`),
  ADD KEY `FKss07tr51oa6cbuh6vf3mh5jpx` (`id_usuario`),
  ADD KEY `FKj4lrcbt1grg7fux4qweh5pyix` (`id_area`);

--
-- Indices de la tabla `asignar_turno`
--
ALTER TABLE `asignar_turno`
  ADD PRIMARY KEY (`id`),
  ADD KEY `FKbt36fs1bkp1d0wg9cggdkkb35` (`id_estado`),
  ADD KEY `FKjiuyxnft9v5pctoxi65t5qf5h` (`id_turnos`);

--
-- Indices de la tabla `asignar_turno_vendedor`
--
ALTER TABLE `asignar_turno_vendedor`
  ADD PRIMARY KEY (`id`),
  ADD KEY `FK9trta5yufhhtv7785bid2rybg` (`id_turno`);

--
-- Indices de la tabla `categoria`
--
ALTER TABLE `categoria`
  ADD PRIMARY KEY (`id`),
  ADD KEY `FK5tat7c70ie82p2m4ucoyw8rxn` (`id_estado`);

--
-- Indices de la tabla `chat_remitente`
--
ALTER TABLE `chat_remitente`
  ADD PRIMARY KEY (`id`),
  ADD KEY `FKq1k9r0keojthxupn40tup69iy` (`id_solicitud_sc`),
  ADD KEY `FKmdrbilsnnhj1s59n5b3rig8hy` (`id_usuario_envia`),
  ADD KEY `FK7gkxsgpxtua9hrgb42vv5d79l` (`id_usuario_recibe`);

--
-- Indices de la tabla `cliente_sc`
--
ALTER TABLE `cliente_sc`
  ADD PRIMARY KEY (`id`),
  ADD KEY `FKietrm9bklwdosr2hy7ilmc66i` (`id_tipodocumento`);

--
-- Indices de la tabla `compras`
--
ALTER TABLE `compras`
  ADD PRIMARY KEY (`id`),
  ADD KEY `FKrwl4dlj95u609hgx6i6r4ae7k` (`id_articulo`),
  ADD KEY `FK56ccwtubdpnumrh1kts6uxwbw` (`id_usuario`);

--
-- Indices de la tabla `configuracion`
--
ALTER TABLE `configuracion`
  ADD PRIMARY KEY (`id`);

--
-- Indices de la tabla `cotizacion`
--
ALTER TABLE `cotizacion`
  ADD PRIMARY KEY (`id`),
  ADD KEY `FK4unxf51x8j75adcdkgn9gluud` (`id_estado`),
  ADD KEY `FKmda681sn080ri3yino6agw933` (`id_solicitud`),
  ADD KEY `FKhwb4glclpphjmlpb8r85ih41b` (`id_usuario`);

--
-- Indices de la tabla `cotizacion_pdf`
--
ALTER TABLE `cotizacion_pdf`
  ADD PRIMARY KEY (`id`),
  ADD KEY `FKrkh0jcq5bebuu1t69mi8y21gp` (`id_cotizacion`),
  ADD KEY `id_estado` (`id_estado`);

--
-- Indices de la tabla `detalle_articulo`
--
ALTER TABLE `detalle_articulo`
  ADD PRIMARY KEY (`id`),
  ADD UNIQUE KEY `UK_d4n9t6iw8b0ixuvohpfsudxb3` (`codigo_unico`),
  ADD KEY `FK8e31qsorvycewwhc2qt3i5fmc` (`id_articulo`),
  ADD KEY `FKdh5o8vcjsp4t9y82lm7ckl42m` (`id_estado`),
  ADD KEY `FKi0tc7p3mmhgf3jhjj50m3xbr` (`id_tipo_activo`),
  ADD KEY `FKmsgk767d3pkivsbn2sv85u2m5` (`id_usuario`);

--
-- Indices de la tabla `detalle_solicitud`
--
ALTER TABLE `detalle_solicitud`
  ADD PRIMARY KEY (`id`),
  ADD KEY `FK4vx8jruvld51poj3m9hsgcsqm` (`id_articulos`),
  ADD KEY `FKpfmb7ydgvfpjnayy39savuo5h` (`id_estado`),
  ADD KEY `FKfy8o2ojglirv4t23s6nc6j4je` (`id_solicitud`);

--
-- Indices de la tabla `elementos_visita`
--
ALTER TABLE `elementos_visita`
  ADD PRIMARY KEY (`id`);

--
-- Indices de la tabla `eliminacion_turno_vendedor`
--
ALTER TABLE `eliminacion_turno_vendedor`
  ADD PRIMARY KEY (`id`),
  ADD KEY `FKsyoy6fkmcxawot8vy3mpficl6` (`id_asignar_turno_vendedor`),
  ADD KEY `FKnl3l31sg9qcc3bvm7urg6p2yl` (`id_usuario`);

--
-- Indices de la tabla `escala_solicitud`
--
ALTER TABLE `escala_solicitud`
  ADD PRIMARY KEY (`id`);

--
-- Indices de la tabla `estado`
--
ALTER TABLE `estado`
  ADD PRIMARY KEY (`id`),
  ADD KEY `FKxomsuvbw1udv00sl5cti0638` (`id_modulo`);

--
-- Indices de la tabla `firmas`
--
ALTER TABLE `firmas`
  ADD PRIMARY KEY (`id`),
  ADD KEY `FKqm4gqmtnx9mtovlg0qg1xd0gs` (`id_usuario`);

--
-- Indices de la tabla `gestion_proceso`
--
ALTER TABLE `gestion_proceso`
  ADD PRIMARY KEY (`id`),
  ADD KEY `FKy11xl4uffiyrwb7n4woavs2v` (`id_detalle_solicitud`),
  ADD KEY `FKf6o4j5mxna4c5m8nocc5tkrwo` (`id_estado`),
  ADD KEY `FKtyhopl12fy64dyelgdo5p9lk` (`id_proceso`),
  ADD KEY `FKe8j384gg5scg1bkmxy5fd1wq2` (`id_usuario`);

--
-- Indices de la tabla `historial_articulo`
--
ALTER TABLE `historial_articulo`
  ADD PRIMARY KEY (`id`),
  ADD KEY `FKk147qtrd1j638dj3k985y4wv3` (`id_detalle_articulo`),
  ADD KEY `FKgk4dmxgjnxtg4tk72vnnrl4tn` (`id_usuario`);

--
-- Indices de la tabla `historial_solicitudes`
--
ALTER TABLE `historial_solicitudes`
  ADD PRIMARY KEY (`id`),
  ADD KEY `FKbhw6ovgntabc4ve8qypcjjttb` (`id_estado`),
  ADD KEY `FKj7miwf41evttn48vlinuclglh` (`id_solicitud_sc`),
  ADD KEY `FKmplln75j8punhxbugv2s4onbu` (`id_usuario`);

--
-- Indices de la tabla `ingreso_personal_empresa`
--
ALTER TABLE `ingreso_personal_empresa`
  ADD PRIMARY KEY (`id`),
  ADD KEY `FKqcxwiasuh731b0ru9fjheynlj` (`id_area`),
  ADD KEY `FKlccvh1s8byamim1xqfcr1tboi` (`id_estado`),
  ADD KEY `FKhh6xfvm2exh24gy0c98hgwtb8` (`id_sedes`),
  ADD KEY `FK3l3qarp5cht0v8bx2ke7n6nfp` (`id_tipo_documento`);

--
-- Indices de la tabla `inventario`
--
ALTER TABLE `inventario`
  ADD PRIMARY KEY (`id`),
  ADD KEY `FK8n302h1cwgqd698xnk111x5nh` (`id_detalle_articulo`),
  ADD KEY `FKek5g7176do5g6bsrayytq8n9b` (`id_usuario`);

--
-- Indices de la tabla `jerarquia`
--
ALTER TABLE `jerarquia`
  ADD PRIMARY KEY (`id`);

--
-- Indices de la tabla `matriz_necesidad`
--
ALTER TABLE `matriz_necesidad`
  ADD PRIMARY KEY (`id`),
  ADD KEY `FK2l2plpell93gtdl7jnspnw8fv` (`id_sub_proceso`),
  ADD KEY `FK928ulf4h6jr1cfppyetvmys44` (`id_tipo_necesidad`);

--
-- Indices de la tabla `matriz_necesidad_detalle`
--
ALTER TABLE `matriz_necesidad_detalle`
  ADD PRIMARY KEY (`id`),
  ADD KEY `FKi06hg25l7wvs7yaw03gvbfibi` (`id_matriz_necesidad`);

--
-- Indices de la tabla `medios_radiacion`
--
ALTER TABLE `medios_radiacion`
  ADD PRIMARY KEY (`id`);

--
-- Indices de la tabla `modulo`
--
ALTER TABLE `modulo`
  ADD PRIMARY KEY (`id`);

--
-- Indices de la tabla `motivo_solicitud`
--
ALTER TABLE `motivo_solicitud`
  ADD PRIMARY KEY (`id`),
  ADD KEY `FKdt64alwhee3h0tgsqyhire9h` (`id_area`);

--
-- Indices de la tabla `movimiento_compras_inventario`
--
ALTER TABLE `movimiento_compras_inventario`
  ADD PRIMARY KEY (`id`),
  ADD KEY `FKbawb2967iyoxqghkfcxewj1vo` (`id_articulo`);

--
-- Indices de la tabla `novedades`
--
ALTER TABLE `novedades`
  ADD PRIMARY KEY (`id`),
  ADD KEY `FK71fs3gd1gl9pnb5h1q9dmv01d` (`id_asignar_turno_vendedor`),
  ADD KEY `FK8sp5stxp5jqmucb92kqsly92y` (`id_tipo_novedad`),
  ADD KEY `FK9qp2v8m51ctk5vg0cng63g0s2` (`id_usuario`);

--
-- Indices de la tabla `opciones_visita`
--
ALTER TABLE `opciones_visita`
  ADD PRIMARY KEY (`id`);

--
-- Indices de la tabla `opcion_articulo_baja`
--
ALTER TABLE `opcion_articulo_baja`
  ADD PRIMARY KEY (`id`);

--
-- Indices de la tabla `orden_compra`
--
ALTER TABLE `orden_compra`
  ADD PRIMARY KEY (`id`),
  ADD KEY `FKj4fstmntgeofinrvcf097fq4h` (`id_estado`),
  ADD KEY `FKpgp1ooe3wmycq29kdj6qydybp` (`id_proveedor`),
  ADD KEY `FKt9sicf2e07bo08287a0e4646o` (`id_solicitud`),
  ADD KEY `FKgi7cv706aoc1w77kfceyim0lm` (`id_usuario`);

--
-- Indices de la tabla `presupuesto_venta_mensual`
--
ALTER TABLE `presupuesto_venta_mensual`
  ADD PRIMARY KEY (`id`);

--
-- Indices de la tabla `proceso`
--
ALTER TABLE `proceso`
  ADD PRIMARY KEY (`id`),
  ADD KEY `FK6hdb119gdp4sb2cvujv2tfjkg` (`id_categoria`),
  ADD KEY `FKi9n7mri50d8rokrt14377ipcr` (`id_usuario`);

--
-- Indices de la tabla `proveedor`
--
ALTER TABLE `proveedor`
  ADD PRIMARY KEY (`id`),
  ADD KEY `FKbj0ehqnftlnlqmyspn126ixfb` (`id_estado`),
  ADD KEY `FK1dk6aey9myu0nxl9w4cvwcqm0` (`id_tipo_documento`);

--
-- Indices de la tabla `raspas`
--
ALTER TABLE `raspas`
  ADD PRIMARY KEY (`id`);

--
-- Indices de la tabla `recordatorio`
--
ALTER TABLE `recordatorio`
  ADD PRIMARY KEY (`id`);

--
-- Indices de la tabla `registro_correo`
--
ALTER TABLE `registro_correo`
  ADD PRIMARY KEY (`id`),
  ADD KEY `FK6rvnodidt5xwwus2bdubcnnu7` (`id_usuario`);

--
-- Indices de la tabla `rol`
--
ALTER TABLE `rol`
  ADD PRIMARY KEY (`id`),
  ADD KEY `FK80hduj4jn6rqkuj60uhcj4ork` (`id_estado`),
  ADD KEY `FK1hctxy819hcrw5pmkgxqhtujm` (`id_jerarquia`);

--
-- Indices de la tabla `sedes`
--
ALTER TABLE `sedes`
  ADD PRIMARY KEY (`id`);

--
-- Indices de la tabla `siga_raspas`
--
ALTER TABLE `siga_raspas`
  ADD PRIMARY KEY (`id`);

--
-- Indices de la tabla `solicitud`
--
ALTER TABLE `solicitud`
  ADD PRIMARY KEY (`id`),
  ADD KEY `FK8c8blsv5kyyf2x73d2w2sde8s` (`id_estado`),
  ADD KEY `FKnm4y7w49isl37c27aq2fmos5t` (`id_usuario`);

--
-- Indices de la tabla `solicitud_bajas_articulos`
--
ALTER TABLE `solicitud_bajas_articulos`
  ADD PRIMARY KEY (`id`),
  ADD KEY `FKijdg9mal3qfxdm9xltl9otcke` (`id_estado`),
  ADD KEY `FKi5v5hkg5olw0xu5293576gblu` (`id_usuario`);

--
-- Indices de la tabla `solicitud_sc`
--
ALTER TABLE `solicitud_sc`
  ADD PRIMARY KEY (`id`),
  ADD KEY `FK69eidtn009igscj9ymf7meacr` (`id_cliente_sc`),
  ADD KEY `FK4bq8ubytifjqtno5g4vjdocmc` (`id_escala`),
  ADD KEY `FK5vmwv9uhoy93lx1pfp5lfxkkn` (`id_estado`),
  ADD KEY `FKh6g3iwqnnykrc3j1oosbdbdyv` (`id_tipo_servicio`),
  ADD KEY `FKl0a22c40mmo2osrs0t73b0oio` (`id_motivo_solicitud`);

--
-- Indices de la tabla `soporte_sc`
--
ALTER TABLE `soporte_sc`
  ADD PRIMARY KEY (`id`),
  ADD KEY `FKjacnoloac79673sf4w3ja7cmi` (`id_historial`),
  ADD KEY `FK5m9ns79b621c20bfsjftg4kne` (`id_solicitud_sc`),
  ADD KEY `FKb1nto3cmq4aksedvjxhb6fj4i` (`id_usuario`);

--
-- Indices de la tabla `sub_proceso`
--
ALTER TABLE `sub_proceso`
  ADD PRIMARY KEY (`id`),
  ADD KEY `FK6pk31bqiw233qwlx97krvse69` (`id_tipo_proceso`);

--
-- Indices de la tabla `tipos_procesos`
--
ALTER TABLE `tipos_procesos`
  ADD PRIMARY KEY (`id`);

--
-- Indices de la tabla `tipo_activo`
--
ALTER TABLE `tipo_activo`
  ADD PRIMARY KEY (`id`);

--
-- Indices de la tabla `tipo_documento`
--
ALTER TABLE `tipo_documento`
  ADD PRIMARY KEY (`id`),
  ADD KEY `FKth7xkhbcr6jgp19vo7w23t8rq` (`id_estado`);

--
-- Indices de la tabla `tipo_necesidad`
--
ALTER TABLE `tipo_necesidad`
  ADD PRIMARY KEY (`id`);

--
-- Indices de la tabla `tipo_novedades`
--
ALTER TABLE `tipo_novedades`
  ADD PRIMARY KEY (`id`);

--
-- Indices de la tabla `tipo_servicio`
--
ALTER TABLE `tipo_servicio`
  ADD PRIMARY KEY (`id`);

--
-- Indices de la tabla `tipo_turno`
--
ALTER TABLE `tipo_turno`
  ADD PRIMARY KEY (`id`),
  ADD KEY `FKbqq3ylf25e244vp6dsxlir1n9` (`id_estado`);

--
-- Indices de la tabla `turnos`
--
ALTER TABLE `turnos`
  ADD PRIMARY KEY (`id`),
  ADD KEY `FKd4ied1atbmv8q4269m6b3o6mu` (`id_estado`),
  ADD KEY `FK6fcoepmegcnvs3xdd8qfx80yc` (`id_tipo_turno`);

--
-- Indices de la tabla `usuario`
--
ALTER TABLE `usuario`
  ADD PRIMARY KEY (`id`),
  ADD KEY `FKoi2e3mgfjvia6vuw1s5dh88t2` (`id_estado`),
  ADD KEY `FKmyv3138vvci6kaq3y5kt4cntu` (`id_rol`),
  ADD KEY `FKorm9t49xdxywbjk5b8tddwuk6` (`id_tipodocumento`);

--
-- Indices de la tabla `usuarios_administracion`
--
ALTER TABLE `usuarios_administracion`
  ADD PRIMARY KEY (`id`),
  ADD KEY `FKrkyq5ciqbjlfuvv0a3borq6q9` (`id_solicitud`),
  ADD KEY `FK70g2w8qje6p62tvryrhoj2rke` (`id_usuario`);

--
-- Indices de la tabla `visitas`
--
ALTER TABLE `visitas`
  ADD PRIMARY KEY (`id`),
  ADD KEY `FKjh4a8qb45v0edrq87ob9ing6h` (`id_usuario`);

--
-- Indices de la tabla `visita_detalle`
--
ALTER TABLE `visita_detalle`
  ADD PRIMARY KEY (`id`),
  ADD KEY `FKag7nlqer7lf19p78ovii5b1lb` (`id_elementosvisita`),
  ADD KEY `FKcfjwttxe9ba2lynhlhbg5npl1` (`id_visitas`),
  ADD KEY `FK9umb8ybc8ktavmdbtbm84mk18` (`id_opcionesvisita`);

--
-- AUTO_INCREMENT de las tablas volcadas
--

--
-- AUTO_INCREMENT de la tabla `accesos`
--
ALTER TABLE `accesos`
  MODIFY `id` bigint(20) NOT NULL AUTO_INCREMENT, AUTO_INCREMENT=180;

--
-- AUTO_INCREMENT de la tabla `archivo_solicitud`
--
ALTER TABLE `archivo_solicitud`
  MODIFY `id` bigint(20) NOT NULL AUTO_INCREMENT, AUTO_INCREMENT=174;

--
-- AUTO_INCREMENT de la tabla `area`
--
ALTER TABLE `area`
  MODIFY `id` bigint(20) NOT NULL AUTO_INCREMENT, AUTO_INCREMENT=9;

--
-- AUTO_INCREMENT de la tabla `articulos`
--
ALTER TABLE `articulos`
  MODIFY `id` bigint(20) NOT NULL AUTO_INCREMENT, AUTO_INCREMENT=55;

--
-- AUTO_INCREMENT de la tabla `articulos_baja`
--
ALTER TABLE `articulos_baja`
  MODIFY `id` bigint(20) NOT NULL AUTO_INCREMENT, AUTO_INCREMENT=10;

--
-- AUTO_INCREMENT de la tabla `asignaciones_articulos`
--
ALTER TABLE `asignaciones_articulos`
  MODIFY `id` bigint(20) NOT NULL AUTO_INCREMENT, AUTO_INCREMENT=12;

--
-- AUTO_INCREMENT de la tabla `asignaciones_procesos`
--
ALTER TABLE `asignaciones_procesos`
  MODIFY `id` bigint(20) NOT NULL AUTO_INCREMENT, AUTO_INCREMENT=7;

--
-- AUTO_INCREMENT de la tabla `asignacion_punto_venta_articulo`
--
ALTER TABLE `asignacion_punto_venta_articulo`
  MODIFY `id` bigint(20) NOT NULL AUTO_INCREMENT, AUTO_INCREMENT=12;

--
-- AUTO_INCREMENT de la tabla `asignacion_usuarios_pqrs`
--
ALTER TABLE `asignacion_usuarios_pqrs`
  MODIFY `id` bigint(20) NOT NULL AUTO_INCREMENT, AUTO_INCREMENT=18;

--
-- AUTO_INCREMENT de la tabla `asignar_turno`
--
ALTER TABLE `asignar_turno`
  MODIFY `id` bigint(20) NOT NULL AUTO_INCREMENT, AUTO_INCREMENT=709;

--
-- AUTO_INCREMENT de la tabla `asignar_turno_vendedor`
--
ALTER TABLE `asignar_turno_vendedor`
  MODIFY `id` bigint(20) NOT NULL AUTO_INCREMENT, AUTO_INCREMENT=1457;

--
-- AUTO_INCREMENT de la tabla `categoria`
--
ALTER TABLE `categoria`
  MODIFY `id` bigint(20) NOT NULL AUTO_INCREMENT, AUTO_INCREMENT=10;

--
-- AUTO_INCREMENT de la tabla `chat_remitente`
--
ALTER TABLE `chat_remitente`
  MODIFY `id` bigint(20) NOT NULL AUTO_INCREMENT;

--
-- AUTO_INCREMENT de la tabla `cliente_sc`
--
ALTER TABLE `cliente_sc`
  MODIFY `id` bigint(20) NOT NULL AUTO_INCREMENT, AUTO_INCREMENT=16;

--
-- AUTO_INCREMENT de la tabla `compras`
--
ALTER TABLE `compras`
  MODIFY `id` bigint(20) NOT NULL AUTO_INCREMENT, AUTO_INCREMENT=20;

--
-- AUTO_INCREMENT de la tabla `configuracion`
--
ALTER TABLE `configuracion`
  MODIFY `id` bigint(20) NOT NULL AUTO_INCREMENT, AUTO_INCREMENT=15;

--
-- AUTO_INCREMENT de la tabla `cotizacion`
--
ALTER TABLE `cotizacion`
  MODIFY `id` bigint(20) NOT NULL AUTO_INCREMENT, AUTO_INCREMENT=159;

--
-- AUTO_INCREMENT de la tabla `cotizacion_pdf`
--
ALTER TABLE `cotizacion_pdf`
  MODIFY `id` bigint(20) NOT NULL AUTO_INCREMENT, AUTO_INCREMENT=235;

--
-- AUTO_INCREMENT de la tabla `detalle_articulo`
--
ALTER TABLE `detalle_articulo`
  MODIFY `id` bigint(20) NOT NULL AUTO_INCREMENT, AUTO_INCREMENT=48;

--
-- AUTO_INCREMENT de la tabla `detalle_solicitud`
--
ALTER TABLE `detalle_solicitud`
  MODIFY `id` bigint(20) NOT NULL AUTO_INCREMENT, AUTO_INCREMENT=78;

--
-- AUTO_INCREMENT de la tabla `elementos_visita`
--
ALTER TABLE `elementos_visita`
  MODIFY `id` bigint(20) NOT NULL AUTO_INCREMENT, AUTO_INCREMENT=12;

--
-- AUTO_INCREMENT de la tabla `eliminacion_turno_vendedor`
--
ALTER TABLE `eliminacion_turno_vendedor`
  MODIFY `id` bigint(20) NOT NULL AUTO_INCREMENT, AUTO_INCREMENT=19;

--
-- AUTO_INCREMENT de la tabla `escala_solicitud`
--
ALTER TABLE `escala_solicitud`
  MODIFY `id` bigint(20) NOT NULL AUTO_INCREMENT, AUTO_INCREMENT=6;

--
-- AUTO_INCREMENT de la tabla `estado`
--
ALTER TABLE `estado`
  MODIFY `id` bigint(20) NOT NULL AUTO_INCREMENT, AUTO_INCREMENT=85;

--
-- AUTO_INCREMENT de la tabla `firmas`
--
ALTER TABLE `firmas`
  MODIFY `id` bigint(20) NOT NULL AUTO_INCREMENT, AUTO_INCREMENT=4;

--
-- AUTO_INCREMENT de la tabla `gestion_proceso`
--
ALTER TABLE `gestion_proceso`
  MODIFY `id` bigint(20) NOT NULL AUTO_INCREMENT, AUTO_INCREMENT=14;

--
-- AUTO_INCREMENT de la tabla `historial_articulo`
--
ALTER TABLE `historial_articulo`
  MODIFY `id` bigint(20) NOT NULL AUTO_INCREMENT, AUTO_INCREMENT=33;

--
-- AUTO_INCREMENT de la tabla `historial_solicitudes`
--
ALTER TABLE `historial_solicitudes`
  MODIFY `id` bigint(20) NOT NULL AUTO_INCREMENT, AUTO_INCREMENT=234;

--
-- AUTO_INCREMENT de la tabla `ingreso_personal_empresa`
--
ALTER TABLE `ingreso_personal_empresa`
  MODIFY `id` bigint(20) NOT NULL AUTO_INCREMENT, AUTO_INCREMENT=13;

--
-- AUTO_INCREMENT de la tabla `inventario`
--
ALTER TABLE `inventario`
  MODIFY `id` bigint(20) NOT NULL AUTO_INCREMENT, AUTO_INCREMENT=8;

--
-- AUTO_INCREMENT de la tabla `jerarquia`
--
ALTER TABLE `jerarquia`
  MODIFY `id` bigint(20) NOT NULL AUTO_INCREMENT, AUTO_INCREMENT=13;

--
-- AUTO_INCREMENT de la tabla `matriz_necesidad`
--
ALTER TABLE `matriz_necesidad`
  MODIFY `id` bigint(20) NOT NULL AUTO_INCREMENT, AUTO_INCREMENT=23;

--
-- AUTO_INCREMENT de la tabla `matriz_necesidad_detalle`
--
ALTER TABLE `matriz_necesidad_detalle`
  MODIFY `id` bigint(20) NOT NULL AUTO_INCREMENT, AUTO_INCREMENT=20;

--
-- AUTO_INCREMENT de la tabla `medios_radiacion`
--
ALTER TABLE `medios_radiacion`
  MODIFY `id` bigint(20) NOT NULL AUTO_INCREMENT, AUTO_INCREMENT=3;

--
-- AUTO_INCREMENT de la tabla `modulo`
--
ALTER TABLE `modulo`
  MODIFY `id` bigint(20) NOT NULL AUTO_INCREMENT, AUTO_INCREMENT=68;

--
-- AUTO_INCREMENT de la tabla `motivo_solicitud`
--
ALTER TABLE `motivo_solicitud`
  MODIFY `id` bigint(20) NOT NULL AUTO_INCREMENT, AUTO_INCREMENT=9;

--
-- AUTO_INCREMENT de la tabla `movimiento_compras_inventario`
--
ALTER TABLE `movimiento_compras_inventario`
  MODIFY `id` bigint(20) NOT NULL AUTO_INCREMENT, AUTO_INCREMENT=116;

--
-- AUTO_INCREMENT de la tabla `novedades`
--
ALTER TABLE `novedades`
  MODIFY `id` bigint(20) NOT NULL AUTO_INCREMENT, AUTO_INCREMENT=29;

--
-- AUTO_INCREMENT de la tabla `opciones_visita`
--
ALTER TABLE `opciones_visita`
  MODIFY `id` bigint(20) NOT NULL AUTO_INCREMENT, AUTO_INCREMENT=12;

--
-- AUTO_INCREMENT de la tabla `opcion_articulo_baja`
--
ALTER TABLE `opcion_articulo_baja`
  MODIFY `id` bigint(20) NOT NULL AUTO_INCREMENT, AUTO_INCREMENT=3;

--
-- AUTO_INCREMENT de la tabla `orden_compra`
--
ALTER TABLE `orden_compra`
  MODIFY `id` bigint(20) NOT NULL AUTO_INCREMENT, AUTO_INCREMENT=25;

--
-- AUTO_INCREMENT de la tabla `presupuesto_venta_mensual`
--
ALTER TABLE `presupuesto_venta_mensual`
  MODIFY `id` bigint(20) NOT NULL AUTO_INCREMENT, AUTO_INCREMENT=12;

--
-- AUTO_INCREMENT de la tabla `proceso`
--
ALTER TABLE `proceso`
  MODIFY `id` bigint(20) NOT NULL AUTO_INCREMENT, AUTO_INCREMENT=13;

--
-- AUTO_INCREMENT de la tabla `proveedor`
--
ALTER TABLE `proveedor`
  MODIFY `id` bigint(20) NOT NULL AUTO_INCREMENT, AUTO_INCREMENT=5;

--
-- AUTO_INCREMENT de la tabla `raspas`
--
ALTER TABLE `raspas`
  MODIFY `id` bigint(20) NOT NULL AUTO_INCREMENT, AUTO_INCREMENT=32;

--
-- AUTO_INCREMENT de la tabla `recordatorio`
--
ALTER TABLE `recordatorio`
  MODIFY `id` bigint(20) NOT NULL AUTO_INCREMENT, AUTO_INCREMENT=3;

--
-- AUTO_INCREMENT de la tabla `registro_correo`
--
ALTER TABLE `registro_correo`
  MODIFY `id` bigint(20) NOT NULL AUTO_INCREMENT, AUTO_INCREMENT=40;

--
-- AUTO_INCREMENT de la tabla `rol`
--
ALTER TABLE `rol`
  MODIFY `id` bigint(20) NOT NULL AUTO_INCREMENT, AUTO_INCREMENT=19;

--
-- AUTO_INCREMENT de la tabla `sedes`
--
ALTER TABLE `sedes`
  MODIFY `id` bigint(20) NOT NULL AUTO_INCREMENT, AUTO_INCREMENT=5;

--
-- AUTO_INCREMENT de la tabla `siga_raspas`
--
ALTER TABLE `siga_raspas`
  MODIFY `id` bigint(20) NOT NULL AUTO_INCREMENT, AUTO_INCREMENT=283974;

--
-- AUTO_INCREMENT de la tabla `solicitud`
--
ALTER TABLE `solicitud`
  MODIFY `id` bigint(20) NOT NULL AUTO_INCREMENT, AUTO_INCREMENT=150;

--
-- AUTO_INCREMENT de la tabla `solicitud_bajas_articulos`
--
ALTER TABLE `solicitud_bajas_articulos`
  MODIFY `id` bigint(20) NOT NULL AUTO_INCREMENT, AUTO_INCREMENT=6;

--
-- AUTO_INCREMENT de la tabla `solicitud_sc`
--
ALTER TABLE `solicitud_sc`
  MODIFY `id` bigint(20) NOT NULL AUTO_INCREMENT, AUTO_INCREMENT=138;

--
-- AUTO_INCREMENT de la tabla `soporte_sc`
--
ALTER TABLE `soporte_sc`
  MODIFY `id` bigint(20) NOT NULL AUTO_INCREMENT, AUTO_INCREMENT=108;

--
-- AUTO_INCREMENT de la tabla `sub_proceso`
--
ALTER TABLE `sub_proceso`
  MODIFY `id` bigint(20) NOT NULL AUTO_INCREMENT, AUTO_INCREMENT=2;

--
-- AUTO_INCREMENT de la tabla `tipos_procesos`
--
ALTER TABLE `tipos_procesos`
  MODIFY `id` bigint(20) NOT NULL AUTO_INCREMENT, AUTO_INCREMENT=8;

--
-- AUTO_INCREMENT de la tabla `tipo_activo`
--
ALTER TABLE `tipo_activo`
  MODIFY `id` bigint(20) NOT NULL AUTO_INCREMENT, AUTO_INCREMENT=5;

--
-- AUTO_INCREMENT de la tabla `tipo_documento`
--
ALTER TABLE `tipo_documento`
  MODIFY `id` bigint(20) NOT NULL AUTO_INCREMENT, AUTO_INCREMENT=27;

--
-- AUTO_INCREMENT de la tabla `tipo_necesidad`
--
ALTER TABLE `tipo_necesidad`
  MODIFY `id` bigint(20) NOT NULL AUTO_INCREMENT, AUTO_INCREMENT=3;

--
-- AUTO_INCREMENT de la tabla `tipo_novedades`
--
ALTER TABLE `tipo_novedades`
  MODIFY `id` bigint(20) NOT NULL AUTO_INCREMENT, AUTO_INCREMENT=9;

--
-- AUTO_INCREMENT de la tabla `tipo_servicio`
--
ALTER TABLE `tipo_servicio`
  MODIFY `id` bigint(20) NOT NULL AUTO_INCREMENT, AUTO_INCREMENT=6;

--
-- AUTO_INCREMENT de la tabla `tipo_turno`
--
ALTER TABLE `tipo_turno`
  MODIFY `id` bigint(20) NOT NULL AUTO_INCREMENT, AUTO_INCREMENT=10;

--
-- AUTO_INCREMENT de la tabla `turnos`
--
ALTER TABLE `turnos`
  MODIFY `id` bigint(20) NOT NULL AUTO_INCREMENT, AUTO_INCREMENT=92;

--
-- AUTO_INCREMENT de la tabla `usuario`
--
ALTER TABLE `usuario`
  MODIFY `id` bigint(20) NOT NULL AUTO_INCREMENT, AUTO_INCREMENT=39;

--
-- AUTO_INCREMENT de la tabla `usuarios_administracion`
--
ALTER TABLE `usuarios_administracion`
  MODIFY `id` bigint(20) NOT NULL AUTO_INCREMENT, AUTO_INCREMENT=111;

--
-- AUTO_INCREMENT de la tabla `visitas`
--
ALTER TABLE `visitas`
  MODIFY `id` bigint(20) NOT NULL AUTO_INCREMENT, AUTO_INCREMENT=122;

--
-- AUTO_INCREMENT de la tabla `visita_detalle`
--
ALTER TABLE `visita_detalle`
  MODIFY `id` bigint(20) NOT NULL AUTO_INCREMENT, AUTO_INCREMENT=156;

--
-- Restricciones para tablas volcadas
--

--
-- Filtros para la tabla `accesos`
--
ALTER TABLE `accesos`
  ADD CONSTRAINT `FKbndoj8gtn2jr54nya68h41y6` FOREIGN KEY (`id_rol`) REFERENCES `rol` (`id`),
  ADD CONSTRAINT `FKsb40posxm2ql4x5v7t2q8vmp0` FOREIGN KEY (`id_modulo`) REFERENCES `modulo` (`id`);

--
-- Filtros para la tabla `archivo_solicitud`
--
ALTER TABLE `archivo_solicitud`
  ADD CONSTRAINT `FKdvd03krtnjxsccjt6ujg6q8kq` FOREIGN KEY (`id_solicitudsc`) REFERENCES `solicitud_sc` (`id`);

--
-- Filtros para la tabla `articulos`
--
ALTER TABLE `articulos`
  ADD CONSTRAINT `FK1vyltp3vft3shsxv1u0y86qnw` FOREIGN KEY (`id_categoria`) REFERENCES `categoria` (`id`),
  ADD CONSTRAINT `FK3tbi6hyytukcr8r3wyji0wa78` FOREIGN KEY (`id_estado`) REFERENCES `estado` (`id`);

--
-- Filtros para la tabla `articulos_baja`
--
ALTER TABLE `articulos_baja`
  ADD CONSTRAINT `FK70ry6rx49owa0yvxvvt8ecub` FOREIGN KEY (`id_solicitud_baja`) REFERENCES `solicitud_bajas_articulos` (`id`),
  ADD CONSTRAINT `FKd6his7dl2s21nolqrvm7vyp7t` FOREIGN KEY (`id_opcion_baja`) REFERENCES `opcion_articulo_baja` (`id`),
  ADD CONSTRAINT `FKn8x9nret5yc3r3f37irywvng5` FOREIGN KEY (`id_detalle_articulo`) REFERENCES `detalle_articulo` (`id`),
  ADD CONSTRAINT `FKp934s63o5dt9l1buae8md03xw` FOREIGN KEY (`id_estado`) REFERENCES `estado` (`id`);

--
-- Filtros para la tabla `asignaciones_articulos`
--
ALTER TABLE `asignaciones_articulos`
  ADD CONSTRAINT `FK6rpvey94q5unmpgggltd7tatm` FOREIGN KEY (`id_estado`) REFERENCES `estado` (`id`),
  ADD CONSTRAINT `FKekelhasrvhojce9dxmrbeum37` FOREIGN KEY (`id_detalle_articulo`) REFERENCES `detalle_articulo` (`id`),
  ADD CONSTRAINT `FKsel3f0yy4mujscf7m1mbu6bk9` FOREIGN KEY (`id_asignaciones_procesos`) REFERENCES `asignaciones_procesos` (`id`);

--
-- Filtros para la tabla `asignaciones_procesos`
--
ALTER TABLE `asignaciones_procesos`
  ADD CONSTRAINT `FKbppywrbqi6m3we0l5am2b9ol8` FOREIGN KEY (`id_tipos_procesos`) REFERENCES `tipos_procesos` (`id`),
  ADD CONSTRAINT `FKswv3r3hugrj9bvywvlxcp79vs` FOREIGN KEY (`id_usuario`) REFERENCES `usuario` (`id`);

--
-- Filtros para la tabla `asignacion_punto_venta_articulo`
--
ALTER TABLE `asignacion_punto_venta_articulo`
  ADD CONSTRAINT `FK8y2afl1dreqduqg1ihi53riql` FOREIGN KEY (`id_asignaciones_articulos`) REFERENCES `asignaciones_articulos` (`id`);

--
-- Filtros para la tabla `asignacion_usuarios_pqrs`
--
ALTER TABLE `asignacion_usuarios_pqrs`
  ADD CONSTRAINT `FKj4lrcbt1grg7fux4qweh5pyix` FOREIGN KEY (`id_area`) REFERENCES `area` (`id`),
  ADD CONSTRAINT `FKss07tr51oa6cbuh6vf3mh5jpx` FOREIGN KEY (`id_usuario`) REFERENCES `usuario` (`id`);

--
-- Filtros para la tabla `asignar_turno`
--
ALTER TABLE `asignar_turno`
  ADD CONSTRAINT `FKbt36fs1bkp1d0wg9cggdkkb35` FOREIGN KEY (`id_estado`) REFERENCES `estado` (`id`),
  ADD CONSTRAINT `FKjiuyxnft9v5pctoxi65t5qf5h` FOREIGN KEY (`id_turnos`) REFERENCES `turnos` (`id`);

--
-- Filtros para la tabla `asignar_turno_vendedor`
--
ALTER TABLE `asignar_turno_vendedor`
  ADD CONSTRAINT `FK9trta5yufhhtv7785bid2rybg` FOREIGN KEY (`id_turno`) REFERENCES `turnos` (`id`);

--
-- Filtros para la tabla `categoria`
--
ALTER TABLE `categoria`
  ADD CONSTRAINT `FK5tat7c70ie82p2m4ucoyw8rxn` FOREIGN KEY (`id_estado`) REFERENCES `estado` (`id`);

--
-- Filtros para la tabla `chat_remitente`
--
ALTER TABLE `chat_remitente`
  ADD CONSTRAINT `FK7gkxsgpxtua9hrgb42vv5d79l` FOREIGN KEY (`id_usuario_recibe`) REFERENCES `usuario` (`id`),
  ADD CONSTRAINT `FKmdrbilsnnhj1s59n5b3rig8hy` FOREIGN KEY (`id_usuario_envia`) REFERENCES `usuario` (`id`),
  ADD CONSTRAINT `FKq1k9r0keojthxupn40tup69iy` FOREIGN KEY (`id_solicitud_sc`) REFERENCES `solicitud_sc` (`id`);

--
-- Filtros para la tabla `cliente_sc`
--
ALTER TABLE `cliente_sc`
  ADD CONSTRAINT `FKietrm9bklwdosr2hy7ilmc66i` FOREIGN KEY (`id_tipodocumento`) REFERENCES `tipo_documento` (`id`);

--
-- Filtros para la tabla `compras`
--
ALTER TABLE `compras`
  ADD CONSTRAINT `FK56ccwtubdpnumrh1kts6uxwbw` FOREIGN KEY (`id_usuario`) REFERENCES `usuario` (`id`),
  ADD CONSTRAINT `FKrwl4dlj95u609hgx6i6r4ae7k` FOREIGN KEY (`id_articulo`) REFERENCES `articulos` (`id`);

--
-- Filtros para la tabla `cotizacion`
--
ALTER TABLE `cotizacion`
  ADD CONSTRAINT `FK4unxf51x8j75adcdkgn9gluud` FOREIGN KEY (`id_estado`) REFERENCES `estado` (`id`),
  ADD CONSTRAINT `FKhwb4glclpphjmlpb8r85ih41b` FOREIGN KEY (`id_usuario`) REFERENCES `estado` (`id`),
  ADD CONSTRAINT `FKmda681sn080ri3yino6agw933` FOREIGN KEY (`id_solicitud`) REFERENCES `solicitud` (`id`),
  ADD CONSTRAINT `FKuloekmc6fpfvetvkgl9emtrw` FOREIGN KEY (`id_usuario`) REFERENCES `usuario` (`id`);

--
-- Filtros para la tabla `cotizacion_pdf`
--
ALTER TABLE `cotizacion_pdf`
  ADD CONSTRAINT `FKip47u2yvu34wveaku6ltija4d` FOREIGN KEY (`id_estado`) REFERENCES `estado` (`id`),
  ADD CONSTRAINT `FKrkh0jcq5bebuu1t69mi8y21gp` FOREIGN KEY (`id_cotizacion`) REFERENCES `cotizacion` (`id`);

--
-- Filtros para la tabla `detalle_articulo`
--
ALTER TABLE `detalle_articulo`
  ADD CONSTRAINT `FK8e31qsorvycewwhc2qt3i5fmc` FOREIGN KEY (`id_articulo`) REFERENCES `articulos` (`id`),
  ADD CONSTRAINT `FKdh5o8vcjsp4t9y82lm7ckl42m` FOREIGN KEY (`id_estado`) REFERENCES `estado` (`id`),
  ADD CONSTRAINT `FKi0tc7p3mmhgf3jhjj50m3xbr` FOREIGN KEY (`id_tipo_activo`) REFERENCES `tipo_activo` (`id`),
  ADD CONSTRAINT `FKmsgk767d3pkivsbn2sv85u2m5` FOREIGN KEY (`id_usuario`) REFERENCES `usuario` (`id`);

--
-- Filtros para la tabla `detalle_solicitud`
--
ALTER TABLE `detalle_solicitud`
  ADD CONSTRAINT `FK4vx8jruvld51poj3m9hsgcsqm` FOREIGN KEY (`id_articulos`) REFERENCES `articulos` (`id`),
  ADD CONSTRAINT `FKfy8o2ojglirv4t23s6nc6j4je` FOREIGN KEY (`id_solicitud`) REFERENCES `solicitud` (`id`),
  ADD CONSTRAINT `FKpfmb7ydgvfpjnayy39savuo5h` FOREIGN KEY (`id_estado`) REFERENCES `estado` (`id`);

--
-- Filtros para la tabla `eliminacion_turno_vendedor`
--
ALTER TABLE `eliminacion_turno_vendedor`
  ADD CONSTRAINT `FKnl3l31sg9qcc3bvm7urg6p2yl` FOREIGN KEY (`id_usuario`) REFERENCES `usuario` (`id`),
  ADD CONSTRAINT `FKsyoy6fkmcxawot8vy3mpficl6` FOREIGN KEY (`id_asignar_turno_vendedor`) REFERENCES `asignar_turno_vendedor` (`id`);

--
-- Filtros para la tabla `estado`
--
ALTER TABLE `estado`
  ADD CONSTRAINT `FKxomsuvbw1udv00sl5cti0638` FOREIGN KEY (`id_modulo`) REFERENCES `modulo` (`id`);

--
-- Filtros para la tabla `firmas`
--
ALTER TABLE `firmas`
  ADD CONSTRAINT `FKqm4gqmtnx9mtovlg0qg1xd0gs` FOREIGN KEY (`id_usuario`) REFERENCES `usuario` (`id`);

--
-- Filtros para la tabla `gestion_proceso`
--
ALTER TABLE `gestion_proceso`
  ADD CONSTRAINT `FKe8j384gg5scg1bkmxy5fd1wq2` FOREIGN KEY (`id_usuario`) REFERENCES `usuario` (`id`),
  ADD CONSTRAINT `FKf6o4j5mxna4c5m8nocc5tkrwo` FOREIGN KEY (`id_estado`) REFERENCES `estado` (`id`),
  ADD CONSTRAINT `FKtyhopl12fy64dyelgdo5p9lk` FOREIGN KEY (`id_proceso`) REFERENCES `proceso` (`id`),
  ADD CONSTRAINT `FKy11xl4uffiyrwb7n4woavs2v` FOREIGN KEY (`id_detalle_solicitud`) REFERENCES `detalle_solicitud` (`id`);

--
-- Filtros para la tabla `historial_articulo`
--
ALTER TABLE `historial_articulo`
  ADD CONSTRAINT `FKgk4dmxgjnxtg4tk72vnnrl4tn` FOREIGN KEY (`id_usuario`) REFERENCES `usuario` (`id`),
  ADD CONSTRAINT `FKk147qtrd1j638dj3k985y4wv3` FOREIGN KEY (`id_detalle_articulo`) REFERENCES `detalle_articulo` (`id`);

--
-- Filtros para la tabla `historial_solicitudes`
--
ALTER TABLE `historial_solicitudes`
  ADD CONSTRAINT `FKbhw6ovgntabc4ve8qypcjjttb` FOREIGN KEY (`id_estado`) REFERENCES `estado` (`id`),
  ADD CONSTRAINT `FKj7miwf41evttn48vlinuclglh` FOREIGN KEY (`id_solicitud_sc`) REFERENCES `solicitud_sc` (`id`),
  ADD CONSTRAINT `FKmplln75j8punhxbugv2s4onbu` FOREIGN KEY (`id_usuario`) REFERENCES `usuario` (`id`);

--
-- Filtros para la tabla `ingreso_personal_empresa`
--
ALTER TABLE `ingreso_personal_empresa`
  ADD CONSTRAINT `FK3l3qarp5cht0v8bx2ke7n6nfp` FOREIGN KEY (`id_tipo_documento`) REFERENCES `tipo_documento` (`id`),
  ADD CONSTRAINT `FKhh6xfvm2exh24gy0c98hgwtb8` FOREIGN KEY (`id_sedes`) REFERENCES `sedes` (`id`),
  ADD CONSTRAINT `FKlccvh1s8byamim1xqfcr1tboi` FOREIGN KEY (`id_estado`) REFERENCES `estado` (`id`),
  ADD CONSTRAINT `FKqcxwiasuh731b0ru9fjheynlj` FOREIGN KEY (`id_area`) REFERENCES `area` (`id`);

--
-- Filtros para la tabla `inventario`
--
ALTER TABLE `inventario`
  ADD CONSTRAINT `FK8n302h1cwgqd698xnk111x5nh` FOREIGN KEY (`id_detalle_articulo`) REFERENCES `detalle_articulo` (`id`),
  ADD CONSTRAINT `FKek5g7176do5g6bsrayytq8n9b` FOREIGN KEY (`id_usuario`) REFERENCES `usuario` (`id`);

--
-- Filtros para la tabla `matriz_necesidad`
--
ALTER TABLE `matriz_necesidad`
  ADD CONSTRAINT `FK2l2plpell93gtdl7jnspnw8fv` FOREIGN KEY (`id_sub_proceso`) REFERENCES `sub_proceso` (`id`),
  ADD CONSTRAINT `FK928ulf4h6jr1cfppyetvmys44` FOREIGN KEY (`id_tipo_necesidad`) REFERENCES `tipo_necesidad` (`id`);

--
-- Filtros para la tabla `matriz_necesidad_detalle`
--
ALTER TABLE `matriz_necesidad_detalle`
  ADD CONSTRAINT `FKi06hg25l7wvs7yaw03gvbfibi` FOREIGN KEY (`id_matriz_necesidad`) REFERENCES `matriz_necesidad` (`id`);

--
-- Filtros para la tabla `motivo_solicitud`
--
ALTER TABLE `motivo_solicitud`
  ADD CONSTRAINT `FKdt64alwhee3h0tgsqyhire9h` FOREIGN KEY (`id_area`) REFERENCES `area` (`id`);

--
-- Filtros para la tabla `movimiento_compras_inventario`
--
ALTER TABLE `movimiento_compras_inventario`
  ADD CONSTRAINT `FKbawb2967iyoxqghkfcxewj1vo` FOREIGN KEY (`id_articulo`) REFERENCES `articulos` (`id`);

--
-- Filtros para la tabla `novedades`
--
ALTER TABLE `novedades`
  ADD CONSTRAINT `FK71fs3gd1gl9pnb5h1q9dmv01d` FOREIGN KEY (`id_asignar_turno_vendedor`) REFERENCES `asignar_turno_vendedor` (`id`),
  ADD CONSTRAINT `FK8sp5stxp5jqmucb92kqsly92y` FOREIGN KEY (`id_tipo_novedad`) REFERENCES `tipo_novedades` (`id`),
  ADD CONSTRAINT `FK9qp2v8m51ctk5vg0cng63g0s2` FOREIGN KEY (`id_usuario`) REFERENCES `usuario` (`id`);

--
-- Filtros para la tabla `orden_compra`
--
ALTER TABLE `orden_compra`
  ADD CONSTRAINT `FKgi7cv706aoc1w77kfceyim0lm` FOREIGN KEY (`id_usuario`) REFERENCES `usuario` (`id`),
  ADD CONSTRAINT `FKj4fstmntgeofinrvcf097fq4h` FOREIGN KEY (`id_estado`) REFERENCES `estado` (`id`),
  ADD CONSTRAINT `FKpgp1ooe3wmycq29kdj6qydybp` FOREIGN KEY (`id_proveedor`) REFERENCES `proveedor` (`id`),
  ADD CONSTRAINT `FKt9sicf2e07bo08287a0e4646o` FOREIGN KEY (`id_solicitud`) REFERENCES `solicitud` (`id`);

--
-- Filtros para la tabla `proceso`
--
ALTER TABLE `proceso`
  ADD CONSTRAINT `FK6hdb119gdp4sb2cvujv2tfjkg` FOREIGN KEY (`id_categoria`) REFERENCES `categoria` (`id`),
  ADD CONSTRAINT `FKi9n7mri50d8rokrt14377ipcr` FOREIGN KEY (`id_usuario`) REFERENCES `usuario` (`id`);

--
-- Filtros para la tabla `proveedor`
--
ALTER TABLE `proveedor`
  ADD CONSTRAINT `FK1dk6aey9myu0nxl9w4cvwcqm0` FOREIGN KEY (`id_tipo_documento`) REFERENCES `tipo_documento` (`id`),
  ADD CONSTRAINT `FKbj0ehqnftlnlqmyspn126ixfb` FOREIGN KEY (`id_estado`) REFERENCES `estado` (`id`);

--
-- Filtros para la tabla `registro_correo`
--
ALTER TABLE `registro_correo`
  ADD CONSTRAINT `FK6rvnodidt5xwwus2bdubcnnu7` FOREIGN KEY (`id_usuario`) REFERENCES `usuario` (`id`);

--
-- Filtros para la tabla `rol`
--
ALTER TABLE `rol`
  ADD CONSTRAINT `FK1hctxy819hcrw5pmkgxqhtujm` FOREIGN KEY (`id_jerarquia`) REFERENCES `jerarquia` (`id`),
  ADD CONSTRAINT `FK80hduj4jn6rqkuj60uhcj4ork` FOREIGN KEY (`id_estado`) REFERENCES `estado` (`id`);

--
-- Filtros para la tabla `solicitud`
--
ALTER TABLE `solicitud`
  ADD CONSTRAINT `FK8c8blsv5kyyf2x73d2w2sde8s` FOREIGN KEY (`id_estado`) REFERENCES `estado` (`id`),
  ADD CONSTRAINT `FKnm4y7w49isl37c27aq2fmos5t` FOREIGN KEY (`id_usuario`) REFERENCES `usuario` (`id`);

--
-- Filtros para la tabla `solicitud_bajas_articulos`
--
ALTER TABLE `solicitud_bajas_articulos`
  ADD CONSTRAINT `FKi5v5hkg5olw0xu5293576gblu` FOREIGN KEY (`id_usuario`) REFERENCES `usuario` (`id`),
  ADD CONSTRAINT `FKijdg9mal3qfxdm9xltl9otcke` FOREIGN KEY (`id_estado`) REFERENCES `estado` (`id`);

--
-- Filtros para la tabla `solicitud_sc`
--
ALTER TABLE `solicitud_sc`
  ADD CONSTRAINT `FK4bq8ubytifjqtno5g4vjdocmc` FOREIGN KEY (`id_escala`) REFERENCES `escala_solicitud` (`id`),
  ADD CONSTRAINT `FK5vmwv9uhoy93lx1pfp5lfxkkn` FOREIGN KEY (`id_estado`) REFERENCES `estado` (`id`),
  ADD CONSTRAINT `FK69eidtn009igscj9ymf7meacr` FOREIGN KEY (`id_cliente_sc`) REFERENCES `cliente_sc` (`id`),
  ADD CONSTRAINT `FKh6g3iwqnnykrc3j1oosbdbdyv` FOREIGN KEY (`id_tipo_servicio`) REFERENCES `tipo_servicio` (`id`),
  ADD CONSTRAINT `FKl0a22c40mmo2osrs0t73b0oio` FOREIGN KEY (`id_motivo_solicitud`) REFERENCES `motivo_solicitud` (`id`);

--
-- Filtros para la tabla `soporte_sc`
--
ALTER TABLE `soporte_sc`
  ADD CONSTRAINT `FK5m9ns79b621c20bfsjftg4kne` FOREIGN KEY (`id_solicitud_sc`) REFERENCES `solicitud_sc` (`id`),
  ADD CONSTRAINT `FKb1nto3cmq4aksedvjxhb6fj4i` FOREIGN KEY (`id_usuario`) REFERENCES `usuario` (`id`),
  ADD CONSTRAINT `FKjacnoloac79673sf4w3ja7cmi` FOREIGN KEY (`id_historial`) REFERENCES `historial_solicitudes` (`id`);

--
-- Filtros para la tabla `sub_proceso`
--
ALTER TABLE `sub_proceso`
  ADD CONSTRAINT `FK6pk31bqiw233qwlx97krvse69` FOREIGN KEY (`id_tipo_proceso`) REFERENCES `tipos_procesos` (`id`);

--
-- Filtros para la tabla `tipo_documento`
--
ALTER TABLE `tipo_documento`
  ADD CONSTRAINT `FKth7xkhbcr6jgp19vo7w23t8rq` FOREIGN KEY (`id_estado`) REFERENCES `estado` (`id`);

--
-- Filtros para la tabla `tipo_turno`
--
ALTER TABLE `tipo_turno`
  ADD CONSTRAINT `FKbqq3ylf25e244vp6dsxlir1n9` FOREIGN KEY (`id_estado`) REFERENCES `estado` (`id`);

--
-- Filtros para la tabla `turnos`
--
ALTER TABLE `turnos`
  ADD CONSTRAINT `FK6fcoepmegcnvs3xdd8qfx80yc` FOREIGN KEY (`id_tipo_turno`) REFERENCES `tipo_turno` (`id`),
  ADD CONSTRAINT `FKd4ied1atbmv8q4269m6b3o6mu` FOREIGN KEY (`id_estado`) REFERENCES `estado` (`id`);

--
-- Filtros para la tabla `usuario`
--
ALTER TABLE `usuario`
  ADD CONSTRAINT `FKmyv3138vvci6kaq3y5kt4cntu` FOREIGN KEY (`id_rol`) REFERENCES `rol` (`id`),
  ADD CONSTRAINT `FKoi2e3mgfjvia6vuw1s5dh88t2` FOREIGN KEY (`id_estado`) REFERENCES `estado` (`id`),
  ADD CONSTRAINT `FKorm9t49xdxywbjk5b8tddwuk6` FOREIGN KEY (`id_tipodocumento`) REFERENCES `tipo_documento` (`id`);

--
-- Filtros para la tabla `usuarios_administracion`
--
ALTER TABLE `usuarios_administracion`
  ADD CONSTRAINT `FK70g2w8qje6p62tvryrhoj2rke` FOREIGN KEY (`id_usuario`) REFERENCES `usuario` (`id`),
  ADD CONSTRAINT `FKrkyq5ciqbjlfuvv0a3borq6q9` FOREIGN KEY (`id_solicitud`) REFERENCES `solicitud` (`id`);

--
-- Filtros para la tabla `visitas`
--
ALTER TABLE `visitas`
  ADD CONSTRAINT `FKjh4a8qb45v0edrq87ob9ing6h` FOREIGN KEY (`id_usuario`) REFERENCES `usuario` (`id`);

--
-- Filtros para la tabla `visita_detalle`
--
ALTER TABLE `visita_detalle`
  ADD CONSTRAINT `FK9umb8ybc8ktavmdbtbm84mk18` FOREIGN KEY (`id_opcionesvisita`) REFERENCES `opciones_visita` (`id`),
  ADD CONSTRAINT `FKag7nlqer7lf19p78ovii5b1lb` FOREIGN KEY (`id_elementosvisita`) REFERENCES `elementos_visita` (`id`),
  ADD CONSTRAINT `FKcfjwttxe9ba2lynhlhbg5npl1` FOREIGN KEY (`id_visitas`) REFERENCES `visitas` (`id`);
COMMIT;

/*!40101 SET CHARACTER_SET_CLIENT=@OLD_CHARACTER_SET_CLIENT */;
/*!40101 SET CHARACTER_SET_RESULTS=@OLD_CHARACTER_SET_RESULTS */;
/*!40101 SET COLLATION_CONNECTION=@OLD_COLLATION_CONNECTION */;
